WARNING:lerobot.configs.policies:Device 'mps' is not available. Switching to 'cuda'.
INFO 2026-07-17 08:44:34 ot_train.py:233 {'batch_size': 8,
 'checkpoint_path': None,
 'cudnn_deterministic': False,
 'dataset': {'depth_output_unit': 'mm',
             'episodes': None,
             'eval_split': 0.0,
             'image_transforms': {'enable': False,
                                  'max_num_transforms': 3,
                                  'random_order': False,
                                  'tfs': {'affine': {'kwargs': {'degrees': [-5.0,
                                                                            5.0],
                                                                'translate': [0.05,
                                                                              0.05]},
                                                     'type': 'RandomAffine',
                                                     'weight': 1.0},
                                          'brightness': {'kwargs': {'brightness': [0.8,
                                                                                   1.2]},
                                                         'type': 'ColorJitter',
                                                         'weight': 1.0},
                                          'contrast': {'kwargs': {'contrast': [0.8,
                                                                               1.2]},
                                                       'type': 'ColorJitter',
                                                       'weight': 1.0},
                                          'hue': {'kwargs': {'hue': [-0.05,
                                                                     0.05]},
                                                  'type': 'ColorJitter',
                                                  'weight': 1.0},
                                          'saturation': {'kwargs': {'saturation': [0.5,
                                                                                   1.5]},
                                                         'type': 'ColorJitter',
                                                         'weight': 1.0},
                                          'sharpness': {'kwargs': {'sharpness': [0.5,
                                                                                 1.5]},
                                                        'type': 'SharpnessJitter',
                                                        'weight': 1.0}}},
             'repo_id': 'scenesmith/t20-42-r0-anchor-grasp-train',
             'return_uint8': True,
             'revision': None,
             'root': '/home/shadeform/sim-link-f1/inputs/r0_dataset',
             'streaming': False,
             'use_imagenet_stats': True,
             'video_backend': 'pyav'},
 'env': None,
 'env_eval_freq': 0,
 'eval': {'batch_size': 11,
          'n_episodes': 50,
          'recording': False,
          'recording_private': False,
          'recording_repo_id': None,
          'use_async_envs': True},
 'eval_steps': 0,
 'job': {'detach': False,
         'image': 'huggingface/lerobot-gpu:latest',
         'tags': [],
         'target': 'local',
         'timeout': '2d'},
 'job_name': 'f1_pi05_r0_full_5k',
 'log_freq': 10,
 'max_eval_samples': 0,
 'num_workers': 2,
 'optimizer': {'betas': [0.9, 0.95],
               'eps': 1e-08,
               'grad_clip_norm': 1.0,
               'lr': 2.5e-05,
               'type': 'adamw',
               'weight_decay': 0.01},
 'output_dir': '/home/shadeform/sim-link-f1/outputs/training',
 'peft': None,
 'persistent_workers': True,
 'policy': {'action_expert_variant': 'gemma_300m',
            'action_feature_names': None,
            'chunk_size': 50,
            'compile_mode': 'max-autotune',
            'compile_model': True,
            'device': 'cuda',
            'dtype': 'bfloat16',
            'empty_cameras': 0,
            'freeze_vision_encoder': False,
            'gradient_checkpointing': True,
            'image_resolution': [224, 224],
            'input_features': {'observation.images.base_0_rgb': {'shape': [3,
                                                                           224,
                                                                           224],
                                                                 'type': <FeatureType.VISUAL: 'VISUAL'>},
                               'observation.images.left_wrist_0_rgb': {'shape': [3,
                                                                                 224,
                                                                                 224],
                                                                       'type': <FeatureType.VISUAL: 'VISUAL'>},
                               'observation.images.right_wrist_0_rgb': {'shape': [3,
                                                                                  224,
                                                                                  224],
                                                                        'type': <FeatureType.VISUAL: 'VISUAL'>},
                               'observation.state': {'shape': [32],
                                                     'type': <FeatureType.STATE: 'STATE'>}},
            'license': None,
            'max_action_dim': 32,
            'max_period': 4.0,
            'max_state_dim': 32,
            'min_period': 0.004,
            'n_action_steps': 50,
            'n_obs_steps': 1,
            'normalization_mapping': {'ACTION': <NormalizationMode.MEAN_STD: 'MEAN_STD'>,
                                      'STATE': <NormalizationMode.MEAN_STD: 'MEAN_STD'>,
                                      'VISUAL': <NormalizationMode.IDENTITY: 'IDENTITY'>},
            'num_inference_steps': 10,
            'optimizer_betas': [0.9, 0.95],
            'optimizer_eps': 1e-08,
            'optimizer_grad_clip_norm': 1.0,
            'optimizer_lr': 2.5e-05,
            'optimizer_weight_decay': 0.01,
            'output_features': {'action': {'shape': [32],
                                           'type': <FeatureType.ACTION: 'ACTION'>}},
            'paligemma_variant': 'gemma_2b',
            'pretrained_path': '/home/shadeform/sim-link-f1/inputs/pi05_base',
            'pretrained_revision': None,
            'private': None,
            'push_to_hub': False,
            'relative_exclude_joints': ['gripper'],
            'repo_id': None,
            'rtc_config': None,
            'scheduler_decay_lr': 2.5e-06,
            'scheduler_decay_steps': 5000,
            'scheduler_warmup_steps': 1000,
            'tags': None,
            'time_sampling_beta_alpha': 1.5,
            'time_sampling_beta_beta': 1.0,
            'time_sampling_offset': 0.001,
            'time_sampling_scale': 0.999,
            'tokenizer_max_length': 200,
            'train_expert_only': False,
            'type': 'pi05',
            'use_amp': False,
            'use_peft': False,
            'use_relative_actions': False},
 'prefetch_factor': 4,
 'rename_map': {},
 'resume': False,
 'reward_model': None,
 'sample_weighting': None,
 'save_checkpoint': True,
 'save_checkpoint_to_hub': False,
 'save_freq': 1000,
 'scheduler': {'decay_lr': 2.5e-06,
               'num_decay_steps': 5000,
               'num_warmup_steps': 1000,
               'peak_lr': 2.5e-05,
               'type': 'cosine_decay_with_warmup'},
 'seed': 20260717,
 'steps': 5000,
 'tolerance_s': 0.0001,
 'use_policy_training_preset': True,
 'wandb': {'add_tags': True,
           'disable_artifact': False,
           'enable': False,
           'entity': None,
           'mode': None,
           'notes': None,
           'project': 'lerobot',
           'run_id': None}}
INFO 2026-07-17 08:44:34 ot_train.py:241 Logs will be saved locally.
INFO 2026-07-17 08:44:34 ot_train.py:259 Creating dataset
INFO 2026-07-17 08:44:36 ot_train.py:293 Creating policy
INFO 2026-07-17 08:46:32 ing_pi05.py:612 Enabled gradient checkpointing for PI05Pytorch model
WARNING 2026-07-17 08:46:34 ng_pi05.py:1110 Vision embedding key might need handling: paligemma_with_expert.paligemma.model.vision_tower.vision_model.embeddings.patch_embedding.bias
WARNING 2026-07-17 08:46:34 ng_pi05.py:1110 Vision embedding key might need handling: paligemma_with_expert.paligemma.model.vision_tower.vision_model.embeddings.patch_embedding.weight
INFO 2026-07-17 08:46:38 ot_train.py:415 Creating optimizer and scheduler
INFO 2026-07-17 08:46:38 ot_train.py:447 Output dir: /home/shadeform/sim-link-f1/outputs/training
INFO 2026-07-17 08:46:38 ot_train.py:454 cfg.steps=5000 (5K)
INFO 2026-07-17 08:46:38 ot_train.py:455 dataset.num_frames=31366 (31K)
INFO 2026-07-17 08:46:38 ot_train.py:456 dataset.num_episodes=129
INFO 2026-07-17 08:46:38 ot_train.py:459 Effective batch size: 8 x 1 = 8
INFO 2026-07-17 08:46:38 ot_train.py:460 num_learnable_params=4143404816 (4B)
INFO 2026-07-17 08:46:38 ot_train.py:461 num_total_params=4143404816 (4B)
The PI05 model is a direct port of the OpenPI implementation. 
This implementation follows the original OpenPI structure for compatibility. 
Original implementation: https://github.com/Physical-Intelligence/openpi
Loading model from: /home/shadeform/sim-link-f1/inputs/pi05_base
✓ Loaded state dict from model.safetensors
Remapped 812 state dict keys
All keys loaded successfully!
Training:   0%|          | 0/5000 [00:00<?, ?step/s]INFO 2026-07-17 08:46:38 ot_train.py:633 Start offline training on a fixed dataset, with effective batch size: 8
/home/shadeform/sim-link-f1/deps/lerobot/.venv/lib/python3.12/site-packages/torch/_inductor/select_algorithm.py:3686: UserWarning: TypedStorage is deprecated. It will be removed in the future and UntypedStorage will be the only storage class. This should only matter to you if you are using storages directly.  To access UntypedStorage directly, use tensor.untyped_storage() instead of tensor.storage()
  current_out_size = out_base.storage().size()
Autotune Choices Stats:
{"num_choices": 20, "num_triton_choices": 18, "best_kernel": "triton_mm_22", "best_kernel_desc": "ACC_TYPE='tl.float32', ALLOW_TF32=True, BLOCK_K=128, BLOCK_M=16, BLOCK_N=32, EVEN_K=True, GROUP_M=8, USE_FAST_ACCUM=False, num_stages=5, num_warps=2", "best_time": 0.011264000087976456, "best_triton_pos": 0}
AUTOTUNE addmm(8x1024, 8x1024, 1024x1024)
strides: [0, 1], [1024, 1], [1, 1024]
dtypes: torch.bfloat16, torch.bfloat16, torch.bfloat16
  triton_mm_22 0.0113 ms 100.0% ACC_TYPE='tl.float32', ALLOW_TF32=True, BLOCK_K=128, BLOCK_M=16, BLOCK_N=32, EVEN_K=True, GROUP_M=8, USE_FAST_ACCUM=False, num_stages=5, num_warps=2
  triton_mm_26 0.0123 ms 91.7% ACC_TYPE='tl.float32', ALLOW_TF32=True, BLOCK_K=128, BLOCK_M=16, BLOCK_N=64, EVEN_K=True, GROUP_M=8, USE_FAST_ACCUM=False, num_stages=5, num_warps=4
  triton_mm_34 0.0133 ms 84.6% ACC_TYPE='tl.float32', ALLOW_TF32=True, BLOCK_K=64, BLOCK_M=16, BLOCK_N=128, EVEN_K=True, GROUP_M=8, USE_FAST_ACCUM=False, num_stages=5, num_warps=8
  triton_mm_35 0.0133 ms 84.6% ACC_TYPE='tl.float32', ALLOW_TF32=True, BLOCK_K=128, BLOCK_M=16, BLOCK_N=128, EVEN_K=True, GROUP_M=8, USE_FAST_ACCUM=False, num_stages=4, num_warps=8
  triton_mm_21 0.0154 ms 73.3% ACC_TYPE='tl.float32', ALLOW_TF32=True, BLOCK_K=32, BLOCK_M=16, BLOCK_N=32, EVEN_K=True, GROUP_M=8, USE_FAST_ACCUM=False, num_stages=5, num_warps=2
  triton_mm_30 0.0154 ms 73.3% ACC_TYPE='tl.float32', ALLOW_TF32=True, BLOCK_K=128, BLOCK_M=16, BLOCK_N=128, EVEN_K=True, GROUP_M=8, USE_FAST_ACCUM=False, num_stages=4, num_warps=4
  bias_addmm 0.0164 ms 68.8% 
  triton_mm_20 0.0164 ms 68.8% ACC_TYPE='tl.float32', ALLOW_TF32=True, BLOCK_K=32, BLOCK_M=16, BLOCK_N=64, EVEN_K=True, GROUP_M=8, USE_FAST_ACCUM=False, num_stages=5, num_warps=4
  triton_mm_25 0.0164 ms 68.8% ACC_TYPE='tl.float32', ALLOW_TF32=True, BLOCK_K=64, BLOCK_M=16, BLOCK_N=64, EVEN_K=True, GROUP_M=8, USE_FAST_ACCUM=False, num_stages=3, num_warps=4
  triton_mm_32 0.0164 ms 68.8% ACC_TYPE='tl.float32', ALLOW_TF32=True, BLOCK_K=32, BLOCK_M=16, BLOCK_N=64, EVEN_K=True, GROUP_M=8, USE_FAST_ACCUM=False, num_stages=4, num_warps=4
SingleProcess AUTOTUNE benchmarking takes 0.2838 seconds and 0.0003 seconds precompiling for 20 choices
Autotune Choices Stats:
{"num_choices": 20, "num_triton_choices": 18, "best_kernel": "triton_mm_12", "best_kernel_desc": "ACC_TYPE='tl.float32', ALLOW_TF32=True, BLOCK_K=32, BLOCK_M=128, BLOCK_N=64, EVEN_K=True, GROUP_M=8, USE_FAST_ACCUM=False, num_stages=3, num_warps=4", "best_time": 0.008191999979317188, "best_triton_pos": 0}
AUTOTUNE addmm(400x1024, 400x32, 32x1024)
strides: [0, 1], [32, 1], [1, 32]
dtypes: torch.bfloat16, torch.bfloat16, torch.bfloat16
  triton_mm_12 0.0082 ms 100.0% ACC_TYPE='tl.float32', ALLOW_TF32=True, BLOCK_K=32, BLOCK_M=128, BLOCK_N=64, EVEN_K=True, GROUP_M=8, USE_FAST_ACCUM=False, num_stages=3, num_warps=4
  triton_mm_13 0.0082 ms 100.0% ACC_TYPE='tl.float32', ALLOW_TF32=True, BLOCK_K=32, BLOCK_M=128, BLOCK_N=64, EVEN_K=True, GROUP_M=8, USE_FAST_ACCUM=False, num_stages=4, num_warps=8
  triton_mm_3 0.0092 ms 88.9% ACC_TYPE='tl.float32', ALLOW_TF32=True, BLOCK_K=32, BLOCK_M=64, BLOCK_N=32, EVEN_K=True, GROUP_M=8, USE_FAST_ACCUM=False, num_stages=5, num_warps=8
  triton_mm_4 0.0092 ms 88.9% ACC_TYPE='tl.float32', ALLOW_TF32=True, BLOCK_K=32, BLOCK_M=64, BLOCK_N=32, EVEN_K=True, GROUP_M=8, USE_FAST_ACCUM=False, num_stages=5, num_warps=4
  triton_mm_6 0.0092 ms 88.9% ACC_TYPE='tl.float32', ALLOW_TF32=True, BLOCK_K=32, BLOCK_M=64, BLOCK_N=64, EVEN_K=True, GROUP_M=8, USE_FAST_ACCUM=False, num_stages=2, num_warps=4
  triton_mm_7 0.0092 ms 88.9% ACC_TYPE='tl.float32', ALLOW_TF32=True, BLOCK_K=32, BLOCK_M=64, BLOCK_N=64, EVEN_K=True, GROUP_M=8, USE_FAST_ACCUM=False, num_stages=3, num_warps=8
  triton_mm_8 0.0092 ms 88.9% ACC_TYPE='tl.float32', ALLOW_TF32=True, BLOCK_K=32, BLOCK_M=64, BLOCK_N=64, EVEN_K=True, GROUP_M=8, USE_FAST_ACCUM=False, num_stages=5, num_warps=4
  triton_mm_9 0.0092 ms 88.9% ACC_TYPE='tl.float32', ALLOW_TF32=True, BLOCK_K=32, BLOCK_M=64, BLOCK_N=128, EVEN_K=True, GROUP_M=8, USE_FAST_ACCUM=False, num_stages=3, num_warps=4
  triton_mm_11 0.0092 ms 88.9% ACC_TYPE='tl.float32', ALLOW_TF32=True, BLOCK_K=32, BLOCK_M=64, BLOCK_N=128, EVEN_K=True, GROUP_M=8, USE_FAST_ACCUM=False, num_stages=4, num_warps=4
  bias_addmm 0.0102 ms 80.0% 
SingleProcess AUTOTUNE benchmarking takes 0.2819 seconds and 0.0004 seconds precompiling for 20 choices
E0717 08:47:39.666000 13342 sim-link-f1/deps/lerobot/.venv/lib/python3.12/site-packages/torch/_inductor/select_algorithm.py:3924] [3/0] Runtime error during autotuning: 
E0717 08:47:39.666000 13342 sim-link-f1/deps/lerobot/.venv/lib/python3.12/site-packages/torch/_inductor/select_algorithm.py:3924] [3/0] No valid triton configs. OutOfMemoryError: out of resource: triton_mm Required: 196608 Hardware limit:166912 Reducing block sizes or `num_stages` may help.. 
E0717 08:47:39.666000 13342 sim-link-f1/deps/lerobot/.venv/lib/python3.12/site-packages/torch/_inductor/select_algorithm.py:3924] [3/0] Ignoring this choice.
Autotune Choices Stats:
{"num_choices": 21, "num_triton_choices": 20, "best_kernel": "mm", "best_time": 0.2744320034980774, "best_triton_pos": 1, "best_triton_time": 0.28467199206352234, "best_triton_kernel": "triton_mm_71", "best_triton_kernel_desc": "ACC_TYPE='tl.float32', ALLOW_TF32=True, BLOCK_K=64, BLOCK_M=128, BLOCK_N=128, EVEN_K=True, GROUP_M=8, USE_FAST_ACCUM=False, num_stages=3, num_warps=4"}
AUTOTUNE mm(7744x2048, 2048x2048)
strides: [2048, 1], [1, 2048]
dtypes: torch.bfloat16, torch.bfloat16
  mm 0.2744 ms 100.0% 
  triton_mm_71 0.2847 ms 96.4% ACC_TYPE='tl.float32', ALLOW_TF32=True, BLOCK_K=64, BLOCK_M=128, BLOCK_N=128, EVEN_K=True, GROUP_M=8, USE_FAST_ACCUM=False, num_stages=3, num_warps=4
  triton_mm_63 0.3072 ms 89.3% ACC_TYPE='tl.float32', ALLOW_TF32=True, BLOCK_K=32, BLOCK_M=64, BLOCK_N=128, EVEN_K=True, GROUP_M=8, USE_FAST_ACCUM=False, num_stages=3, num_warps=4
  triton_mm_65 0.3164 ms 86.7% ACC_TYPE='tl.float32', ALLOW_TF32=True, BLOCK_K=64, BLOCK_M=64, BLOCK_N=128, EVEN_K=True, GROUP_M=8, USE_FAST_ACCUM=False, num_stages=3, num_warps=4
  triton_mm_70 0.3205 ms 85.6% ACC_TYPE='tl.float32', ALLOW_TF32=True, BLOCK_K=32, BLOCK_M=128, BLOCK_N=128, EVEN_K=True, GROUP_M=8, USE_FAST_ACCUM=False, num_stages=3, num_warps=4
  triton_mm_67 0.3236 ms 84.8% ACC_TYPE='tl.float32', ALLOW_TF32=True, BLOCK_K=32, BLOCK_M=128, BLOCK_N=64, EVEN_K=True, GROUP_M=8, USE_FAST_ACCUM=False, num_stages=3, num_warps=4
  triton_mm_66 0.3697 ms 74.2% ACC_TYPE='tl.float32', ALLOW_TF32=True, BLOCK_K=128, BLOCK_M=64, BLOCK_N=128, EVEN_K=True, GROUP_M=8, USE_FAST_ACCUM=False, num_stages=4, num_warps=4
  triton_mm_64 0.3758 ms 73.0% ACC_TYPE='tl.float32', ALLOW_TF32=True, BLOCK_K=32, BLOCK_M=64, BLOCK_N=128, EVEN_K=True, GROUP_M=8, USE_FAST_ACCUM=False, num_stages=4, num_warps=8
  triton_mm_68 0.3881 ms 70.7% ACC_TYPE='tl.float32', ALLOW_TF32=True, BLOCK_K=32, BLOCK_M=128, BLOCK_N=64, EVEN_K=True, GROUP_M=8, USE_FAST_ACCUM=False, num_stages=4, num_warps=8
  triton_mm_72 0.3881 ms 70.7% ACC_TYPE='tl.float32', ALLOW_TF32=True, BLOCK_K=64, BLOCK_M=128, BLOCK_N=128, EVEN_K=True, GROUP_M=8, USE_FAST_ACCUM=False, num_stages=5, num_warps=8
SingleProcess AUTOTUNE benchmarking takes 0.7325 seconds and 0.0002 seconds precompiling for 21 choices
E0717 08:47:40.074000 13342 sim-link-f1/deps/lerobot/.venv/lib/python3.12/site-packages/torch/_inductor/select_algorithm.py:3924] [3/0] Runtime error during autotuning: 
E0717 08:47:40.074000 13342 sim-link-f1/deps/lerobot/.venv/lib/python3.12/site-packages/torch/_inductor/select_algorithm.py:3924] [3/0] No valid triton configs. OutOfMemoryError: out of resource: triton_mm Required: 196608 Hardware limit:166912 Reducing block sizes or `num_stages` may help.. 
E0717 08:47:40.074000 13342 sim-link-f1/deps/lerobot/.venv/lib/python3.12/site-packages/torch/_inductor/select_algorithm.py:3924] [3/0] Ignoring this choice.
Autotune Choices Stats:
{"num_choices": 21, "num_triton_choices": 20, "best_kernel": "triton_mm_85", "best_kernel_desc": "ACC_TYPE='tl.float32', ALLOW_TF32=True, BLOCK_K=64, BLOCK_M=64, BLOCK_N=128, EVEN_K=True, GROUP_M=8, USE_FAST_ACCUM=False, num_stages=3, num_warps=4", "best_time": 0.058368001133203506, "best_triton_pos": 0}
AUTOTUNE mm(7744x2048, 2048x256)
strides: [2048, 1], [1, 2048]
dtypes: torch.bfloat16, torch.bfloat16
  triton_mm_85 0.0584 ms 100.0% ACC_TYPE='tl.float32', ALLOW_TF32=True, BLOCK_K=64, BLOCK_M=64, BLOCK_N=128, EVEN_K=True, GROUP_M=8, USE_FAST_ACCUM=False, num_stages=3, num_warps=4
  mm 0.0604 ms 96.6% 
  triton_mm_91 0.0645 ms 90.5% ACC_TYPE='tl.float32', ALLOW_TF32=True, BLOCK_K=64, BLOCK_M=128, BLOCK_N=128, EVEN_K=True, GROUP_M=8, USE_FAST_ACCUM=False, num_stages=3, num_warps=4
  triton_mm_83 0.0666 ms 87.7% ACC_TYPE='tl.float32', ALLOW_TF32=True, BLOCK_K=32, BLOCK_M=64, BLOCK_N=128, EVEN_K=True, GROUP_M=8, USE_FAST_ACCUM=False, num_stages=3, num_warps=4
  triton_mm_86 0.0666 ms 87.7% ACC_TYPE='tl.float32', ALLOW_TF32=True, BLOCK_K=128, BLOCK_M=64, BLOCK_N=128, EVEN_K=True, GROUP_M=8, USE_FAST_ACCUM=False, num_stages=4, num_warps=4
  triton_mm_87 0.0686 ms 85.1% ACC_TYPE='tl.float32', ALLOW_TF32=True, BLOCK_K=32, BLOCK_M=128, BLOCK_N=64, EVEN_K=True, GROUP_M=8, USE_FAST_ACCUM=False, num_stages=3, num_warps=4
  triton_mm_82 0.0707 ms 82.6% ACC_TYPE='tl.float32', ALLOW_TF32=True, BLOCK_K=128, BLOCK_M=64, BLOCK_N=64, EVEN_K=True, GROUP_M=8, USE_FAST_ACCUM=False, num_stages=5, num_warps=4
  triton_mm_90 0.0737 ms 79.2% ACC_TYPE='tl.float32', ALLOW_TF32=True, BLOCK_K=32, BLOCK_M=128, BLOCK_N=128, EVEN_K=True, GROUP_M=8, USE_FAST_ACCUM=False, num_stages=3, num_warps=4
  triton_mm_84 0.0758 ms 77.0% ACC_TYPE='tl.float32', ALLOW_TF32=True, BLOCK_K=32, BLOCK_M=64, BLOCK_N=128, EVEN_K=True, GROUP_M=8, USE_FAST_ACCUM=False, num_stages=4, num_warps=8
  triton_mm_88 0.0778 ms 75.0% ACC_TYPE='tl.float32', ALLOW_TF32=True, BLOCK_K=32, BLOCK_M=128, BLOCK_N=64, EVEN_K=True, GROUP_M=8, USE_FAST_ACCUM=False, num_stages=4, num_warps=8
SingleProcess AUTOTUNE benchmarking takes 0.4058 seconds and 0.0002 seconds precompiling for 21 choices
Autotune Choices Stats:
{"num_choices": 20, "num_triton_choices": 18, "best_kernel": "triton_mm_118", "best_kernel_desc": "ACC_TYPE='tl.float32', ALLOW_TF32=True, BLOCK_K=128, BLOCK_M=16, BLOCK_N=32, EVEN_K=True, GROUP_M=8, USE_FAST_ACCUM=False, num_stages=5, num_warps=2", "best_time": 0.01228800043463707, "best_triton_pos": 0}
AUTOTUNE addmm(8x3072, 8x1024, 1024x3072)
strides: [0, 1], [1024, 1], [1, 1024]
dtypes: torch.bfloat16, torch.bfloat16, torch.bfloat16
  triton_mm_118 0.0123 ms 100.0% ACC_TYPE='tl.float32', ALLOW_TF32=True, BLOCK_K=128, BLOCK_M=16, BLOCK_N=32, EVEN_K=True, GROUP_M=8, USE_FAST_ACCUM=False, num_stages=5, num_warps=2
  triton_mm_122 0.0123 ms 100.0% ACC_TYPE='tl.float32', ALLOW_TF32=True, BLOCK_K=128, BLOCK_M=16, BLOCK_N=64, EVEN_K=True, GROUP_M=8, USE_FAST_ACCUM=False, num_stages=5, num_warps=4
  triton_mm_126 0.0133 ms 92.3% ACC_TYPE='tl.float32', ALLOW_TF32=True, BLOCK_K=128, BLOCK_M=16, BLOCK_N=128, EVEN_K=True, GROUP_M=8, USE_FAST_ACCUM=False, num_stages=4, num_warps=4
  triton_mm_130 0.0143 ms 85.7% ACC_TYPE='tl.float32', ALLOW_TF32=True, BLOCK_K=64, BLOCK_M=16, BLOCK_N=128, EVEN_K=True, GROUP_M=8, USE_FAST_ACCUM=False, num_stages=5, num_warps=8
  triton_mm_131 0.0143 ms 85.7% ACC_TYPE='tl.float32', ALLOW_TF32=True, BLOCK_K=128, BLOCK_M=16, BLOCK_N=128, EVEN_K=True, GROUP_M=8, USE_FAST_ACCUM=False, num_stages=4, num_warps=8
  bias_addmm 0.0154 ms 80.0% 
  triton_mm_121 0.0154 ms 80.0% ACC_TYPE='tl.float32', ALLOW_TF32=True, BLOCK_K=64, BLOCK_M=16, BLOCK_N=64, EVEN_K=True, GROUP_M=8, USE_FAST_ACCUM=False, num_stages=3, num_warps=4
  triton_mm_115 0.0164 ms 75.0% ACC_TYPE='tl.float32', ALLOW_TF32=True, BLOCK_K=128, BLOCK_M=16, BLOCK_N=32, EVEN_K=True, GROUP_M=8, USE_FAST_ACCUM=False, num_stages=2, num_warps=2
  triton_mm_116 0.0164 ms 75.0% ACC_TYPE='tl.float32', ALLOW_TF32=True, BLOCK_K=32, BLOCK_M=16, BLOCK_N=64, EVEN_K=True, GROUP_M=8, USE_FAST_ACCUM=False, num_stages=5, num_warps=4
  triton_mm_117 0.0164 ms 75.0% ACC_TYPE='tl.float32', ALLOW_TF32=True, BLOCK_K=32, BLOCK_M=16, BLOCK_N=32, EVEN_K=True, GROUP_M=8, USE_FAST_ACCUM=False, num_stages=5, num_warps=2
SingleProcess AUTOTUNE benchmarking takes 0.2760 seconds and 0.0002 seconds precompiling for 20 choices
E0717 08:47:40.628000 13342 sim-link-f1/deps/lerobot/.venv/lib/python3.12/site-packages/torch/_inductor/select_algorithm.py:3924] [3/0] Runtime error during autotuning: 
E0717 08:47:40.628000 13342 sim-link-f1/deps/lerobot/.venv/lib/python3.12/site-packages/torch/_inductor/select_algorithm.py:3924] [3/0] No valid triton configs. OutOfMemoryError: out of resource: triton_mm Required: 196608 Hardware limit:166912 Reducing block sizes or `num_stages` may help.. 
E0717 08:47:40.628000 13342 sim-link-f1/deps/lerobot/.venv/lib/python3.12/site-packages/torch/_inductor/select_algorithm.py:3924] [3/0] Ignoring this choice.
Autotune Choices Stats:
{"num_choices": 21, "num_triton_choices": 20, "best_kernel": "mm", "best_time": 0.023552000522613525, "best_triton_pos": 1, "best_triton_time": 0.023552000522613525, "best_triton_kernel": "triton_mm_143", "best_triton_kernel_desc": "ACC_TYPE='tl.float32', ALLOW_TF32=True, BLOCK_K=64, BLOCK_M=64, BLOCK_N=128, EVEN_K=True, GROUP_M=8, USE_FAST_ACCUM=False, num_stages=3, num_warps=4"}
AUTOTUNE mm(400x1024, 1024x2048)
strides: [1024, 1], [1, 1024]
dtypes: torch.bfloat16, torch.bfloat16
  mm 0.0236 ms 100.0% 
  triton_mm_143 0.0236 ms 100.0% ACC_TYPE='tl.float32', ALLOW_TF32=True, BLOCK_K=64, BLOCK_M=64, BLOCK_N=128, EVEN_K=True, GROUP_M=8, USE_FAST_ACCUM=False, num_stages=3, num_warps=4
  triton_mm_150 0.0236 ms 100.0% ACC_TYPE='tl.float32', ALLOW_TF32=True, BLOCK_K=64, BLOCK_M=128, BLOCK_N=128, EVEN_K=True, GROUP_M=8, USE_FAST_ACCUM=False, num_stages=5, num_warps=8
  triton_mm_149 0.0246 ms 95.8% ACC_TYPE='tl.float32', ALLOW_TF32=True, BLOCK_K=64, BLOCK_M=128, BLOCK_N=128, EVEN_K=True, GROUP_M=8, USE_FAST_ACCUM=False, num_stages=3, num_warps=4
  triton_mm_139 0.0256 ms 92.0% ACC_TYPE='tl.float32', ALLOW_TF32=True, BLOCK_K=64, BLOCK_M=64, BLOCK_N=64, EVEN_K=True, GROUP_M=8, USE_FAST_ACCUM=False, num_stages=3, num_warps=8
  triton_mm_141 0.0256 ms 92.0% ACC_TYPE='tl.float32', ALLOW_TF32=True, BLOCK_K=32, BLOCK_M=64, BLOCK_N=128, EVEN_K=True, GROUP_M=8, USE_FAST_ACCUM=False, num_stages=3, num_warps=4
  triton_mm_140 0.0276 ms 85.2% ACC_TYPE='tl.float32', ALLOW_TF32=True, BLOCK_K=128, BLOCK_M=64, BLOCK_N=64, EVEN_K=True, GROUP_M=8, USE_FAST_ACCUM=False, num_stages=5, num_warps=4
  triton_mm_144 0.0276 ms 85.2% ACC_TYPE='tl.float32', ALLOW_TF32=True, BLOCK_K=128, BLOCK_M=64, BLOCK_N=128, EVEN_K=True, GROUP_M=8, USE_FAST_ACCUM=False, num_stages=4, num_warps=4
  triton_mm_142 0.0287 ms 82.1% ACC_TYPE='tl.float32', ALLOW_TF32=True, BLOCK_K=32, BLOCK_M=64, BLOCK_N=128, EVEN_K=True, GROUP_M=8, USE_FAST_ACCUM=False, num_stages=4, num_warps=8
  triton_mm_145 0.0287 ms 82.1% ACC_TYPE='tl.float32', ALLOW_TF32=True, BLOCK_K=32, BLOCK_M=128, BLOCK_N=64, EVEN_K=True, GROUP_M=8, USE_FAST_ACCUM=False, num_stages=3, num_warps=4
SingleProcess AUTOTUNE benchmarking takes 0.2762 seconds and 0.0003 seconds precompiling for 21 choices
E0717 08:47:40.904000 13342 sim-link-f1/deps/lerobot/.venv/lib/python3.12/site-packages/torch/_inductor/select_algorithm.py:3924] [3/0] Runtime error during autotuning: 
E0717 08:47:40.904000 13342 sim-link-f1/deps/lerobot/.venv/lib/python3.12/site-packages/torch/_inductor/select_algorithm.py:3924] [3/0] No valid triton configs. OutOfMemoryError: out of resource: triton_mm Required: 196608 Hardware limit:166912 Reducing block sizes or `num_stages` may help.. 
E0717 08:47:40.904000 13342 sim-link-f1/deps/lerobot/.venv/lib/python3.12/site-packages/torch/_inductor/select_algorithm.py:3924] [3/0] Ignoring this choice.
Autotune Choices Stats:
{"num_choices": 21, "num_triton_choices": 20, "best_kernel": "triton_mm_156", "best_kernel_desc": "ACC_TYPE='tl.float32', ALLOW_TF32=True, BLOCK_K=128, BLOCK_M=64, BLOCK_N=32, EVEN_K=True, GROUP_M=8, USE_FAST_ACCUM=False, num_stages=5, num_warps=4", "best_time": 0.011264000087976456, "best_triton_pos": 0}
AUTOTUNE mm(400x1024, 1024x256)
strides: [1024, 1], [1, 1024]
dtypes: torch.bfloat16, torch.bfloat16
  triton_mm_156 0.0113 ms 100.0% ACC_TYPE='tl.float32', ALLOW_TF32=True, BLOCK_K=128, BLOCK_M=64, BLOCK_N=32, EVEN_K=True, GROUP_M=8, USE_FAST_ACCUM=False, num_stages=5, num_warps=4
  mm 0.0123 ms 91.7% 
  triton_mm_160 0.0133 ms 84.6% ACC_TYPE='tl.float32', ALLOW_TF32=True, BLOCK_K=128, BLOCK_M=64, BLOCK_N=64, EVEN_K=True, GROUP_M=8, USE_FAST_ACCUM=False, num_stages=5, num_warps=4
  triton_mm_153 0.0143 ms 78.6% ACC_TYPE='tl.float32', ALLOW_TF32=True, BLOCK_K=128, BLOCK_M=32, BLOCK_N=32, EVEN_K=True, GROUP_M=8, USE_FAST_ACCUM=False, num_stages=2, num_warps=4
  triton_mm_154 0.0143 ms 78.6% ACC_TYPE='tl.float32', ALLOW_TF32=True, BLOCK_K=32, BLOCK_M=32, BLOCK_N=64, EVEN_K=True, GROUP_M=8, USE_FAST_ACCUM=False, num_stages=5, num_warps=8
  triton_mm_155 0.0143 ms 78.6% ACC_TYPE='tl.float32', ALLOW_TF32=True, BLOCK_K=32, BLOCK_M=64, BLOCK_N=32, EVEN_K=True, GROUP_M=8, USE_FAST_ACCUM=False, num_stages=5, num_warps=8
  triton_mm_159 0.0164 ms 68.8% ACC_TYPE='tl.float32', ALLOW_TF32=True, BLOCK_K=64, BLOCK_M=64, BLOCK_N=64, EVEN_K=True, GROUP_M=8, USE_FAST_ACCUM=False, num_stages=3, num_warps=8
  triton_mm_164 0.0164 ms 68.8% ACC_TYPE='tl.float32', ALLOW_TF32=True, BLOCK_K=128, BLOCK_M=64, BLOCK_N=128, EVEN_K=True, GROUP_M=8, USE_FAST_ACCUM=False, num_stages=4, num_warps=4
  triton_mm_163 0.0174 ms 64.7% ACC_TYPE='tl.float32', ALLOW_TF32=True, BLOCK_K=64, BLOCK_M=64, BLOCK_N=128, EVEN_K=True, GROUP_M=8, USE_FAST_ACCUM=False, num_stages=3, num_warps=4
  triton_mm_162 0.0184 ms 61.1% ACC_TYPE='tl.float32', ALLOW_TF32=True, BLOCK_K=32, BLOCK_M=64, BLOCK_N=128, EVEN_K=True, GROUP_M=8, USE_FAST_ACCUM=False, num_stages=4, num_warps=8
SingleProcess AUTOTUNE benchmarking takes 0.2749 seconds and 0.0003 seconds precompiling for 21 choices
Autotune Choices Stats:
{"num_choices": 18, "num_triton_choices": 17, "best_kernel": "triton_bmm_192", "best_kernel_desc": "ACC_TYPE='tl.float32', ALLOW_TF32=True, BLOCK_K=16, BLOCK_M=32, BLOCK_N=32, EVEN_K=False, GROUP_M=8, USE_FAST_ACCUM=False, num_stages=1, num_warps=2", "best_time": 0.009216000325977802, "best_triton_pos": 0}
AUTOTUNE bmm(8x128x1, 8x1x1018)
strides: [0, 1, 0], [1018, 8160, 1]
dtypes: torch.float32, torch.float32
  triton_bmm_192 0.0092 ms 100.0% ACC_TYPE='tl.float32', ALLOW_TF32=True, BLOCK_K=16, BLOCK_M=32, BLOCK_N=32, EVEN_K=False, GROUP_M=8, USE_FAST_ACCUM=False, num_stages=1, num_warps=2
  triton_bmm_193 0.0092 ms 100.0% ACC_TYPE='tl.float32', ALLOW_TF32=True, BLOCK_K=16, BLOCK_M=32, BLOCK_N=32, EVEN_K=False, GROUP_M=8, USE_FAST_ACCUM=False, num_stages=2, num_warps=4
  triton_bmm_194 0.0092 ms 100.0% ACC_TYPE='tl.float32', ALLOW_TF32=True, BLOCK_K=16, BLOCK_M=32, BLOCK_N=64, EVEN_K=False, GROUP_M=8, USE_FAST_ACCUM=False, num_stages=5, num_warps=8
  triton_bmm_195 0.0092 ms 100.0% ACC_TYPE='tl.float32', ALLOW_TF32=True, BLOCK_K=16, BLOCK_M=64, BLOCK_N=32, EVEN_K=False, GROUP_M=8, USE_FAST_ACCUM=False, num_stages=5, num_warps=8
  triton_bmm_198 0.0092 ms 100.0% ACC_TYPE='tl.float32', ALLOW_TF32=True, BLOCK_K=16, BLOCK_M=64, BLOCK_N=64, EVEN_K=False, GROUP_M=8, USE_FAST_ACCUM=False, num_stages=3, num_warps=8
  triton_bmm_199 0.0092 ms 100.0% ACC_TYPE='tl.float32', ALLOW_TF32=True, BLOCK_K=16, BLOCK_M=64, BLOCK_N=64, EVEN_K=False, GROUP_M=8, USE_FAST_ACCUM=False, num_stages=5, num_warps=4
  triton_bmm_196 0.0102 ms 90.0% ACC_TYPE='tl.float32', ALLOW_TF32=True, BLOCK_K=16, BLOCK_M=64, BLOCK_N=32, EVEN_K=False, GROUP_M=8, USE_FAST_ACCUM=False, num_stages=5, num_warps=4
  triton_bmm_201 0.0102 ms 90.0% ACC_TYPE='tl.float32', ALLOW_TF32=True, BLOCK_K=16, BLOCK_M=64, BLOCK_N=128, EVEN_K=False, GROUP_M=8, USE_FAST_ACCUM=False, num_stages=4, num_warps=8
  triton_bmm_202 0.0102 ms 90.0% ACC_TYPE='tl.float32', ALLOW_TF32=True, BLOCK_K=16, BLOCK_M=64, BLOCK_N=128, EVEN_K=False, GROUP_M=8, USE_FAST_ACCUM=False, num_stages=4, num_warps=4
  triton_bmm_203 0.0102 ms 90.0% ACC_TYPE='tl.float32', ALLOW_TF32=True, BLOCK_K=16, BLOCK_M=128, BLOCK_N=64, EVEN_K=False, GROUP_M=8, USE_FAST_ACCUM=False, num_stages=3, num_warps=4
SingleProcess AUTOTUNE benchmarking takes 0.2536 seconds and 0.0002 seconds precompiling for 18 choices
W0717 08:47:41.160000 13342 sim-link-f1/deps/lerobot/.venv/lib/python3.12/site-packages/torch/_inductor/scheduler.py:3820] [3/0] Layout conflict detected for buf41: template expects FixedLayout('cuda:0', torch.float32, size=[8, 1, 1018], stride=[1018, 1018, 1]) but layout is frozen to FixedLayout('cuda:0', torch.float32, size=[8, 1, 1018], stride=[1018, 8160, 1])
E0717 08:47:43.487000 13342 sim-link-f1/deps/lerobot/.venv/lib/python3.12/site-packages/torch/_inductor/select_algorithm.py:3924] [3/0] Runtime error during autotuning: 
E0717 08:47:43.487000 13342 sim-link-f1/deps/lerobot/.venv/lib/python3.12/site-packages/torch/_inductor/select_algorithm.py:3924] [3/0] No valid triton configs. OutOfMemoryError: out of resource: triton_bmm Required: 196608 Hardware limit:166912 Reducing block sizes or `num_stages` may help.. 
E0717 08:47:43.487000 13342 sim-link-f1/deps/lerobot/.venv/lib/python3.12/site-packages/torch/_inductor/select_algorithm.py:3924] [3/0] Ignoring this choice.
Autotune Choices Stats:
{"num_choices": 21, "num_triton_choices": 20, "best_kernel": "triton_bmm_226", "best_kernel_desc": "ACC_TYPE='tl.float32', ALLOW_TF32=True, BLOCK_K=64, BLOCK_M=128, BLOCK_N=128, EVEN_K=True, GROUP_M=8, USE_FAST_ACCUM=False, num_stages=3, num_warps=4", "best_time": 0.19353599846363068, "best_triton_pos": 0}
AUTOTUNE bmm(64x1024x256, 64x256x1024)
strides: [262144, 256, 1], [262144, 1024, 1]
dtypes: torch.bfloat16, torch.bfloat16
  triton_bmm_226 0.1935 ms 100.0% ACC_TYPE='tl.float32', ALLOW_TF32=True, BLOCK_K=64, BLOCK_M=128, BLOCK_N=128, EVEN_K=True, GROUP_M=8, USE_FAST_ACCUM=False, num_stages=3, num_warps=4
  triton_bmm_225 0.1997 ms 96.9% ACC_TYPE='tl.float32', ALLOW_TF32=True, BLOCK_K=32, BLOCK_M=128, BLOCK_N=128, EVEN_K=True, GROUP_M=8, USE_FAST_ACCUM=False, num_stages=3, num_warps=4
  triton_bmm_218 0.2058 ms 94.0% ACC_TYPE='tl.float32', ALLOW_TF32=True, BLOCK_K=32, BLOCK_M=64, BLOCK_N=128, EVEN_K=True, GROUP_M=8, USE_FAST_ACCUM=False, num_stages=3, num_warps=4
  triton_bmm_220 0.2058 ms 94.0% ACC_TYPE='tl.float32', ALLOW_TF32=True, BLOCK_K=64, BLOCK_M=64, BLOCK_N=128, EVEN_K=True, GROUP_M=8, USE_FAST_ACCUM=False, num_stages=3, num_warps=4
  triton_bmm_222 0.2181 ms 88.7% ACC_TYPE='tl.float32', ALLOW_TF32=True, BLOCK_K=32, BLOCK_M=128, BLOCK_N=64, EVEN_K=True, GROUP_M=8, USE_FAST_ACCUM=False, num_stages=3, num_warps=4
  triton_bmm_219 0.2417 ms 80.1% ACC_TYPE='tl.float32', ALLOW_TF32=True, BLOCK_K=32, BLOCK_M=64, BLOCK_N=128, EVEN_K=True, GROUP_M=8, USE_FAST_ACCUM=False, num_stages=4, num_warps=8
  triton_bmm_223 0.2529 ms 76.5% ACC_TYPE='tl.float32', ALLOW_TF32=True, BLOCK_K=32, BLOCK_M=128, BLOCK_N=64, EVEN_K=True, GROUP_M=8, USE_FAST_ACCUM=False, num_stages=4, num_warps=8
  bmm 0.2642 ms 73.3% 
  triton_bmm_224 0.2652 ms 73.0% ACC_TYPE='tl.float32', ALLOW_TF32=True, BLOCK_K=32, BLOCK_M=128, BLOCK_N=128, EVEN_K=True, GROUP_M=8, USE_FAST_ACCUM=False, num_stages=2, num_warps=8
  triton_bmm_227 0.2857 ms 67.7% ACC_TYPE='tl.float32', ALLOW_TF32=True, BLOCK_K=64, BLOCK_M=128, BLOCK_N=128, EVEN_K=True, GROUP_M=8, USE_FAST_ACCUM=False, num_stages=5, num_warps=8
SingleProcess AUTOTUNE benchmarking takes 2.3261 seconds and 0.0002 seconds precompiling for 21 choices
E0717 08:47:44.171000 13342 sim-link-f1/deps/lerobot/.venv/lib/python3.12/site-packages/torch/_inductor/select_algorithm.py:3924] [3/0] Runtime error during autotuning: 
E0717 08:47:44.171000 13342 sim-link-f1/deps/lerobot/.venv/lib/python3.12/site-packages/torch/_inductor/select_algorithm.py:3924] [3/0] No valid triton configs. OutOfMemoryError: out of resource: triton_bmm Required: 196608 Hardware limit:166912 Reducing block sizes or `num_stages` may help.. 
E0717 08:47:44.171000 13342 sim-link-f1/deps/lerobot/.venv/lib/python3.12/site-packages/torch/_inductor/select_algorithm.py:3924] [3/0] Ignoring this choice.
Autotune Choices Stats:
{"num_choices": 21, "num_triton_choices": 20, "best_kernel": "bmm", "best_time": 0.1658879965543747, "best_triton_pos": 1, "best_triton_time": 0.17510400712490082, "best_triton_kernel": "triton_bmm_246", "best_triton_kernel_desc": "ACC_TYPE='tl.float32', ALLOW_TF32=True, BLOCK_K=64, BLOCK_M=128, BLOCK_N=128, EVEN_K=True, GROUP_M=8, USE_FAST_ACCUM=False, num_stages=3, num_warps=4"}
AUTOTUNE bmm(64x1024x1024, 64x1024x256)
strides: [1048576, 1024, 1], [262144, 256, 1]
dtypes: torch.bfloat16, torch.bfloat16
  bmm 0.1659 ms 100.0% 
  triton_bmm_246 0.1751 ms 94.7% ACC_TYPE='tl.float32', ALLOW_TF32=True, BLOCK_K=64, BLOCK_M=128, BLOCK_N=128, EVEN_K=True, GROUP_M=8, USE_FAST_ACCUM=False, num_stages=3, num_warps=4
  triton_bmm_247 0.1864 ms 89.0% ACC_TYPE='tl.float32', ALLOW_TF32=True, BLOCK_K=64, BLOCK_M=128, BLOCK_N=128, EVEN_K=True, GROUP_M=8, USE_FAST_ACCUM=False, num_stages=5, num_warps=8
  triton_bmm_240 0.1915 ms 86.6% ACC_TYPE='tl.float32', ALLOW_TF32=True, BLOCK_K=64, BLOCK_M=64, BLOCK_N=128, EVEN_K=True, GROUP_M=8, USE_FAST_ACCUM=False, num_stages=3, num_warps=4
  triton_bmm_238 0.1997 ms 83.1% ACC_TYPE='tl.float32', ALLOW_TF32=True, BLOCK_K=32, BLOCK_M=64, BLOCK_N=128, EVEN_K=True, GROUP_M=8, USE_FAST_ACCUM=False, num_stages=3, num_warps=4
  triton_bmm_245 0.2017 ms 82.2% ACC_TYPE='tl.float32', ALLOW_TF32=True, BLOCK_K=32, BLOCK_M=128, BLOCK_N=128, EVEN_K=True, GROUP_M=8, USE_FAST_ACCUM=False, num_stages=3, num_warps=4
  triton_bmm_242 0.2120 ms 78.3% ACC_TYPE='tl.float32', ALLOW_TF32=True, BLOCK_K=32, BLOCK_M=128, BLOCK_N=64, EVEN_K=True, GROUP_M=8, USE_FAST_ACCUM=False, num_stages=3, num_warps=4
  triton_bmm_239 0.2150 ms 77.1% ACC_TYPE='tl.float32', ALLOW_TF32=True, BLOCK_K=32, BLOCK_M=64, BLOCK_N=128, EVEN_K=True, GROUP_M=8, USE_FAST_ACCUM=False, num_stages=4, num_warps=8
  triton_bmm_243 0.2191 ms 75.7% ACC_TYPE='tl.float32', ALLOW_TF32=True, BLOCK_K=32, BLOCK_M=128, BLOCK_N=64, EVEN_K=True, GROUP_M=8, USE_FAST_ACCUM=False, num_stages=4, num_warps=8
  triton_bmm_241 0.2314 ms 71.7% ACC_TYPE='tl.float32', ALLOW_TF32=True, BLOCK_K=128, BLOCK_M=64, BLOCK_N=128, EVEN_K=True, GROUP_M=8, USE_FAST_ACCUM=False, num_stages=4, num_warps=4
SingleProcess AUTOTUNE benchmarking takes 0.6837 seconds and 0.0002 seconds precompiling for 21 choices
E0717 08:47:45.287000 13342 sim-link-f1/deps/lerobot/.venv/lib/python3.12/site-packages/torch/_inductor/select_algorithm.py:3924] [3/0] Runtime error during autotuning: 
E0717 08:47:45.287000 13342 sim-link-f1/deps/lerobot/.venv/lib/python3.12/site-packages/torch/_inductor/select_algorithm.py:3924] [3/0] No valid triton configs. OutOfMemoryError: out of resource: triton_mm Required: 196608 Hardware limit:166912 Reducing block sizes or `num_stages` may help.. 
E0717 08:47:45.287000 13342 sim-link-f1/deps/lerobot/.venv/lib/python3.12/site-packages/torch/_inductor/select_algorithm.py:3924] [3/0] Ignoring this choice.
Autotune Choices Stats:
{"num_choices": 21, "num_triton_choices": 20, "best_kernel": "mm", "best_time": 1.9742720127105713, "best_triton_pos": 1, "best_triton_time": 2.1145598888397217, "best_triton_kernel": "triton_mm_286", "best_triton_kernel_desc": "ACC_TYPE='tl.float32', ALLOW_TF32=True, BLOCK_K=64, BLOCK_M=128, BLOCK_N=128, EVEN_K=True, GROUP_M=8, USE_FAST_ACCUM=False, num_stages=3, num_warps=4"}
AUTOTUNE mm(7744x2048, 2048x16384)
strides: [2048, 1], [1, 2048]
dtypes: torch.bfloat16, torch.bfloat16
  mm 1.9743 ms 100.0% 
  triton_mm_286 2.1146 ms 93.4% ACC_TYPE='tl.float32', ALLOW_TF32=True, BLOCK_K=64, BLOCK_M=128, BLOCK_N=128, EVEN_K=True, GROUP_M=8, USE_FAST_ACCUM=False, num_stages=3, num_warps=4
  triton_mm_285 2.2989 ms 85.9% ACC_TYPE='tl.float32', ALLOW_TF32=True, BLOCK_K=32, BLOCK_M=128, BLOCK_N=128, EVEN_K=True, GROUP_M=8, USE_FAST_ACCUM=False, num_stages=3, num_warps=4
  triton_mm_278 2.4668 ms 80.0% ACC_TYPE='tl.float32', ALLOW_TF32=True, BLOCK_K=32, BLOCK_M=64, BLOCK_N=128, EVEN_K=True, GROUP_M=8, USE_FAST_ACCUM=False, num_stages=3, num_warps=4
  triton_mm_282 2.4934 ms 79.2% ACC_TYPE='tl.float32', ALLOW_TF32=True, BLOCK_K=32, BLOCK_M=128, BLOCK_N=64, EVEN_K=True, GROUP_M=8, USE_FAST_ACCUM=False, num_stages=3, num_warps=4
  triton_mm_280 2.6184 ms 75.4% ACC_TYPE='tl.float32', ALLOW_TF32=True, BLOCK_K=64, BLOCK_M=64, BLOCK_N=128, EVEN_K=True, GROUP_M=8, USE_FAST_ACCUM=False, num_stages=3, num_warps=4
  triton_mm_287 2.8631 ms 69.0% ACC_TYPE='tl.float32', ALLOW_TF32=True, BLOCK_K=64, BLOCK_M=128, BLOCK_N=128, EVEN_K=True, GROUP_M=8, USE_FAST_ACCUM=False, num_stages=5, num_warps=8
  triton_mm_281 2.9696 ms 66.5% ACC_TYPE='tl.float32', ALLOW_TF32=True, BLOCK_K=128, BLOCK_M=64, BLOCK_N=128, EVEN_K=True, GROUP_M=8, USE_FAST_ACCUM=False, num_stages=4, num_warps=4
  triton_mm_279 3.0525 ms 64.7% ACC_TYPE='tl.float32', ALLOW_TF32=True, BLOCK_K=32, BLOCK_M=64, BLOCK_N=128, EVEN_K=True, GROUP_M=8, USE_FAST_ACCUM=False, num_stages=4, num_warps=8
  triton_mm_283 3.0648 ms 64.4% ACC_TYPE='tl.float32', ALLOW_TF32=True, BLOCK_K=32, BLOCK_M=128, BLOCK_N=64, EVEN_K=True, GROUP_M=8, USE_FAST_ACCUM=False, num_stages=4, num_warps=8
SingleProcess AUTOTUNE benchmarking takes 1.1132 seconds and 0.0002 seconds precompiling for 21 choices
E0717 08:47:46.406000 13342 sim-link-f1/deps/lerobot/.venv/lib/python3.12/site-packages/torch/_inductor/select_algorithm.py:3924] [3/0] Runtime error during autotuning: 
E0717 08:47:46.406000 13342 sim-link-f1/deps/lerobot/.venv/lib/python3.12/site-packages/torch/_inductor/select_algorithm.py:3924] [3/0] No valid triton configs. OutOfMemoryError: out of resource: triton_mm Required: 196608 Hardware limit:166912 Reducing block sizes or `num_stages` may help.. 
E0717 08:47:46.406000 13342 sim-link-f1/deps/lerobot/.venv/lib/python3.12/site-packages/torch/_inductor/select_algorithm.py:3924] [3/0] Ignoring this choice.
Autotune Choices Stats:
{"num_choices": 21, "num_triton_choices": 20, "best_kernel": "mm", "best_time": 1.9722239971160889, "best_triton_pos": 1, "best_triton_time": 2.184191942214966, "best_triton_kernel": "triton_mm_326", "best_triton_kernel_desc": "ACC_TYPE='tl.float32', ALLOW_TF32=True, BLOCK_K=64, BLOCK_M=128, BLOCK_N=128, EVEN_K=True, GROUP_M=8, USE_FAST_ACCUM=False, num_stages=3, num_warps=4"}
AUTOTUNE mm(7744x16384, 16384x2048)
strides: [16384, 1], [1, 16384]
dtypes: torch.bfloat16, torch.bfloat16
  mm 1.9722 ms 100.0% 
  triton_mm_326 2.1842 ms 90.3% ACC_TYPE='tl.float32', ALLOW_TF32=True, BLOCK_K=64, BLOCK_M=128, BLOCK_N=128, EVEN_K=True, GROUP_M=8, USE_FAST_ACCUM=False, num_stages=3, num_warps=4
  triton_mm_325 2.4412 ms 80.8% ACC_TYPE='tl.float32', ALLOW_TF32=True, BLOCK_K=32, BLOCK_M=128, BLOCK_N=128, EVEN_K=True, GROUP_M=8, USE_FAST_ACCUM=False, num_stages=3, num_warps=4
  triton_mm_322 2.6266 ms 75.1% ACC_TYPE='tl.float32', ALLOW_TF32=True, BLOCK_K=32, BLOCK_M=128, BLOCK_N=64, EVEN_K=True, GROUP_M=8, USE_FAST_ACCUM=False, num_stages=3, num_warps=4
  triton_mm_318 2.6429 ms 74.6% ACC_TYPE='tl.float32', ALLOW_TF32=True, BLOCK_K=32, BLOCK_M=64, BLOCK_N=128, EVEN_K=True, GROUP_M=8, USE_FAST_ACCUM=False, num_stages=3, num_warps=4
  triton_mm_320 2.6798 ms 73.6% ACC_TYPE='tl.float32', ALLOW_TF32=True, BLOCK_K=64, BLOCK_M=64, BLOCK_N=128, EVEN_K=True, GROUP_M=8, USE_FAST_ACCUM=False, num_stages=3, num_warps=4
  triton_mm_321 2.8109 ms 70.2% ACC_TYPE='tl.float32', ALLOW_TF32=True, BLOCK_K=128, BLOCK_M=64, BLOCK_N=128, EVEN_K=True, GROUP_M=8, USE_FAST_ACCUM=False, num_stages=4, num_warps=4
  triton_mm_327 2.8703 ms 68.7% ACC_TYPE='tl.float32', ALLOW_TF32=True, BLOCK_K=64, BLOCK_M=128, BLOCK_N=128, EVEN_K=True, GROUP_M=8, USE_FAST_ACCUM=False, num_stages=5, num_warps=8
  triton_mm_319 2.9112 ms 67.7% ACC_TYPE='tl.float32', ALLOW_TF32=True, BLOCK_K=32, BLOCK_M=64, BLOCK_N=128, EVEN_K=True, GROUP_M=8, USE_FAST_ACCUM=False, num_stages=4, num_warps=8
  triton_mm_323 3.1171 ms 63.3% ACC_TYPE='tl.float32', ALLOW_TF32=True, BLOCK_K=32, BLOCK_M=128, BLOCK_N=64, EVEN_K=True, GROUP_M=8, USE_FAST_ACCUM=False, num_stages=4, num_warps=8
SingleProcess AUTOTUNE benchmarking takes 1.1166 seconds and 0.0002 seconds precompiling for 21 choices
E0717 08:47:46.708000 13342 sim-link-f1/deps/lerobot/.venv/lib/python3.12/site-packages/torch/_inductor/select_algorithm.py:3924] [3/0] Runtime error during autotuning: 
E0717 08:47:46.708000 13342 sim-link-f1/deps/lerobot/.venv/lib/python3.12/site-packages/torch/_inductor/select_algorithm.py:3924] [3/0] No valid triton configs. OutOfMemoryError: out of resource: triton_mm Required: 196608 Hardware limit:166912 Reducing block sizes or `num_stages` may help.. 
E0717 08:47:46.708000 13342 sim-link-f1/deps/lerobot/.venv/lib/python3.12/site-packages/torch/_inductor/select_algorithm.py:3924] [3/0] Ignoring this choice.
Autotune Choices Stats:
{"num_choices": 21, "num_triton_choices": 20, "best_kernel": "mm", "best_time": 0.02252800017595291, "best_triton_pos": 1, "best_triton_time": 0.025599999353289604, "best_triton_kernel": "triton_mm_341", "best_triton_kernel_desc": "ACC_TYPE='tl.float32', ALLOW_TF32=True, BLOCK_K=128, BLOCK_M=64, BLOCK_N=128, EVEN_K=True, GROUP_M=8, USE_FAST_ACCUM=False, num_stages=4, num_warps=4"}
AUTOTUNE mm(400x2048, 2048x1024)
strides: [2048, 1], [1, 2048]
dtypes: torch.bfloat16, torch.bfloat16
  mm 0.0225 ms 100.0% 
  triton_mm_341 0.0256 ms 88.0% ACC_TYPE='tl.float32', ALLOW_TF32=True, BLOCK_K=128, BLOCK_M=64, BLOCK_N=128, EVEN_K=True, GROUP_M=8, USE_FAST_ACCUM=False, num_stages=4, num_warps=4
  triton_mm_337 0.0297 ms 75.9% ACC_TYPE='tl.float32', ALLOW_TF32=True, BLOCK_K=128, BLOCK_M=64, BLOCK_N=64, EVEN_K=True, GROUP_M=8, USE_FAST_ACCUM=False, num_stages=5, num_warps=4
  triton_mm_340 0.0297 ms 75.9% ACC_TYPE='tl.float32', ALLOW_TF32=True, BLOCK_K=64, BLOCK_M=64, BLOCK_N=128, EVEN_K=True, GROUP_M=8, USE_FAST_ACCUM=False, num_stages=3, num_warps=4
  triton_mm_336 0.0317 ms 71.0% ACC_TYPE='tl.float32', ALLOW_TF32=True, BLOCK_K=64, BLOCK_M=64, BLOCK_N=64, EVEN_K=True, GROUP_M=8, USE_FAST_ACCUM=False, num_stages=3, num_warps=8
  triton_mm_339 0.0328 ms 68.8% ACC_TYPE='tl.float32', ALLOW_TF32=True, BLOCK_K=32, BLOCK_M=64, BLOCK_N=128, EVEN_K=True, GROUP_M=8, USE_FAST_ACCUM=False, num_stages=4, num_warps=8
  triton_mm_343 0.0328 ms 68.8% ACC_TYPE='tl.float32', ALLOW_TF32=True, BLOCK_K=32, BLOCK_M=128, BLOCK_N=64, EVEN_K=True, GROUP_M=8, USE_FAST_ACCUM=False, num_stages=4, num_warps=8
  triton_mm_330 0.0338 ms 66.7% ACC_TYPE='tl.float32', ALLOW_TF32=True, BLOCK_K=128, BLOCK_M=32, BLOCK_N=32, EVEN_K=True, GROUP_M=8, USE_FAST_ACCUM=False, num_stages=2, num_warps=4
  triton_mm_331 0.0338 ms 66.7% ACC_TYPE='tl.float32', ALLOW_TF32=True, BLOCK_K=32, BLOCK_M=32, BLOCK_N=64, EVEN_K=True, GROUP_M=8, USE_FAST_ACCUM=False, num_stages=5, num_warps=8
  triton_mm_333 0.0338 ms 66.7% ACC_TYPE='tl.float32', ALLOW_TF32=True, BLOCK_K=128, BLOCK_M=64, BLOCK_N=32, EVEN_K=True, GROUP_M=8, USE_FAST_ACCUM=False, num_stages=5, num_warps=4
SingleProcess AUTOTUNE benchmarking takes 0.3005 seconds and 0.0003 seconds precompiling for 21 choices
E0717 08:47:47.019000 13342 sim-link-f1/deps/lerobot/.venv/lib/python3.12/site-packages/torch/_inductor/select_algorithm.py:3924] [3/0] Runtime error during autotuning: 
E0717 08:47:47.019000 13342 sim-link-f1/deps/lerobot/.venv/lib/python3.12/site-packages/torch/_inductor/select_algorithm.py:3924] [3/0] No valid triton configs. OutOfMemoryError: out of resource: triton_mm Required: 196608 Hardware limit:166912 Reducing block sizes or `num_stages` may help.. 
E0717 08:47:47.019000 13342 sim-link-f1/deps/lerobot/.venv/lib/python3.12/site-packages/torch/_inductor/select_algorithm.py:3924] [3/0] Ignoring this choice.
Autotune Choices Stats:
{"num_choices": 21, "num_triton_choices": 20, "best_kernel": "triton_mm_378", "best_kernel_desc": "ACC_TYPE='tl.float32', ALLOW_TF32=True, BLOCK_K=64, BLOCK_M=64, BLOCK_N=128, EVEN_K=True, GROUP_M=8, USE_FAST_ACCUM=False, num_stages=3, num_warps=4", "best_time": 0.03174399957060814, "best_triton_pos": 0}
AUTOTUNE mm(400x1024, 1024x4096)
strides: [1024, 1], [1, 1024]
dtypes: torch.bfloat16, torch.bfloat16
  triton_mm_378 0.0317 ms 100.0% ACC_TYPE='tl.float32', ALLOW_TF32=True, BLOCK_K=64, BLOCK_M=64, BLOCK_N=128, EVEN_K=True, GROUP_M=8, USE_FAST_ACCUM=False, num_stages=3, num_warps=4
  triton_mm_376 0.0348 ms 91.2% ACC_TYPE='tl.float32', ALLOW_TF32=True, BLOCK_K=32, BLOCK_M=64, BLOCK_N=128, EVEN_K=True, GROUP_M=8, USE_FAST_ACCUM=False, num_stages=3, num_warps=4
  mm 0.0358 ms 88.6% 
  triton_mm_380 0.0358 ms 88.6% ACC_TYPE='tl.float32', ALLOW_TF32=True, BLOCK_K=32, BLOCK_M=128, BLOCK_N=64, EVEN_K=True, GROUP_M=8, USE_FAST_ACCUM=False, num_stages=3, num_warps=4
  triton_mm_384 0.0369 ms 86.1% ACC_TYPE='tl.float32', ALLOW_TF32=True, BLOCK_K=64, BLOCK_M=128, BLOCK_N=128, EVEN_K=True, GROUP_M=8, USE_FAST_ACCUM=False, num_stages=3, num_warps=4
  triton_mm_374 0.0389 ms 81.6% ACC_TYPE='tl.float32', ALLOW_TF32=True, BLOCK_K=64, BLOCK_M=64, BLOCK_N=64, EVEN_K=True, GROUP_M=8, USE_FAST_ACCUM=False, num_stages=3, num_warps=8
  triton_mm_379 0.0389 ms 81.6% ACC_TYPE='tl.float32', ALLOW_TF32=True, BLOCK_K=128, BLOCK_M=64, BLOCK_N=128, EVEN_K=True, GROUP_M=8, USE_FAST_ACCUM=False, num_stages=4, num_warps=4
  triton_mm_381 0.0389 ms 81.6% ACC_TYPE='tl.float32', ALLOW_TF32=True, BLOCK_K=32, BLOCK_M=128, BLOCK_N=64, EVEN_K=True, GROUP_M=8, USE_FAST_ACCUM=False, num_stages=4, num_warps=8
  triton_mm_373 0.0410 ms 77.5% ACC_TYPE='tl.float32', ALLOW_TF32=True, BLOCK_K=32, BLOCK_M=64, BLOCK_N=64, EVEN_K=True, GROUP_M=8, USE_FAST_ACCUM=False, num_stages=2, num_warps=4
  triton_mm_377 0.0410 ms 77.5% ACC_TYPE='tl.float32', ALLOW_TF32=True, BLOCK_K=32, BLOCK_M=64, BLOCK_N=128, EVEN_K=True, GROUP_M=8, USE_FAST_ACCUM=False, num_stages=4, num_warps=8
SingleProcess AUTOTUNE benchmarking takes 0.3089 seconds and 0.0002 seconds precompiling for 21 choices
E0717 08:47:47.398000 13342 sim-link-f1/deps/lerobot/.venv/lib/python3.12/site-packages/torch/_inductor/select_algorithm.py:3924] [3/0] Runtime error during autotuning: 
E0717 08:47:47.398000 13342 sim-link-f1/deps/lerobot/.venv/lib/python3.12/site-packages/torch/_inductor/select_algorithm.py:3924] [3/0] No valid triton configs. OutOfMemoryError: out of resource: triton_mm Required: 196608 Hardware limit:166912 Reducing block sizes or `num_stages` may help.. 
E0717 08:47:47.398000 13342 sim-link-f1/deps/lerobot/.venv/lib/python3.12/site-packages/torch/_inductor/select_algorithm.py:3924] [3/0] Ignoring this choice.
Autotune Choices Stats:
{"num_choices": 21, "num_triton_choices": 20, "best_kernel": "mm", "best_time": 0.03481600061058998, "best_triton_pos": 1, "best_triton_time": 0.04198399931192398, "best_triton_kernel": "triton_mm_419", "best_triton_kernel_desc": "ACC_TYPE='tl.float32', ALLOW_TF32=True, BLOCK_K=128, BLOCK_M=64, BLOCK_N=128, EVEN_K=True, GROUP_M=8, USE_FAST_ACCUM=False, num_stages=4, num_warps=4"}
AUTOTUNE mm(400x4096, 4096x1024)
strides: [4096, 1], [1, 4096]
dtypes: torch.bfloat16, torch.bfloat16
  mm 0.0348 ms 100.0% 
  triton_mm_419 0.0420 ms 82.9% ACC_TYPE='tl.float32', ALLOW_TF32=True, BLOCK_K=128, BLOCK_M=64, BLOCK_N=128, EVEN_K=True, GROUP_M=8, USE_FAST_ACCUM=False, num_stages=4, num_warps=4
  triton_mm_418 0.0522 ms 66.7% ACC_TYPE='tl.float32', ALLOW_TF32=True, BLOCK_K=64, BLOCK_M=64, BLOCK_N=128, EVEN_K=True, GROUP_M=8, USE_FAST_ACCUM=False, num_stages=3, num_warps=4
  triton_mm_415 0.0532 ms 65.4% ACC_TYPE='tl.float32', ALLOW_TF32=True, BLOCK_K=128, BLOCK_M=64, BLOCK_N=64, EVEN_K=True, GROUP_M=8, USE_FAST_ACCUM=False, num_stages=5, num_warps=4
  triton_mm_414 0.0553 ms 63.0% ACC_TYPE='tl.float32', ALLOW_TF32=True, BLOCK_K=64, BLOCK_M=64, BLOCK_N=64, EVEN_K=True, GROUP_M=8, USE_FAST_ACCUM=False, num_stages=3, num_warps=8
  triton_mm_409 0.0573 ms 60.7% ACC_TYPE='tl.float32', ALLOW_TF32=True, BLOCK_K=32, BLOCK_M=32, BLOCK_N=64, EVEN_K=True, GROUP_M=8, USE_FAST_ACCUM=False, num_stages=5, num_warps=8
  triton_mm_408 0.0584 ms 59.6% ACC_TYPE='tl.float32', ALLOW_TF32=True, BLOCK_K=128, BLOCK_M=32, BLOCK_N=32, EVEN_K=True, GROUP_M=8, USE_FAST_ACCUM=False, num_stages=2, num_warps=4
  triton_mm_417 0.0584 ms 59.6% ACC_TYPE='tl.float32', ALLOW_TF32=True, BLOCK_K=32, BLOCK_M=64, BLOCK_N=128, EVEN_K=True, GROUP_M=8, USE_FAST_ACCUM=False, num_stages=4, num_warps=8
  triton_mm_421 0.0584 ms 59.6% ACC_TYPE='tl.float32', ALLOW_TF32=True, BLOCK_K=32, BLOCK_M=128, BLOCK_N=64, EVEN_K=True, GROUP_M=8, USE_FAST_ACCUM=False, num_stages=4, num_warps=8
  triton_mm_424 0.0707 ms 49.3% ACC_TYPE='tl.float32', ALLOW_TF32=True, BLOCK_K=64, BLOCK_M=128, BLOCK_N=128, EVEN_K=True, GROUP_M=8, USE_FAST_ACCUM=False, num_stages=3, num_warps=4
SingleProcess AUTOTUNE benchmarking takes 0.3779 seconds and 0.0002 seconds precompiling for 21 choices
Autotune Choices Stats:
{"num_choices": 20, "num_triton_choices": 18, "best_kernel": "triton_mm_6421", "best_kernel_desc": "ACC_TYPE='tl.float32', ALLOW_TF32=True, BLOCK_K=128, BLOCK_M=64, BLOCK_N=32, EVEN_K=True, GROUP_M=8, USE_FAST_ACCUM=False, num_stages=5, num_warps=4", "best_time": 0.011264000087976456, "best_triton_pos": 0}
AUTOTUNE addmm(400x32, 400x1024, 1024x32)
strides: [0, 1], [1024, 1], [1, 1024]
dtypes: torch.bfloat16, torch.bfloat16, torch.bfloat16
  triton_mm_6421 0.0113 ms 100.0% ACC_TYPE='tl.float32', ALLOW_TF32=True, BLOCK_K=128, BLOCK_M=64, BLOCK_N=32, EVEN_K=True, GROUP_M=8, USE_FAST_ACCUM=False, num_stages=5, num_warps=4
  triton_mm_6428 0.0113 ms 100.0% ACC_TYPE='tl.float32', ALLOW_TF32=True, BLOCK_K=128, BLOCK_M=64, BLOCK_N=32, EVEN_K=True, GROUP_M=8, USE_FAST_ACCUM=False, num_stages=4, num_warps=4
  bias_addmm 0.0133 ms 84.6% 
  triton_mm_6419 0.0133 ms 84.6% ACC_TYPE='tl.float32', ALLOW_TF32=True, BLOCK_K=32, BLOCK_M=32, BLOCK_N=32, EVEN_K=True, GROUP_M=8, USE_FAST_ACCUM=False, num_stages=5, num_warps=4
  triton_mm_6418 0.0143 ms 78.6% ACC_TYPE='tl.float32', ALLOW_TF32=True, BLOCK_K=128, BLOCK_M=32, BLOCK_N=32, EVEN_K=True, GROUP_M=8, USE_FAST_ACCUM=False, num_stages=2, num_warps=4
  triton_mm_6424 0.0143 ms 78.6% ACC_TYPE='tl.float32', ALLOW_TF32=True, BLOCK_K=64, BLOCK_M=64, BLOCK_N=32, EVEN_K=True, GROUP_M=8, USE_FAST_ACCUM=False, num_stages=3, num_warps=8
  triton_mm_6434 0.0143 ms 78.6% ACC_TYPE='tl.float32', ALLOW_TF32=True, BLOCK_K=128, BLOCK_M=128, BLOCK_N=32, EVEN_K=True, GROUP_M=8, USE_FAST_ACCUM=False, num_stages=4, num_warps=8
  triton_mm_6420 0.0154 ms 73.3% ACC_TYPE='tl.float32', ALLOW_TF32=True, BLOCK_K=32, BLOCK_M=64, BLOCK_N=32, EVEN_K=True, GROUP_M=8, USE_FAST_ACCUM=False, num_stages=5, num_warps=8
  triton_mm_6427 0.0154 ms 73.3% ACC_TYPE='tl.float32', ALLOW_TF32=True, BLOCK_K=64, BLOCK_M=64, BLOCK_N=32, EVEN_K=True, GROUP_M=8, USE_FAST_ACCUM=False, num_stages=3, num_warps=4
  triton_mm_6432 0.0154 ms 73.3% ACC_TYPE='tl.float32', ALLOW_TF32=True, BLOCK_K=64, BLOCK_M=128, BLOCK_N=32, EVEN_K=True, GROUP_M=8, USE_FAST_ACCUM=False, num_stages=3, num_warps=4
SingleProcess AUTOTUNE benchmarking takes 0.3140 seconds and 0.0002 seconds precompiling for 20 choices
Autotune Choices Stats:
{"num_choices": 18, "num_triton_choices": 17, "best_kernel": "triton_mm_6514", "best_kernel_desc": "ACC_TYPE='tl.float32', ALLOW_TF32=True, BLOCK_K=16, BLOCK_M=64, BLOCK_N=64, EVEN_K=False, GROUP_M=8, USE_FAST_ACCUM=False, num_stages=5, num_warps=4", "best_time": 0.011264000087976456, "best_triton_pos": 0}
AUTOTUNE mm(3072x8, 8x1024)
strides: [1, 3072], [1024, 1]
dtypes: torch.bfloat16, torch.bfloat16
  triton_mm_6514 0.0113 ms 100.0% ACC_TYPE='tl.float32', ALLOW_TF32=True, BLOCK_K=16, BLOCK_M=64, BLOCK_N=64, EVEN_K=False, GROUP_M=8, USE_FAST_ACCUM=False, num_stages=5, num_warps=4
  triton_mm_6507 0.0123 ms 91.7% ACC_TYPE='tl.float32', ALLOW_TF32=True, BLOCK_K=16, BLOCK_M=32, BLOCK_N=32, EVEN_K=False, GROUP_M=8, USE_FAST_ACCUM=False, num_stages=1, num_warps=2
  triton_mm_6508 0.0123 ms 91.7% ACC_TYPE='tl.float32', ALLOW_TF32=True, BLOCK_K=16, BLOCK_M=32, BLOCK_N=32, EVEN_K=False, GROUP_M=8, USE_FAST_ACCUM=False, num_stages=2, num_warps=4
  triton_mm_6509 0.0123 ms 91.7% ACC_TYPE='tl.float32', ALLOW_TF32=True, BLOCK_K=16, BLOCK_M=32, BLOCK_N=64, EVEN_K=False, GROUP_M=8, USE_FAST_ACCUM=False, num_stages=5, num_warps=8
  triton_mm_6510 0.0123 ms 91.7% ACC_TYPE='tl.float32', ALLOW_TF32=True, BLOCK_K=16, BLOCK_M=64, BLOCK_N=32, EVEN_K=False, GROUP_M=8, USE_FAST_ACCUM=False, num_stages=5, num_warps=8
  triton_mm_6511 0.0123 ms 91.7% ACC_TYPE='tl.float32', ALLOW_TF32=True, BLOCK_K=16, BLOCK_M=64, BLOCK_N=32, EVEN_K=False, GROUP_M=8, USE_FAST_ACCUM=False, num_stages=5, num_warps=4
  triton_mm_6512 0.0123 ms 91.7% ACC_TYPE='tl.float32', ALLOW_TF32=True, BLOCK_K=16, BLOCK_M=64, BLOCK_N=64, EVEN_K=False, GROUP_M=8, USE_FAST_ACCUM=False, num_stages=2, num_warps=4
  triton_mm_6513 0.0123 ms 91.7% ACC_TYPE='tl.float32', ALLOW_TF32=True, BLOCK_K=16, BLOCK_M=64, BLOCK_N=64, EVEN_K=False, GROUP_M=8, USE_FAST_ACCUM=False, num_stages=3, num_warps=8
  triton_mm_6515 0.0123 ms 91.7% ACC_TYPE='tl.float32', ALLOW_TF32=True, BLOCK_K=16, BLOCK_M=64, BLOCK_N=128, EVEN_K=False, GROUP_M=8, USE_FAST_ACCUM=False, num_stages=3, num_warps=4
  triton_mm_6516 0.0123 ms 91.7% ACC_TYPE='tl.float32', ALLOW_TF32=True, BLOCK_K=16, BLOCK_M=64, BLOCK_N=128, EVEN_K=False, GROUP_M=8, USE_FAST_ACCUM=False, num_stages=4, num_warps=8
SingleProcess AUTOTUNE benchmarking takes 0.2150 seconds and 0.0004 seconds precompiling for 18 choices
Autotune Choices Stats:
{"num_choices": 18, "num_triton_choices": 17, "best_kernel": "triton_mm_25216", "best_kernel_desc": "ACC_TYPE='tl.float32', ALLOW_TF32=True, BLOCK_K=16, BLOCK_M=64, BLOCK_N=32, EVEN_K=False, GROUP_M=8, USE_FAST_ACCUM=False, num_stages=5, num_warps=8", "best_time": 0.0071680000983178616, "best_triton_pos": 0}
AUTOTUNE mm(1024x8, 8x1024)
strides: [1, 1024], [1024, 1]
dtypes: torch.bfloat16, torch.bfloat16
  triton_mm_25216 0.0072 ms 100.0% ACC_TYPE='tl.float32', ALLOW_TF32=True, BLOCK_K=16, BLOCK_M=64, BLOCK_N=32, EVEN_K=False, GROUP_M=8, USE_FAST_ACCUM=False, num_stages=5, num_warps=8
  triton_mm_25218 0.0072 ms 100.0% ACC_TYPE='tl.float32', ALLOW_TF32=True, BLOCK_K=16, BLOCK_M=64, BLOCK_N=64, EVEN_K=False, GROUP_M=8, USE_FAST_ACCUM=False, num_stages=2, num_warps=4
  triton_mm_25219 0.0072 ms 100.0% ACC_TYPE='tl.float32', ALLOW_TF32=True, BLOCK_K=16, BLOCK_M=64, BLOCK_N=64, EVEN_K=False, GROUP_M=8, USE_FAST_ACCUM=False, num_stages=3, num_warps=8
  triton_mm_25220 0.0072 ms 100.0% ACC_TYPE='tl.float32', ALLOW_TF32=True, BLOCK_K=16, BLOCK_M=64, BLOCK_N=64, EVEN_K=False, GROUP_M=8, USE_FAST_ACCUM=False, num_stages=5, num_warps=4
  triton_mm_25221 0.0072 ms 100.0% ACC_TYPE='tl.float32', ALLOW_TF32=True, BLOCK_K=16, BLOCK_M=64, BLOCK_N=128, EVEN_K=False, GROUP_M=8, USE_FAST_ACCUM=False, num_stages=3, num_warps=4
  triton_mm_25213 0.0082 ms 87.5% ACC_TYPE='tl.float32', ALLOW_TF32=True, BLOCK_K=16, BLOCK_M=32, BLOCK_N=32, EVEN_K=False, GROUP_M=8, USE_FAST_ACCUM=False, num_stages=1, num_warps=2
  triton_mm_25214 0.0082 ms 87.5% ACC_TYPE='tl.float32', ALLOW_TF32=True, BLOCK_K=16, BLOCK_M=32, BLOCK_N=32, EVEN_K=False, GROUP_M=8, USE_FAST_ACCUM=False, num_stages=2, num_warps=4
  triton_mm_25215 0.0082 ms 87.5% ACC_TYPE='tl.float32', ALLOW_TF32=True, BLOCK_K=16, BLOCK_M=32, BLOCK_N=64, EVEN_K=False, GROUP_M=8, USE_FAST_ACCUM=False, num_stages=5, num_warps=8
  triton_mm_25217 0.0082 ms 87.5% ACC_TYPE='tl.float32', ALLOW_TF32=True, BLOCK_K=16, BLOCK_M=64, BLOCK_N=32, EVEN_K=False, GROUP_M=8, USE_FAST_ACCUM=False, num_stages=5, num_warps=4
  triton_mm_25222 0.0082 ms 87.5% ACC_TYPE='tl.float32', ALLOW_TF32=True, BLOCK_K=16, BLOCK_M=64, BLOCK_N=128, EVEN_K=False, GROUP_M=8, USE_FAST_ACCUM=False, num_stages=4, num_warps=8
SingleProcess AUTOTUNE benchmarking takes 0.1922 seconds and 0.0001 seconds precompiling for 18 choices
Autotune Choices Stats:
{"num_choices": 19, "num_triton_choices": 18, "best_kernel": "triton_mm_6493", "best_kernel_desc": "ACC_TYPE='tl.float32', ALLOW_TF32=True, BLOCK_K=128, BLOCK_M=32, BLOCK_N=32, EVEN_K=False, GROUP_M=8, USE_FAST_ACCUM=False, num_stages=5, num_warps=4", "best_time": 0.008191999979317188, "best_triton_pos": 0}
AUTOTUNE mm(32x400, 400x1024)
strides: [1, 32], [1024, 1]
dtypes: torch.bfloat16, torch.bfloat16
  triton_mm_6493 0.0082 ms 100.0% ACC_TYPE='tl.float32', ALLOW_TF32=True, BLOCK_K=128, BLOCK_M=32, BLOCK_N=32, EVEN_K=False, GROUP_M=8, USE_FAST_ACCUM=False, num_stages=5, num_warps=4
  triton_mm_6492 0.0092 ms 88.9% ACC_TYPE='tl.float32', ALLOW_TF32=True, BLOCK_K=32, BLOCK_M=32, BLOCK_N=32, EVEN_K=False, GROUP_M=8, USE_FAST_ACCUM=False, num_stages=5, num_warps=4
  triton_mm_6497 0.0092 ms 88.9% ACC_TYPE='tl.float32', ALLOW_TF32=True, BLOCK_K=128, BLOCK_M=32, BLOCK_N=64, EVEN_K=False, GROUP_M=8, USE_FAST_ACCUM=False, num_stages=5, num_warps=4
  mm 0.0102 ms 80.0% 
  triton_mm_6491 0.0102 ms 80.0% ACC_TYPE='tl.float32', ALLOW_TF32=True, BLOCK_K=32, BLOCK_M=32, BLOCK_N=64, EVEN_K=False, GROUP_M=8, USE_FAST_ACCUM=False, num_stages=5, num_warps=8
  triton_mm_6496 0.0102 ms 80.0% ACC_TYPE='tl.float32', ALLOW_TF32=True, BLOCK_K=64, BLOCK_M=32, BLOCK_N=64, EVEN_K=False, GROUP_M=8, USE_FAST_ACCUM=False, num_stages=3, num_warps=8
  triton_mm_6500 0.0102 ms 80.0% ACC_TYPE='tl.float32', ALLOW_TF32=True, BLOCK_K=64, BLOCK_M=32, BLOCK_N=128, EVEN_K=False, GROUP_M=8, USE_FAST_ACCUM=False, num_stages=3, num_warps=4
  triton_mm_6503 0.0102 ms 80.0% ACC_TYPE='tl.float32', ALLOW_TF32=True, BLOCK_K=32, BLOCK_M=32, BLOCK_N=64, EVEN_K=False, GROUP_M=8, USE_FAST_ACCUM=False, num_stages=4, num_warps=8
  triton_mm_6505 0.0102 ms 80.0% ACC_TYPE='tl.float32', ALLOW_TF32=True, BLOCK_K=64, BLOCK_M=32, BLOCK_N=128, EVEN_K=False, GROUP_M=8, USE_FAST_ACCUM=False, num_stages=5, num_warps=8
  triton_mm_6490 0.0113 ms 72.7% ACC_TYPE='tl.float32', ALLOW_TF32=True, BLOCK_K=128, BLOCK_M=32, BLOCK_N=32, EVEN_K=False, GROUP_M=8, USE_FAST_ACCUM=False, num_stages=2, num_warps=4
SingleProcess AUTOTUNE benchmarking takes 0.2170 seconds and 0.0002 seconds precompiling for 19 choices
Autotune Choices Stats:
{"num_choices": 19, "num_triton_choices": 18, "best_kernel": "triton_mm_25249", "best_kernel_desc": "ACC_TYPE='tl.float32', ALLOW_TF32=True, BLOCK_K=32, BLOCK_M=32, BLOCK_N=32, EVEN_K=False, GROUP_M=8, USE_FAST_ACCUM=False, num_stages=5, num_warps=4", "best_time": 0.009216000325977802, "best_triton_pos": 0}
AUTOTUNE mm(1024x400, 400x32)
strides: [1, 1024], [32, 1]
dtypes: torch.bfloat16, torch.bfloat16
  triton_mm_25249 0.0092 ms 100.0% ACC_TYPE='tl.float32', ALLOW_TF32=True, BLOCK_K=32, BLOCK_M=32, BLOCK_N=32, EVEN_K=False, GROUP_M=8, USE_FAST_ACCUM=False, num_stages=5, num_warps=4
  triton_mm_25251 0.0092 ms 100.0% ACC_TYPE='tl.float32', ALLOW_TF32=True, BLOCK_K=128, BLOCK_M=64, BLOCK_N=32, EVEN_K=False, GROUP_M=8, USE_FAST_ACCUM=False, num_stages=5, num_warps=4
  triton_mm_25258 0.0092 ms 100.0% ACC_TYPE='tl.float32', ALLOW_TF32=True, BLOCK_K=128, BLOCK_M=64, BLOCK_N=32, EVEN_K=False, GROUP_M=8, USE_FAST_ACCUM=False, num_stages=4, num_warps=4
  mm 0.0102 ms 90.0% 
  triton_mm_25248 0.0102 ms 90.0% ACC_TYPE='tl.float32', ALLOW_TF32=True, BLOCK_K=128, BLOCK_M=32, BLOCK_N=32, EVEN_K=False, GROUP_M=8, USE_FAST_ACCUM=False, num_stages=2, num_warps=4
  triton_mm_25250 0.0102 ms 90.0% ACC_TYPE='tl.float32', ALLOW_TF32=True, BLOCK_K=32, BLOCK_M=64, BLOCK_N=32, EVEN_K=False, GROUP_M=8, USE_FAST_ACCUM=False, num_stages=5, num_warps=8
  triton_mm_25254 0.0102 ms 90.0% ACC_TYPE='tl.float32', ALLOW_TF32=True, BLOCK_K=64, BLOCK_M=64, BLOCK_N=32, EVEN_K=False, GROUP_M=8, USE_FAST_ACCUM=False, num_stages=3, num_warps=8
  triton_mm_25256 0.0102 ms 90.0% ACC_TYPE='tl.float32', ALLOW_TF32=True, BLOCK_K=32, BLOCK_M=64, BLOCK_N=32, EVEN_K=False, GROUP_M=8, USE_FAST_ACCUM=False, num_stages=4, num_warps=8
  triton_mm_25257 0.0102 ms 90.0% ACC_TYPE='tl.float32', ALLOW_TF32=True, BLOCK_K=64, BLOCK_M=64, BLOCK_N=32, EVEN_K=False, GROUP_M=8, USE_FAST_ACCUM=False, num_stages=3, num_warps=4
  triton_mm_25262 0.0102 ms 90.0% ACC_TYPE='tl.float32', ALLOW_TF32=True, BLOCK_K=64, BLOCK_M=128, BLOCK_N=32, EVEN_K=False, GROUP_M=8, USE_FAST_ACCUM=False, num_stages=3, num_warps=4
SingleProcess AUTOTUNE benchmarking takes 0.2183 seconds and 0.0002 seconds precompiling for 19 choices
Autotune Choices Stats:
{"num_choices": 19, "num_triton_choices": 18, "best_kernel": "triton_mm_10897", "best_kernel_desc": "ACC_TYPE='tl.float32', ALLOW_TF32=True, BLOCK_K=128, BLOCK_M=16, BLOCK_N=32, EVEN_K=True, GROUP_M=8, USE_FAST_ACCUM=False, num_stages=5, num_warps=2", "best_time": 0.015359999611973763, "best_triton_pos": 0}
AUTOTUNE mm(8x3072, 3072x1024)
strides: [3072, 1], [1024, 1]
dtypes: torch.bfloat16, torch.bfloat16
  triton_mm_10897 0.0154 ms 100.0% ACC_TYPE='tl.float32', ALLOW_TF32=True, BLOCK_K=128, BLOCK_M=16, BLOCK_N=32, EVEN_K=True, GROUP_M=8, USE_FAST_ACCUM=False, num_stages=5, num_warps=2
  triton_mm_10901 0.0154 ms 100.0% ACC_TYPE='tl.float32', ALLOW_TF32=True, BLOCK_K=128, BLOCK_M=16, BLOCK_N=64, EVEN_K=True, GROUP_M=8, USE_FAST_ACCUM=False, num_stages=5, num_warps=4
  mm 0.0195 ms 78.9% 
  triton_mm_10910 0.0215 ms 71.4% ACC_TYPE='tl.float32', ALLOW_TF32=True, BLOCK_K=128, BLOCK_M=16, BLOCK_N=128, EVEN_K=True, GROUP_M=8, USE_FAST_ACCUM=False, num_stages=4, num_warps=8
  triton_mm_10909 0.0246 ms 62.5% ACC_TYPE='tl.float32', ALLOW_TF32=True, BLOCK_K=64, BLOCK_M=16, BLOCK_N=128, EVEN_K=True, GROUP_M=8, USE_FAST_ACCUM=False, num_stages=5, num_warps=8
  triton_mm_10895 0.0256 ms 60.0% ACC_TYPE='tl.float32', ALLOW_TF32=True, BLOCK_K=32, BLOCK_M=16, BLOCK_N=64, EVEN_K=True, GROUP_M=8, USE_FAST_ACCUM=False, num_stages=5, num_warps=4
  triton_mm_10896 0.0256 ms 60.0% ACC_TYPE='tl.float32', ALLOW_TF32=True, BLOCK_K=32, BLOCK_M=16, BLOCK_N=32, EVEN_K=True, GROUP_M=8, USE_FAST_ACCUM=False, num_stages=5, num_warps=2
  triton_mm_10900 0.0266 ms 57.7% ACC_TYPE='tl.float32', ALLOW_TF32=True, BLOCK_K=64, BLOCK_M=16, BLOCK_N=64, EVEN_K=True, GROUP_M=8, USE_FAST_ACCUM=False, num_stages=3, num_warps=4
  triton_mm_10905 0.0266 ms 57.7% ACC_TYPE='tl.float32', ALLOW_TF32=True, BLOCK_K=128, BLOCK_M=16, BLOCK_N=128, EVEN_K=True, GROUP_M=8, USE_FAST_ACCUM=False, num_stages=4, num_warps=4
  triton_mm_10904 0.0307 ms 50.0% ACC_TYPE='tl.float32', ALLOW_TF32=True, BLOCK_K=64, BLOCK_M=16, BLOCK_N=128, EVEN_K=True, GROUP_M=8, USE_FAST_ACCUM=False, num_stages=3, num_warps=4
SingleProcess AUTOTUNE benchmarking takes 0.2733 seconds and 0.0003 seconds precompiling for 19 choices
Autotune Choices Stats:
{"num_choices": 19, "num_triton_choices": 18, "best_kernel": "triton_mm_25199", "best_kernel_desc": "ACC_TYPE='tl.float32', ALLOW_TF32=True, BLOCK_K=128, BLOCK_M=16, BLOCK_N=32, EVEN_K=True, GROUP_M=8, USE_FAST_ACCUM=False, num_stages=5, num_warps=2", "best_time": 0.009216000325977802, "best_triton_pos": 0}
AUTOTUNE mm(8x1024, 1024x1024)
strides: [1024, 1], [1024, 1]
dtypes: torch.bfloat16, torch.bfloat16
  triton_mm_25199 0.0092 ms 100.0% ACC_TYPE='tl.float32', ALLOW_TF32=True, BLOCK_K=128, BLOCK_M=16, BLOCK_N=32, EVEN_K=True, GROUP_M=8, USE_FAST_ACCUM=False, num_stages=5, num_warps=2
  triton_mm_25203 0.0102 ms 90.0% ACC_TYPE='tl.float32', ALLOW_TF32=True, BLOCK_K=128, BLOCK_M=16, BLOCK_N=64, EVEN_K=True, GROUP_M=8, USE_FAST_ACCUM=False, num_stages=5, num_warps=4
  mm 0.0123 ms 75.0% 
  triton_mm_25212 0.0123 ms 75.0% ACC_TYPE='tl.float32', ALLOW_TF32=True, BLOCK_K=128, BLOCK_M=16, BLOCK_N=128, EVEN_K=True, GROUP_M=8, USE_FAST_ACCUM=False, num_stages=4, num_warps=8
  triton_mm_25197 0.0133 ms 69.2% ACC_TYPE='tl.float32', ALLOW_TF32=True, BLOCK_K=32, BLOCK_M=16, BLOCK_N=64, EVEN_K=True, GROUP_M=8, USE_FAST_ACCUM=False, num_stages=5, num_warps=4
  triton_mm_25198 0.0133 ms 69.2% ACC_TYPE='tl.float32', ALLOW_TF32=True, BLOCK_K=32, BLOCK_M=16, BLOCK_N=32, EVEN_K=True, GROUP_M=8, USE_FAST_ACCUM=False, num_stages=5, num_warps=2
  triton_mm_25207 0.0133 ms 69.2% ACC_TYPE='tl.float32', ALLOW_TF32=True, BLOCK_K=128, BLOCK_M=16, BLOCK_N=128, EVEN_K=True, GROUP_M=8, USE_FAST_ACCUM=False, num_stages=4, num_warps=4
  triton_mm_25211 0.0133 ms 69.2% ACC_TYPE='tl.float32', ALLOW_TF32=True, BLOCK_K=64, BLOCK_M=16, BLOCK_N=128, EVEN_K=True, GROUP_M=8, USE_FAST_ACCUM=False, num_stages=5, num_warps=8
  triton_mm_25196 0.0143 ms 64.3% ACC_TYPE='tl.float32', ALLOW_TF32=True, BLOCK_K=128, BLOCK_M=16, BLOCK_N=32, EVEN_K=True, GROUP_M=8, USE_FAST_ACCUM=False, num_stages=2, num_warps=2
  triton_mm_25202 0.0143 ms 64.3% ACC_TYPE='tl.float32', ALLOW_TF32=True, BLOCK_K=64, BLOCK_M=16, BLOCK_N=64, EVEN_K=True, GROUP_M=8, USE_FAST_ACCUM=False, num_stages=3, num_warps=4
SingleProcess AUTOTUNE benchmarking takes 0.2297 seconds and 0.0002 seconds precompiling for 19 choices
Autotune Choices Stats:
{"num_choices": 11, "num_triton_choices": 10, "best_kernel": "_mm_plus_mm", "best_time": 0.03993599861860275, "best_triton_pos": 1, "best_triton_time": 0.06656000018119812, "best_triton_kernel": "triton_mm_plus_mm_6961", "best_triton_kernel_desc": "ACC_TYPE='tl.float32', ALLOW_TF32=True, BLOCK_K=128, BLOCK_M=32, BLOCK_N=32, EVEN_K=True, GROUP_M=8, USE_FAST_ACCUM=False, num_stages=1, num_warps=4"}
AUTOTUNE mm_plus_mm(8x3072, 3072x1024, 8x3072, 3072x1024)
strides: [3072, 1], [1024, 1], [3072, 1], [1024, 1]
dtypes: torch.bfloat16, torch.bfloat16, torch.bfloat16, torch.bfloat16
  _mm_plus_mm 0.0399 ms 100.0% 
  triton_mm_plus_mm_6961 0.0666 ms 60.0% ACC_TYPE='tl.float32', ALLOW_TF32=True, BLOCK_K=128, BLOCK_M=32, BLOCK_N=32, EVEN_K=True, GROUP_M=8, USE_FAST_ACCUM=False, num_stages=1, num_warps=4
  triton_mm_plus_mm_6958 0.0707 ms 56.5% ACC_TYPE='tl.float32', ALLOW_TF32=True, BLOCK_K=32, BLOCK_M=32, BLOCK_N=64, EVEN_K=True, GROUP_M=8, USE_FAST_ACCUM=False, num_stages=4, num_warps=8
  triton_mm_plus_mm_6957 0.0758 ms 52.7% ACC_TYPE='tl.float32', ALLOW_TF32=True, BLOCK_K=32, BLOCK_M=64, BLOCK_N=32, EVEN_K=True, GROUP_M=8, USE_FAST_ACCUM=False, num_stages=4, num_warps=8
  triton_mm_plus_mm_6956 0.1024 ms 39.0% ACC_TYPE='tl.float32', ALLOW_TF32=True, BLOCK_K=32, BLOCK_M=64, BLOCK_N=64, EVEN_K=True, GROUP_M=8, USE_FAST_ACCUM=False, num_stages=4, num_warps=16
  triton_mm_plus_mm_6955 0.1075 ms 37.1% ACC_TYPE='tl.float32', ALLOW_TF32=True, BLOCK_K=32, BLOCK_M=64, BLOCK_N=64, EVEN_K=True, GROUP_M=8, USE_FAST_ACCUM=False, num_stages=3, num_warps=8
  triton_mm_plus_mm_6960 0.1280 ms 31.2% ACC_TYPE='tl.float32', ALLOW_TF32=True, BLOCK_K=64, BLOCK_M=64, BLOCK_N=64, EVEN_K=True, GROUP_M=8, USE_FAST_ACCUM=False, num_stages=1, num_warps=8
  triton_mm_plus_mm_6954 0.1905 ms 21.0% ACC_TYPE='tl.float32', ALLOW_TF32=True, BLOCK_K=32, BLOCK_M=64, BLOCK_N=64, EVEN_K=True, GROUP_M=8, USE_FAST_ACCUM=False, num_stages=2, num_warps=4
  triton_mm_plus_mm_6959 0.2714 ms 14.7% ACC_TYPE='tl.float32', ALLOW_TF32=True, BLOCK_K=32, BLOCK_M=128, BLOCK_N=128, EVEN_K=True, GROUP_M=8, USE_FAST_ACCUM=False, num_stages=1, num_warps=8
  triton_mm_plus_mm_6963 0.2888 ms 13.8% ACC_TYPE='tl.float32', ALLOW_TF32=True, BLOCK_K=16, BLOCK_M=32, BLOCK_N=32, EVEN_K=True, GROUP_M=8, USE_FAST_ACCUM=False, num_stages=1, num_warps=2
SingleProcess AUTOTUNE benchmarking takes 0.2898 seconds and 0.0004 seconds precompiling for 11 choices
Autotune Choices Stats:
{"num_choices": 19, "num_triton_choices": 18, "best_kernel": "triton_mm_6471", "best_kernel_desc": "ACC_TYPE='tl.float32', ALLOW_TF32=True, BLOCK_K=16, BLOCK_M=32, BLOCK_N=32, EVEN_K=True, GROUP_M=8, USE_FAST_ACCUM=False, num_stages=1, num_warps=2", "best_time": 0.009216000325977802, "best_triton_pos": 0}
AUTOTUNE mm(400x32, 32x1024)
strides: [32, 1], [1024, 1]
dtypes: torch.bfloat16, torch.bfloat16
  triton_mm_6471 0.0092 ms 100.0% ACC_TYPE='tl.float32', ALLOW_TF32=True, BLOCK_K=16, BLOCK_M=32, BLOCK_N=32, EVEN_K=True, GROUP_M=8, USE_FAST_ACCUM=False, num_stages=1, num_warps=2
  triton_mm_6472 0.0092 ms 100.0% ACC_TYPE='tl.float32', ALLOW_TF32=True, BLOCK_K=32, BLOCK_M=32, BLOCK_N=32, EVEN_K=True, GROUP_M=8, USE_FAST_ACCUM=False, num_stages=2, num_warps=4
  triton_mm_6473 0.0092 ms 100.0% ACC_TYPE='tl.float32', ALLOW_TF32=True, BLOCK_K=32, BLOCK_M=32, BLOCK_N=64, EVEN_K=True, GROUP_M=8, USE_FAST_ACCUM=False, num_stages=5, num_warps=8
  triton_mm_6474 0.0092 ms 100.0% ACC_TYPE='tl.float32', ALLOW_TF32=True, BLOCK_K=32, BLOCK_M=64, BLOCK_N=32, EVEN_K=True, GROUP_M=8, USE_FAST_ACCUM=False, num_stages=5, num_warps=8
  triton_mm_6475 0.0092 ms 100.0% ACC_TYPE='tl.float32', ALLOW_TF32=True, BLOCK_K=32, BLOCK_M=64, BLOCK_N=32, EVEN_K=True, GROUP_M=8, USE_FAST_ACCUM=False, num_stages=5, num_warps=4
  triton_mm_6476 0.0092 ms 100.0% ACC_TYPE='tl.float32', ALLOW_TF32=True, BLOCK_K=16, BLOCK_M=64, BLOCK_N=64, EVEN_K=True, GROUP_M=8, USE_FAST_ACCUM=False, num_stages=2, num_warps=4
  triton_mm_6477 0.0092 ms 100.0% ACC_TYPE='tl.float32', ALLOW_TF32=True, BLOCK_K=32, BLOCK_M=64, BLOCK_N=64, EVEN_K=True, GROUP_M=8, USE_FAST_ACCUM=False, num_stages=2, num_warps=4
  triton_mm_6478 0.0092 ms 100.0% ACC_TYPE='tl.float32', ALLOW_TF32=True, BLOCK_K=32, BLOCK_M=64, BLOCK_N=64, EVEN_K=True, GROUP_M=8, USE_FAST_ACCUM=False, num_stages=3, num_warps=8
  triton_mm_6479 0.0092 ms 100.0% ACC_TYPE='tl.float32', ALLOW_TF32=True, BLOCK_K=32, BLOCK_M=64, BLOCK_N=64, EVEN_K=True, GROUP_M=8, USE_FAST_ACCUM=False, num_stages=5, num_warps=4
  triton_mm_6480 0.0092 ms 100.0% ACC_TYPE='tl.float32', ALLOW_TF32=True, BLOCK_K=32, BLOCK_M=64, BLOCK_N=128, EVEN_K=True, GROUP_M=8, USE_FAST_ACCUM=False, num_stages=3, num_warps=4
SingleProcess AUTOTUNE benchmarking takes 0.2167 seconds and 0.0002 seconds precompiling for 19 choices
W0717 08:49:15.138000 13342 sim-link-f1/deps/lerobot/.venv/lib/python3.12/site-packages/torch/_inductor/scheduler.py:3820] [3/0] Layout conflict detected for buf26: template expects FixedLayout('cuda:0', torch.float32, size=[8, 1, 1018], stride=[1018, 1018, 1]) but layout is frozen to FixedLayout('cuda:0', torch.float32, size=[8, 1, 1018], stride=[1018, 8160, 1])
E0717 08:49:15.444000 13342 sim-link-f1/deps/lerobot/.venv/lib/python3.12/site-packages/torch/_inductor/select_algorithm.py:3924] [3/0] Runtime error during autotuning: 
E0717 08:49:15.444000 13342 sim-link-f1/deps/lerobot/.venv/lib/python3.12/site-packages/torch/_inductor/select_algorithm.py:3924] [3/0] No valid triton configs. OutOfMemoryError: out of resource: triton_mm Required: 196608 Hardware limit:166912 Reducing block sizes or `num_stages` may help.. 
E0717 08:49:15.444000 13342 sim-link-f1/deps/lerobot/.venv/lib/python3.12/site-packages/torch/_inductor/select_algorithm.py:3924] [3/0] Ignoring this choice.
Autotune Choices Stats:
{"num_choices": 21, "num_triton_choices": 20, "best_kernel": "triton_mm_6846", "best_kernel_desc": "ACC_TYPE='tl.float32', ALLOW_TF32=True, BLOCK_K=32, BLOCK_M=64, BLOCK_N=128, EVEN_K=True, GROUP_M=8, USE_FAST_ACCUM=False, num_stages=3, num_warps=4", "best_time": 0.03276799991726875, "best_triton_pos": 0}
AUTOTUNE mm(400x1024, 1024x4096)
strides: [1024, 1], [4096, 1]
dtypes: torch.bfloat16, torch.bfloat16
  triton_mm_6846 0.0328 ms 100.0% ACC_TYPE='tl.float32', ALLOW_TF32=True, BLOCK_K=32, BLOCK_M=64, BLOCK_N=128, EVEN_K=True, GROUP_M=8, USE_FAST_ACCUM=False, num_stages=3, num_warps=4
  triton_mm_6848 0.0328 ms 100.0% ACC_TYPE='tl.float32', ALLOW_TF32=True, BLOCK_K=64, BLOCK_M=64, BLOCK_N=128, EVEN_K=True, GROUP_M=8, USE_FAST_ACCUM=False, num_stages=3, num_warps=4
  triton_mm_6850 0.0358 ms 91.4% ACC_TYPE='tl.float32', ALLOW_TF32=True, BLOCK_K=32, BLOCK_M=128, BLOCK_N=64, EVEN_K=True, GROUP_M=8, USE_FAST_ACCUM=False, num_stages=3, num_warps=4
  triton_mm_6847 0.0369 ms 88.9% ACC_TYPE='tl.float32', ALLOW_TF32=True, BLOCK_K=32, BLOCK_M=64, BLOCK_N=128, EVEN_K=True, GROUP_M=8, USE_FAST_ACCUM=False, num_stages=4, num_warps=8
  triton_mm_6849 0.0379 ms 86.5% ACC_TYPE='tl.float32', ALLOW_TF32=True, BLOCK_K=128, BLOCK_M=64, BLOCK_N=128, EVEN_K=True, GROUP_M=8, USE_FAST_ACCUM=False, num_stages=4, num_warps=4
  triton_mm_6851 0.0379 ms 86.5% ACC_TYPE='tl.float32', ALLOW_TF32=True, BLOCK_K=32, BLOCK_M=128, BLOCK_N=64, EVEN_K=True, GROUP_M=8, USE_FAST_ACCUM=False, num_stages=4, num_warps=8
  triton_mm_6854 0.0389 ms 84.2% ACC_TYPE='tl.float32', ALLOW_TF32=True, BLOCK_K=64, BLOCK_M=128, BLOCK_N=128, EVEN_K=True, GROUP_M=8, USE_FAST_ACCUM=False, num_stages=3, num_warps=4
  triton_mm_6844 0.0399 ms 82.1% ACC_TYPE='tl.float32', ALLOW_TF32=True, BLOCK_K=64, BLOCK_M=64, BLOCK_N=64, EVEN_K=True, GROUP_M=8, USE_FAST_ACCUM=False, num_stages=3, num_warps=8
  triton_mm_6853 0.0399 ms 82.1% ACC_TYPE='tl.float32', ALLOW_TF32=True, BLOCK_K=32, BLOCK_M=128, BLOCK_N=128, EVEN_K=True, GROUP_M=8, USE_FAST_ACCUM=False, num_stages=3, num_warps=4
  mm 0.0420 ms 78.0% 
SingleProcess AUTOTUNE benchmarking takes 0.2945 seconds and 0.0002 seconds precompiling for 21 choices
E0717 08:49:15.811000 13342 sim-link-f1/deps/lerobot/.venv/lib/python3.12/site-packages/torch/_inductor/select_algorithm.py:3924] [3/0] Runtime error during autotuning: 
E0717 08:49:15.811000 13342 sim-link-f1/deps/lerobot/.venv/lib/python3.12/site-packages/torch/_inductor/select_algorithm.py:3924] [3/0] No valid triton configs. OutOfMemoryError: out of resource: triton_mm Required: 196608 Hardware limit:166912 Reducing block sizes or `num_stages` may help.. 
E0717 08:49:15.811000 13342 sim-link-f1/deps/lerobot/.venv/lib/python3.12/site-packages/torch/_inductor/select_algorithm.py:3924] [3/0] Ignoring this choice.
Autotune Choices Stats:
{"num_choices": 21, "num_triton_choices": 20, "best_kernel": "mm", "best_time": 0.03481600061058998, "best_triton_pos": 1, "best_triton_time": 0.04198399931192398, "best_triton_kernel": "triton_mm_6889", "best_triton_kernel_desc": "ACC_TYPE='tl.float32', ALLOW_TF32=True, BLOCK_K=128, BLOCK_M=64, BLOCK_N=128, EVEN_K=True, GROUP_M=8, USE_FAST_ACCUM=False, num_stages=4, num_warps=4"}
AUTOTUNE mm(400x4096, 4096x1024)
strides: [4096, 1], [1024, 1]
dtypes: torch.bfloat16, torch.bfloat16
  mm 0.0348 ms 100.0% 
  triton_mm_6889 0.0420 ms 82.9% ACC_TYPE='tl.float32', ALLOW_TF32=True, BLOCK_K=128, BLOCK_M=64, BLOCK_N=128, EVEN_K=True, GROUP_M=8, USE_FAST_ACCUM=False, num_stages=4, num_warps=4
  triton_mm_6888 0.0502 ms 69.4% ACC_TYPE='tl.float32', ALLOW_TF32=True, BLOCK_K=64, BLOCK_M=64, BLOCK_N=128, EVEN_K=True, GROUP_M=8, USE_FAST_ACCUM=False, num_stages=3, num_warps=4
  triton_mm_6885 0.0532 ms 65.4% ACC_TYPE='tl.float32', ALLOW_TF32=True, BLOCK_K=128, BLOCK_M=64, BLOCK_N=64, EVEN_K=True, GROUP_M=8, USE_FAST_ACCUM=False, num_stages=5, num_warps=4
  triton_mm_6878 0.0553 ms 63.0% ACC_TYPE='tl.float32', ALLOW_TF32=True, BLOCK_K=128, BLOCK_M=32, BLOCK_N=32, EVEN_K=True, GROUP_M=8, USE_FAST_ACCUM=False, num_stages=2, num_warps=4
  triton_mm_6884 0.0553 ms 63.0% ACC_TYPE='tl.float32', ALLOW_TF32=True, BLOCK_K=64, BLOCK_M=64, BLOCK_N=64, EVEN_K=True, GROUP_M=8, USE_FAST_ACCUM=False, num_stages=3, num_warps=8
  triton_mm_6887 0.0553 ms 63.0% ACC_TYPE='tl.float32', ALLOW_TF32=True, BLOCK_K=32, BLOCK_M=64, BLOCK_N=128, EVEN_K=True, GROUP_M=8, USE_FAST_ACCUM=False, num_stages=4, num_warps=8
  triton_mm_6879 0.0573 ms 60.7% ACC_TYPE='tl.float32', ALLOW_TF32=True, BLOCK_K=32, BLOCK_M=32, BLOCK_N=64, EVEN_K=True, GROUP_M=8, USE_FAST_ACCUM=False, num_stages=5, num_warps=8
  triton_mm_6891 0.0604 ms 57.6% ACC_TYPE='tl.float32', ALLOW_TF32=True, BLOCK_K=32, BLOCK_M=128, BLOCK_N=64, EVEN_K=True, GROUP_M=8, USE_FAST_ACCUM=False, num_stages=4, num_warps=8
  triton_mm_6881 0.0686 ms 50.7% ACC_TYPE='tl.float32', ALLOW_TF32=True, BLOCK_K=128, BLOCK_M=64, BLOCK_N=32, EVEN_K=True, GROUP_M=8, USE_FAST_ACCUM=False, num_stages=5, num_warps=4
SingleProcess AUTOTUNE benchmarking takes 0.3646 seconds and 0.0002 seconds precompiling for 21 choices
E0717 08:49:16.076000 13342 sim-link-f1/deps/lerobot/.venv/lib/python3.12/site-packages/torch/_inductor/select_algorithm.py:3924] [3/0] Runtime error during autotuning: 
E0717 08:49:16.076000 13342 sim-link-f1/deps/lerobot/.venv/lib/python3.12/site-packages/torch/_inductor/select_algorithm.py:3924] [3/0] No valid triton configs. OutOfMemoryError: out of resource: triton_mm Required: 196608 Hardware limit:166912 Reducing block sizes or `num_stages` may help.. 
E0717 08:49:16.076000 13342 sim-link-f1/deps/lerobot/.venv/lib/python3.12/site-packages/torch/_inductor/select_algorithm.py:3924] [3/0] Ignoring this choice.
Autotune Choices Stats:
{"num_choices": 21, "num_triton_choices": 20, "best_kernel": "mm", "best_time": 0.02252800017595291, "best_triton_pos": 1, "best_triton_time": 0.023552000522613525, "best_triton_kernel": "triton_mm_6995", "best_triton_kernel_desc": "ACC_TYPE='tl.float32', ALLOW_TF32=True, BLOCK_K=64, BLOCK_M=64, BLOCK_N=128, EVEN_K=True, GROUP_M=8, USE_FAST_ACCUM=False, num_stages=3, num_warps=4"}
AUTOTUNE mm(400x1024, 1024x2048)
strides: [1024, 1], [2048, 1]
dtypes: torch.bfloat16, torch.bfloat16
  mm 0.0225 ms 100.0% 
  triton_mm_6995 0.0236 ms 95.7% ACC_TYPE='tl.float32', ALLOW_TF32=True, BLOCK_K=64, BLOCK_M=64, BLOCK_N=128, EVEN_K=True, GROUP_M=8, USE_FAST_ACCUM=False, num_stages=3, num_warps=4
  triton_mm_6993 0.0246 ms 91.7% ACC_TYPE='tl.float32', ALLOW_TF32=True, BLOCK_K=32, BLOCK_M=64, BLOCK_N=128, EVEN_K=True, GROUP_M=8, USE_FAST_ACCUM=False, num_stages=3, num_warps=4
  triton_mm_7001 0.0246 ms 91.7% ACC_TYPE='tl.float32', ALLOW_TF32=True, BLOCK_K=64, BLOCK_M=128, BLOCK_N=128, EVEN_K=True, GROUP_M=8, USE_FAST_ACCUM=False, num_stages=3, num_warps=4
  triton_mm_6991 0.0256 ms 88.0% ACC_TYPE='tl.float32', ALLOW_TF32=True, BLOCK_K=64, BLOCK_M=64, BLOCK_N=64, EVEN_K=True, GROUP_M=8, USE_FAST_ACCUM=False, num_stages=3, num_warps=8
  triton_mm_7002 0.0256 ms 88.0% ACC_TYPE='tl.float32', ALLOW_TF32=True, BLOCK_K=64, BLOCK_M=128, BLOCK_N=128, EVEN_K=True, GROUP_M=8, USE_FAST_ACCUM=False, num_stages=5, num_warps=8
  triton_mm_6994 0.0266 ms 84.6% ACC_TYPE='tl.float32', ALLOW_TF32=True, BLOCK_K=32, BLOCK_M=64, BLOCK_N=128, EVEN_K=True, GROUP_M=8, USE_FAST_ACCUM=False, num_stages=4, num_warps=8
  triton_mm_6996 0.0266 ms 84.6% ACC_TYPE='tl.float32', ALLOW_TF32=True, BLOCK_K=128, BLOCK_M=64, BLOCK_N=128, EVEN_K=True, GROUP_M=8, USE_FAST_ACCUM=False, num_stages=4, num_warps=4
  triton_mm_6992 0.0276 ms 81.5% ACC_TYPE='tl.float32', ALLOW_TF32=True, BLOCK_K=128, BLOCK_M=64, BLOCK_N=64, EVEN_K=True, GROUP_M=8, USE_FAST_ACCUM=False, num_stages=5, num_warps=4
  triton_mm_7000 0.0276 ms 81.5% ACC_TYPE='tl.float32', ALLOW_TF32=True, BLOCK_K=32, BLOCK_M=128, BLOCK_N=128, EVEN_K=True, GROUP_M=8, USE_FAST_ACCUM=False, num_stages=3, num_warps=4
SingleProcess AUTOTUNE benchmarking takes 0.2614 seconds and 0.0001 seconds precompiling for 21 choices
E0717 08:49:16.791000 13342 sim-link-f1/deps/lerobot/.venv/lib/python3.12/site-packages/torch/_inductor/select_algorithm.py:3924] [3/0] Runtime error during autotuning: 
E0717 08:49:16.791000 13342 sim-link-f1/deps/lerobot/.venv/lib/python3.12/site-packages/torch/_inductor/select_algorithm.py:3924] [3/0] No valid triton configs. OutOfMemoryError: out of resource: triton_bmm Required: 196608 Hardware limit:166912 Reducing block sizes or `num_stages` may help.. 
E0717 08:49:16.791000 13342 sim-link-f1/deps/lerobot/.venv/lib/python3.12/site-packages/torch/_inductor/select_algorithm.py:3924] [3/0] Ignoring this choice.
Autotune Choices Stats:
{"num_choices": 21, "num_triton_choices": 20, "best_kernel": "triton_bmm_7041", "best_kernel_desc": "ACC_TYPE='tl.float32', ALLOW_TF32=True, BLOCK_K=64, BLOCK_M=128, BLOCK_N=128, EVEN_K=True, GROUP_M=8, USE_FAST_ACCUM=False, num_stages=3, num_warps=4", "best_time": 0.20377600193023682, "best_triton_pos": 0}
AUTOTUNE bmm(64x1018x256, 64x256x1018)
strides: [260608, 256, 1], [260608, 1, 256]
dtypes: torch.bfloat16, torch.bfloat16
  triton_bmm_7041 0.2038 ms 100.0% ACC_TYPE='tl.float32', ALLOW_TF32=True, BLOCK_K=64, BLOCK_M=128, BLOCK_N=128, EVEN_K=True, GROUP_M=8, USE_FAST_ACCUM=False, num_stages=3, num_warps=4
  triton_bmm_7040 0.2130 ms 95.7% ACC_TYPE='tl.float32', ALLOW_TF32=True, BLOCK_K=32, BLOCK_M=128, BLOCK_N=128, EVEN_K=True, GROUP_M=8, USE_FAST_ACCUM=False, num_stages=3, num_warps=4
  triton_bmm_7033 0.2273 ms 89.6% ACC_TYPE='tl.float32', ALLOW_TF32=True, BLOCK_K=32, BLOCK_M=64, BLOCK_N=128, EVEN_K=True, GROUP_M=8, USE_FAST_ACCUM=False, num_stages=3, num_warps=4
  triton_bmm_7035 0.2284 ms 89.2% ACC_TYPE='tl.float32', ALLOW_TF32=True, BLOCK_K=64, BLOCK_M=64, BLOCK_N=128, EVEN_K=True, GROUP_M=8, USE_FAST_ACCUM=False, num_stages=3, num_warps=4
  triton_bmm_7037 0.2314 ms 88.1% ACC_TYPE='tl.float32', ALLOW_TF32=True, BLOCK_K=32, BLOCK_M=128, BLOCK_N=64, EVEN_K=True, GROUP_M=8, USE_FAST_ACCUM=False, num_stages=3, num_warps=4
  triton_bmm_7034 0.2765 ms 73.7% ACC_TYPE='tl.float32', ALLOW_TF32=True, BLOCK_K=32, BLOCK_M=64, BLOCK_N=128, EVEN_K=True, GROUP_M=8, USE_FAST_ACCUM=False, num_stages=4, num_warps=8
  triton_bmm_7038 0.2806 ms 72.6% ACC_TYPE='tl.float32', ALLOW_TF32=True, BLOCK_K=32, BLOCK_M=128, BLOCK_N=64, EVEN_K=True, GROUP_M=8, USE_FAST_ACCUM=False, num_stages=4, num_warps=8
  triton_bmm_7039 0.2836 ms 71.8% ACC_TYPE='tl.float32', ALLOW_TF32=True, BLOCK_K=32, BLOCK_M=128, BLOCK_N=128, EVEN_K=True, GROUP_M=8, USE_FAST_ACCUM=False, num_stages=2, num_warps=8
  triton_bmm_7042 0.2959 ms 68.9% ACC_TYPE='tl.float32', ALLOW_TF32=True, BLOCK_K=64, BLOCK_M=128, BLOCK_N=128, EVEN_K=True, GROUP_M=8, USE_FAST_ACCUM=False, num_stages=5, num_warps=8
  triton_bmm_7031 0.3072 ms 66.3% ACC_TYPE='tl.float32', ALLOW_TF32=True, BLOCK_K=64, BLOCK_M=64, BLOCK_N=64, EVEN_K=True, GROUP_M=8, USE_FAST_ACCUM=False, num_stages=3, num_warps=8
SingleProcess AUTOTUNE benchmarking takes 0.7138 seconds and 0.0002 seconds precompiling for 21 choices
E0717 08:49:17.512000 13342 sim-link-f1/deps/lerobot/.venv/lib/python3.12/site-packages/torch/_inductor/select_algorithm.py:3924] [3/0] Runtime error during autotuning: 
E0717 08:49:17.512000 13342 sim-link-f1/deps/lerobot/.venv/lib/python3.12/site-packages/torch/_inductor/select_algorithm.py:3924] [3/0] No valid triton configs. OutOfMemoryError: out of resource: triton_bmm Required: 196608 Hardware limit:166912 Reducing block sizes or `num_stages` may help.. 
E0717 08:49:17.512000 13342 sim-link-f1/deps/lerobot/.venv/lib/python3.12/site-packages/torch/_inductor/select_algorithm.py:3924] [3/0] Ignoring this choice.
Autotune Choices Stats:
{"num_choices": 21, "num_triton_choices": 20, "best_kernel": "triton_bmm_7020", "best_kernel_desc": "ACC_TYPE='tl.float32', ALLOW_TF32=True, BLOCK_K=32, BLOCK_M=128, BLOCK_N=128, EVEN_K=False, GROUP_M=8, USE_FAST_ACCUM=False, num_stages=3, num_warps=4", "best_time": 0.21913599967956543, "best_triton_pos": 0}
AUTOTUNE bmm(64x1018x1018, 64x1018x256)
strides: [1036352, 1, 1018], [260608, 256, 1]
dtypes: torch.bfloat16, torch.bfloat16
  triton_bmm_7020 0.2191 ms 100.0% ACC_TYPE='tl.float32', ALLOW_TF32=True, BLOCK_K=32, BLOCK_M=128, BLOCK_N=128, EVEN_K=False, GROUP_M=8, USE_FAST_ACCUM=False, num_stages=3, num_warps=4
  triton_bmm_7013 0.2294 ms 95.5% ACC_TYPE='tl.float32', ALLOW_TF32=True, BLOCK_K=32, BLOCK_M=64, BLOCK_N=128, EVEN_K=False, GROUP_M=8, USE_FAST_ACCUM=False, num_stages=3, num_warps=4
  triton_bmm_7015 0.2427 ms 90.3% ACC_TYPE='tl.float32', ALLOW_TF32=True, BLOCK_K=64, BLOCK_M=64, BLOCK_N=128, EVEN_K=False, GROUP_M=8, USE_FAST_ACCUM=False, num_stages=3, num_warps=4
  triton_bmm_7014 0.2519 ms 87.0% ACC_TYPE='tl.float32', ALLOW_TF32=True, BLOCK_K=32, BLOCK_M=64, BLOCK_N=128, EVEN_K=False, GROUP_M=8, USE_FAST_ACCUM=False, num_stages=4, num_warps=8
  bmm 0.2673 ms 82.0% 
  triton_bmm_7017 0.2785 ms 78.7% ACC_TYPE='tl.float32', ALLOW_TF32=True, BLOCK_K=32, BLOCK_M=128, BLOCK_N=64, EVEN_K=False, GROUP_M=8, USE_FAST_ACCUM=False, num_stages=3, num_warps=4
  triton_bmm_7022 0.2949 ms 74.3% ACC_TYPE='tl.float32', ALLOW_TF32=True, BLOCK_K=64, BLOCK_M=128, BLOCK_N=128, EVEN_K=False, GROUP_M=8, USE_FAST_ACCUM=False, num_stages=5, num_warps=8
  triton_bmm_7018 0.3185 ms 68.8% ACC_TYPE='tl.float32', ALLOW_TF32=True, BLOCK_K=32, BLOCK_M=128, BLOCK_N=64, EVEN_K=False, GROUP_M=8, USE_FAST_ACCUM=False, num_stages=4, num_warps=8
  triton_bmm_7021 0.3328 ms 65.8% ACC_TYPE='tl.float32', ALLOW_TF32=True, BLOCK_K=64, BLOCK_M=128, BLOCK_N=128, EVEN_K=False, GROUP_M=8, USE_FAST_ACCUM=False, num_stages=3, num_warps=4
  triton_bmm_7011 0.3635 ms 60.3% ACC_TYPE='tl.float32', ALLOW_TF32=True, BLOCK_K=64, BLOCK_M=64, BLOCK_N=64, EVEN_K=False, GROUP_M=8, USE_FAST_ACCUM=False, num_stages=3, num_warps=8
SingleProcess AUTOTUNE benchmarking takes 0.7202 seconds and 0.0002 seconds precompiling for 21 choices
E0717 08:49:17.741000 13342 sim-link-f1/deps/lerobot/.venv/lib/python3.12/site-packages/torch/_inductor/select_algorithm.py:3924] [3/0] Runtime error during autotuning: 
E0717 08:49:17.741000 13342 sim-link-f1/deps/lerobot/.venv/lib/python3.12/site-packages/torch/_inductor/select_algorithm.py:3924] [3/0] No valid triton configs. OutOfMemoryError: out of resource: triton_mm Required: 196608 Hardware limit:166912 Reducing block sizes or `num_stages` may help.. 
E0717 08:49:17.741000 13342 sim-link-f1/deps/lerobot/.venv/lib/python3.12/site-packages/torch/_inductor/select_algorithm.py:3924] [3/0] Ignoring this choice.
Autotune Choices Stats:
{"num_choices": 21, "num_triton_choices": 20, "best_kernel": "mm", "best_time": 0.010239999741315842, "best_triton_pos": 1, "best_triton_time": 0.010239999741315842, "best_triton_kernel": "triton_mm_7106", "best_triton_kernel_desc": "ACC_TYPE='tl.float32', ALLOW_TF32=True, BLOCK_K=32, BLOCK_M=32, BLOCK_N=64, EVEN_K=True, GROUP_M=8, USE_FAST_ACCUM=False, num_stages=5, num_warps=8"}
AUTOTUNE mm(400x256, 256x1024)
strides: [256, 1], [1024, 1]
dtypes: torch.bfloat16, torch.bfloat16
  mm 0.0102 ms 100.0% 
  triton_mm_7106 0.0102 ms 100.0% ACC_TYPE='tl.float32', ALLOW_TF32=True, BLOCK_K=32, BLOCK_M=32, BLOCK_N=64, EVEN_K=True, GROUP_M=8, USE_FAST_ACCUM=False, num_stages=5, num_warps=8
  triton_mm_7114 0.0102 ms 100.0% ACC_TYPE='tl.float32', ALLOW_TF32=True, BLOCK_K=32, BLOCK_M=64, BLOCK_N=128, EVEN_K=True, GROUP_M=8, USE_FAST_ACCUM=False, num_stages=4, num_warps=8
  triton_mm_7115 0.0102 ms 100.0% ACC_TYPE='tl.float32', ALLOW_TF32=True, BLOCK_K=64, BLOCK_M=64, BLOCK_N=128, EVEN_K=True, GROUP_M=8, USE_FAST_ACCUM=False, num_stages=3, num_warps=4
  triton_mm_7116 0.0102 ms 100.0% ACC_TYPE='tl.float32', ALLOW_TF32=True, BLOCK_K=128, BLOCK_M=64, BLOCK_N=128, EVEN_K=True, GROUP_M=8, USE_FAST_ACCUM=False, num_stages=4, num_warps=4
  triton_mm_7118 0.0102 ms 100.0% ACC_TYPE='tl.float32', ALLOW_TF32=True, BLOCK_K=32, BLOCK_M=128, BLOCK_N=64, EVEN_K=True, GROUP_M=8, USE_FAST_ACCUM=False, num_stages=4, num_warps=8
  triton_mm_7105 0.0113 ms 90.9% ACC_TYPE='tl.float32', ALLOW_TF32=True, BLOCK_K=128, BLOCK_M=32, BLOCK_N=32, EVEN_K=True, GROUP_M=8, USE_FAST_ACCUM=False, num_stages=2, num_warps=4
  triton_mm_7111 0.0113 ms 90.9% ACC_TYPE='tl.float32', ALLOW_TF32=True, BLOCK_K=64, BLOCK_M=64, BLOCK_N=64, EVEN_K=True, GROUP_M=8, USE_FAST_ACCUM=False, num_stages=3, num_warps=8
  triton_mm_7113 0.0113 ms 90.9% ACC_TYPE='tl.float32', ALLOW_TF32=True, BLOCK_K=32, BLOCK_M=64, BLOCK_N=128, EVEN_K=True, GROUP_M=8, USE_FAST_ACCUM=False, num_stages=3, num_warps=4
  triton_mm_7117 0.0113 ms 90.9% ACC_TYPE='tl.float32', ALLOW_TF32=True, BLOCK_K=32, BLOCK_M=128, BLOCK_N=64, EVEN_K=True, GROUP_M=8, USE_FAST_ACCUM=False, num_stages=3, num_warps=4
SingleProcess AUTOTUNE benchmarking takes 0.2290 seconds and 0.0002 seconds precompiling for 21 choices
E0717 08:49:18.470000 13342 sim-link-f1/deps/lerobot/.venv/lib/python3.12/site-packages/torch/_inductor/select_algorithm.py:3924] [3/0] Runtime error during autotuning: 
E0717 08:49:18.470000 13342 sim-link-f1/deps/lerobot/.venv/lib/python3.12/site-packages/torch/_inductor/select_algorithm.py:3924] [3/0] No valid triton configs. OutOfMemoryError: out of resource: triton_bmm Required: 196608 Hardware limit:166912 Reducing block sizes or `num_stages` may help.. 
E0717 08:49:18.470000 13342 sim-link-f1/deps/lerobot/.venv/lib/python3.12/site-packages/torch/_inductor/select_algorithm.py:3924] [3/0] Ignoring this choice.
Autotune Choices Stats:
{"num_choices": 21, "num_triton_choices": 20, "best_kernel": "triton_bmm_7060", "best_kernel_desc": "ACC_TYPE='tl.float32', ALLOW_TF32=True, BLOCK_K=32, BLOCK_M=128, BLOCK_N=128, EVEN_K=False, GROUP_M=8, USE_FAST_ACCUM=False, num_stages=3, num_warps=4", "best_time": 0.22015999257564545, "best_triton_pos": 0}
AUTOTUNE bmm(64x256x1018, 64x1018x1018)
strides: [260608, 1, 256], [1036352, 1018, 1]
dtypes: torch.bfloat16, torch.bfloat16
  triton_bmm_7060 0.2202 ms 100.0% ACC_TYPE='tl.float32', ALLOW_TF32=True, BLOCK_K=32, BLOCK_M=128, BLOCK_N=128, EVEN_K=False, GROUP_M=8, USE_FAST_ACCUM=False, num_stages=3, num_warps=4
  triton_bmm_7057 0.2335 ms 94.3% ACC_TYPE='tl.float32', ALLOW_TF32=True, BLOCK_K=32, BLOCK_M=128, BLOCK_N=64, EVEN_K=False, GROUP_M=8, USE_FAST_ACCUM=False, num_stages=3, num_warps=4
  bmm 0.2580 ms 85.3% 
  triton_bmm_7058 0.2662 ms 82.7% ACC_TYPE='tl.float32', ALLOW_TF32=True, BLOCK_K=32, BLOCK_M=128, BLOCK_N=64, EVEN_K=False, GROUP_M=8, USE_FAST_ACCUM=False, num_stages=4, num_warps=8
  triton_bmm_7053 0.2765 ms 79.6% ACC_TYPE='tl.float32', ALLOW_TF32=True, BLOCK_K=32, BLOCK_M=64, BLOCK_N=128, EVEN_K=False, GROUP_M=8, USE_FAST_ACCUM=False, num_stages=3, num_warps=4
  triton_bmm_7055 0.2939 ms 74.9% ACC_TYPE='tl.float32', ALLOW_TF32=True, BLOCK_K=64, BLOCK_M=64, BLOCK_N=128, EVEN_K=False, GROUP_M=8, USE_FAST_ACCUM=False, num_stages=3, num_warps=4
  triton_bmm_7054 0.3164 ms 69.6% ACC_TYPE='tl.float32', ALLOW_TF32=True, BLOCK_K=32, BLOCK_M=64, BLOCK_N=128, EVEN_K=False, GROUP_M=8, USE_FAST_ACCUM=False, num_stages=4, num_warps=8
  triton_bmm_7062 0.3277 ms 67.2% ACC_TYPE='tl.float32', ALLOW_TF32=True, BLOCK_K=64, BLOCK_M=128, BLOCK_N=128, EVEN_K=False, GROUP_M=8, USE_FAST_ACCUM=False, num_stages=5, num_warps=8
  triton_bmm_7061 0.3492 ms 63.0% ACC_TYPE='tl.float32', ALLOW_TF32=True, BLOCK_K=64, BLOCK_M=128, BLOCK_N=128, EVEN_K=False, GROUP_M=8, USE_FAST_ACCUM=False, num_stages=3, num_warps=4
  triton_bmm_7050 0.3564 ms 61.8% ACC_TYPE='tl.float32', ALLOW_TF32=True, BLOCK_K=32, BLOCK_M=64, BLOCK_N=64, EVEN_K=False, GROUP_M=8, USE_FAST_ACCUM=False, num_stages=2, num_warps=4
SingleProcess AUTOTUNE benchmarking takes 0.7253 seconds and 0.0002 seconds precompiling for 21 choices
E0717 08:49:19.202000 13342 sim-link-f1/deps/lerobot/.venv/lib/python3.12/site-packages/torch/_inductor/select_algorithm.py:3924] [3/0] Runtime error during autotuning: 
E0717 08:49:19.202000 13342 sim-link-f1/deps/lerobot/.venv/lib/python3.12/site-packages/torch/_inductor/select_algorithm.py:3924] [3/0] No valid triton configs. OutOfMemoryError: out of resource: triton_bmm Required: 196608 Hardware limit:166912 Reducing block sizes or `num_stages` may help.. 
E0717 08:49:19.202000 13342 sim-link-f1/deps/lerobot/.venv/lib/python3.12/site-packages/torch/_inductor/select_algorithm.py:3924] [3/0] Ignoring this choice.
Autotune Choices Stats:
{"num_choices": 21, "num_triton_choices": 20, "best_kernel": "bmm", "best_time": 0.32256001234054565, "best_triton_pos": 1, "best_triton_time": 0.33587199449539185, "best_triton_kernel": "triton_bmm_7080", "best_triton_kernel_desc": "ACC_TYPE='tl.float32', ALLOW_TF32=True, BLOCK_K=32, BLOCK_M=128, BLOCK_N=128, EVEN_K=False, GROUP_M=8, USE_FAST_ACCUM=False, num_stages=3, num_warps=4"}
AUTOTUNE bmm(64x1018x1018, 64x1018x256)
strides: [1036352, 1018, 1], [260608, 1, 1018]
dtypes: torch.bfloat16, torch.bfloat16
  bmm 0.3226 ms 100.0% 
  triton_bmm_7080 0.3359 ms 96.0% ACC_TYPE='tl.float32', ALLOW_TF32=True, BLOCK_K=32, BLOCK_M=128, BLOCK_N=128, EVEN_K=False, GROUP_M=8, USE_FAST_ACCUM=False, num_stages=3, num_warps=4
  triton_bmm_7075 0.3543 ms 91.0% ACC_TYPE='tl.float32', ALLOW_TF32=True, BLOCK_K=64, BLOCK_M=64, BLOCK_N=128, EVEN_K=False, GROUP_M=8, USE_FAST_ACCUM=False, num_stages=3, num_warps=4
  triton_bmm_7077 0.3594 ms 89.7% ACC_TYPE='tl.float32', ALLOW_TF32=True, BLOCK_K=32, BLOCK_M=128, BLOCK_N=64, EVEN_K=False, GROUP_M=8, USE_FAST_ACCUM=False, num_stages=3, num_warps=4
  triton_bmm_7073 0.3738 ms 86.3% ACC_TYPE='tl.float32', ALLOW_TF32=True, BLOCK_K=32, BLOCK_M=64, BLOCK_N=128, EVEN_K=False, GROUP_M=8, USE_FAST_ACCUM=False, num_stages=3, num_warps=4
  triton_bmm_7078 0.4055 ms 79.5% ACC_TYPE='tl.float32', ALLOW_TF32=True, BLOCK_K=32, BLOCK_M=128, BLOCK_N=64, EVEN_K=False, GROUP_M=8, USE_FAST_ACCUM=False, num_stages=4, num_warps=8
  triton_bmm_7074 0.4229 ms 76.3% ACC_TYPE='tl.float32', ALLOW_TF32=True, BLOCK_K=32, BLOCK_M=64, BLOCK_N=128, EVEN_K=False, GROUP_M=8, USE_FAST_ACCUM=False, num_stages=4, num_warps=8
  triton_bmm_7082 0.4291 ms 75.2% ACC_TYPE='tl.float32', ALLOW_TF32=True, BLOCK_K=64, BLOCK_M=128, BLOCK_N=128, EVEN_K=False, GROUP_M=8, USE_FAST_ACCUM=False, num_stages=5, num_warps=8
  triton_bmm_7070 0.4608 ms 70.0% ACC_TYPE='tl.float32', ALLOW_TF32=True, BLOCK_K=32, BLOCK_M=64, BLOCK_N=64, EVEN_K=False, GROUP_M=8, USE_FAST_ACCUM=False, num_stages=2, num_warps=4
  triton_bmm_7071 0.4762 ms 67.7% ACC_TYPE='tl.float32', ALLOW_TF32=True, BLOCK_K=64, BLOCK_M=64, BLOCK_N=64, EVEN_K=False, GROUP_M=8, USE_FAST_ACCUM=False, num_stages=3, num_warps=8
SingleProcess AUTOTUNE benchmarking takes 0.7285 seconds and 0.0003 seconds precompiling for 21 choices
E0717 08:49:19.494000 13342 sim-link-f1/deps/lerobot/.venv/lib/python3.12/site-packages/torch/_inductor/select_algorithm.py:3924] [3/0] Runtime error during autotuning: 
E0717 08:49:19.494000 13342 sim-link-f1/deps/lerobot/.venv/lib/python3.12/site-packages/torch/_inductor/select_algorithm.py:3924] [3/0] No valid triton configs. OutOfMemoryError: out of resource: triton_mm Required: 196608 Hardware limit:166912 Reducing block sizes or `num_stages` may help.. 
E0717 08:49:19.494000 13342 sim-link-f1/deps/lerobot/.venv/lib/python3.12/site-packages/torch/_inductor/select_algorithm.py:3924] [3/0] Ignoring this choice.
Autotune Choices Stats:
{"num_choices": 21, "num_triton_choices": 20, "best_kernel": "mm", "best_time": 0.021503999829292297, "best_triton_pos": 1, "best_triton_time": 0.025599999353289604, "best_triton_kernel": "triton_mm_7196", "best_triton_kernel_desc": "ACC_TYPE='tl.float32', ALLOW_TF32=True, BLOCK_K=128, BLOCK_M=64, BLOCK_N=128, EVEN_K=True, GROUP_M=8, USE_FAST_ACCUM=False, num_stages=4, num_warps=4"}
AUTOTUNE mm(400x2048, 2048x1024)
strides: [2048, 1], [1024, 1]
dtypes: torch.bfloat16, torch.bfloat16
  mm 0.0215 ms 100.0% 
  triton_mm_7196 0.0256 ms 84.0% ACC_TYPE='tl.float32', ALLOW_TF32=True, BLOCK_K=128, BLOCK_M=64, BLOCK_N=128, EVEN_K=True, GROUP_M=8, USE_FAST_ACCUM=False, num_stages=4, num_warps=4
  triton_mm_7192 0.0297 ms 72.4% ACC_TYPE='tl.float32', ALLOW_TF32=True, BLOCK_K=128, BLOCK_M=64, BLOCK_N=64, EVEN_K=True, GROUP_M=8, USE_FAST_ACCUM=False, num_stages=5, num_warps=4
  triton_mm_7195 0.0297 ms 72.4% ACC_TYPE='tl.float32', ALLOW_TF32=True, BLOCK_K=64, BLOCK_M=64, BLOCK_N=128, EVEN_K=True, GROUP_M=8, USE_FAST_ACCUM=False, num_stages=3, num_warps=4
  triton_mm_7186 0.0317 ms 67.7% ACC_TYPE='tl.float32', ALLOW_TF32=True, BLOCK_K=32, BLOCK_M=32, BLOCK_N=64, EVEN_K=True, GROUP_M=8, USE_FAST_ACCUM=False, num_stages=5, num_warps=8
  triton_mm_7191 0.0317 ms 67.7% ACC_TYPE='tl.float32', ALLOW_TF32=True, BLOCK_K=64, BLOCK_M=64, BLOCK_N=64, EVEN_K=True, GROUP_M=8, USE_FAST_ACCUM=False, num_stages=3, num_warps=8
  triton_mm_7194 0.0317 ms 67.7% ACC_TYPE='tl.float32', ALLOW_TF32=True, BLOCK_K=32, BLOCK_M=64, BLOCK_N=128, EVEN_K=True, GROUP_M=8, USE_FAST_ACCUM=False, num_stages=4, num_warps=8
  triton_mm_7185 0.0338 ms 63.6% ACC_TYPE='tl.float32', ALLOW_TF32=True, BLOCK_K=128, BLOCK_M=32, BLOCK_N=32, EVEN_K=True, GROUP_M=8, USE_FAST_ACCUM=False, num_stages=2, num_warps=4
  triton_mm_7198 0.0338 ms 63.6% ACC_TYPE='tl.float32', ALLOW_TF32=True, BLOCK_K=32, BLOCK_M=128, BLOCK_N=64, EVEN_K=True, GROUP_M=8, USE_FAST_ACCUM=False, num_stages=4, num_warps=8
  triton_mm_7188 0.0358 ms 60.0% ACC_TYPE='tl.float32', ALLOW_TF32=True, BLOCK_K=128, BLOCK_M=64, BLOCK_N=32, EVEN_K=True, GROUP_M=8, USE_FAST_ACCUM=False, num_stages=5, num_warps=4
SingleProcess AUTOTUNE benchmarking takes 0.2897 seconds and 0.0002 seconds precompiling for 21 choices
E0717 08:49:19.797000 13342 sim-link-f1/deps/lerobot/.venv/lib/python3.12/site-packages/torch/_inductor/select_algorithm.py:3924] [3/0] Runtime error during autotuning: 
E0717 08:49:19.797000 13342 sim-link-f1/deps/lerobot/.venv/lib/python3.12/site-packages/torch/_inductor/select_algorithm.py:3924] [3/0] No valid triton configs. OutOfMemoryError: out of resource: triton_mm Required: 196608 Hardware limit:166912 Reducing block sizes or `num_stages` may help.. 
E0717 08:49:19.797000 13342 sim-link-f1/deps/lerobot/.venv/lib/python3.12/site-packages/torch/_inductor/select_algorithm.py:3924] [3/0] Ignoring this choice.
Autotune Choices Stats:
{"num_choices": 21, "num_triton_choices": 20, "best_kernel": "triton_mm_6828", "best_kernel_desc": "ACC_TYPE='tl.float32', ALLOW_TF32=True, BLOCK_K=64, BLOCK_M=64, BLOCK_N=128, EVEN_K=False, GROUP_M=8, USE_FAST_ACCUM=False, num_stages=3, num_warps=4", "best_time": 0.028672000393271446, "best_triton_pos": 0}
AUTOTUNE mm(1024x400, 400x4096)
strides: [1, 1024], [4096, 1]
dtypes: torch.bfloat16, torch.bfloat16
  triton_mm_6828 0.0287 ms 100.0% ACC_TYPE='tl.float32', ALLOW_TF32=True, BLOCK_K=64, BLOCK_M=64, BLOCK_N=128, EVEN_K=False, GROUP_M=8, USE_FAST_ACCUM=False, num_stages=3, num_warps=4
  triton_mm_6830 0.0287 ms 100.0% ACC_TYPE='tl.float32', ALLOW_TF32=True, BLOCK_K=32, BLOCK_M=128, BLOCK_N=64, EVEN_K=False, GROUP_M=8, USE_FAST_ACCUM=False, num_stages=3, num_warps=4
  triton_mm_6826 0.0297 ms 96.6% ACC_TYPE='tl.float32', ALLOW_TF32=True, BLOCK_K=32, BLOCK_M=64, BLOCK_N=128, EVEN_K=False, GROUP_M=8, USE_FAST_ACCUM=False, num_stages=3, num_warps=4
  triton_mm_6834 0.0297 ms 96.6% ACC_TYPE='tl.float32', ALLOW_TF32=True, BLOCK_K=64, BLOCK_M=128, BLOCK_N=128, EVEN_K=False, GROUP_M=8, USE_FAST_ACCUM=False, num_stages=3, num_warps=4
  triton_mm_6833 0.0307 ms 93.3% ACC_TYPE='tl.float32', ALLOW_TF32=True, BLOCK_K=32, BLOCK_M=128, BLOCK_N=128, EVEN_K=False, GROUP_M=8, USE_FAST_ACCUM=False, num_stages=3, num_warps=4
  triton_mm_6827 0.0317 ms 90.3% ACC_TYPE='tl.float32', ALLOW_TF32=True, BLOCK_K=32, BLOCK_M=64, BLOCK_N=128, EVEN_K=False, GROUP_M=8, USE_FAST_ACCUM=False, num_stages=4, num_warps=8
  triton_mm_6831 0.0317 ms 90.3% ACC_TYPE='tl.float32', ALLOW_TF32=True, BLOCK_K=32, BLOCK_M=128, BLOCK_N=64, EVEN_K=False, GROUP_M=8, USE_FAST_ACCUM=False, num_stages=4, num_warps=8
  mm 0.0348 ms 82.4% 
  triton_mm_6835 0.0358 ms 80.0% ACC_TYPE='tl.float32', ALLOW_TF32=True, BLOCK_K=64, BLOCK_M=128, BLOCK_N=128, EVEN_K=False, GROUP_M=8, USE_FAST_ACCUM=False, num_stages=5, num_warps=8
  triton_mm_6824 0.0389 ms 73.7% ACC_TYPE='tl.float32', ALLOW_TF32=True, BLOCK_K=64, BLOCK_M=64, BLOCK_N=64, EVEN_K=False, GROUP_M=8, USE_FAST_ACCUM=False, num_stages=3, num_warps=8
SingleProcess AUTOTUNE benchmarking takes 0.3009 seconds and 0.0002 seconds precompiling for 21 choices
E0717 08:49:20.092000 13342 sim-link-f1/deps/lerobot/.venv/lib/python3.12/site-packages/torch/_inductor/select_algorithm.py:3924] [3/0] Runtime error during autotuning: 
E0717 08:49:20.092000 13342 sim-link-f1/deps/lerobot/.venv/lib/python3.12/site-packages/torch/_inductor/select_algorithm.py:3924] [3/0] No valid triton configs. OutOfMemoryError: out of resource: triton_mm Required: 196608 Hardware limit:166912 Reducing block sizes or `num_stages` may help.. 
E0717 08:49:20.092000 13342 sim-link-f1/deps/lerobot/.venv/lib/python3.12/site-packages/torch/_inductor/select_algorithm.py:3924] [3/0] Ignoring this choice.
Autotune Choices Stats:
{"num_choices": 21, "num_triton_choices": 20, "best_kernel": "triton_mm_6868", "best_kernel_desc": "ACC_TYPE='tl.float32', ALLOW_TF32=True, BLOCK_K=64, BLOCK_M=64, BLOCK_N=128, EVEN_K=False, GROUP_M=8, USE_FAST_ACCUM=False, num_stages=3, num_warps=4", "best_time": 0.028672000393271446, "best_triton_pos": 0}
AUTOTUNE mm(4096x400, 400x1024)
strides: [1, 4096], [1024, 1]
dtypes: torch.bfloat16, torch.bfloat16
  triton_mm_6868 0.0287 ms 100.0% ACC_TYPE='tl.float32', ALLOW_TF32=True, BLOCK_K=64, BLOCK_M=64, BLOCK_N=128, EVEN_K=False, GROUP_M=8, USE_FAST_ACCUM=False, num_stages=3, num_warps=4
  triton_mm_6870 0.0287 ms 100.0% ACC_TYPE='tl.float32', ALLOW_TF32=True, BLOCK_K=32, BLOCK_M=128, BLOCK_N=64, EVEN_K=False, GROUP_M=8, USE_FAST_ACCUM=False, num_stages=3, num_warps=4
  triton_mm_6874 0.0297 ms 96.6% ACC_TYPE='tl.float32', ALLOW_TF32=True, BLOCK_K=64, BLOCK_M=128, BLOCK_N=128, EVEN_K=False, GROUP_M=8, USE_FAST_ACCUM=False, num_stages=3, num_warps=4
  triton_mm_6866 0.0307 ms 93.3% ACC_TYPE='tl.float32', ALLOW_TF32=True, BLOCK_K=32, BLOCK_M=64, BLOCK_N=128, EVEN_K=False, GROUP_M=8, USE_FAST_ACCUM=False, num_stages=3, num_warps=4
  triton_mm_6873 0.0307 ms 93.3% ACC_TYPE='tl.float32', ALLOW_TF32=True, BLOCK_K=32, BLOCK_M=128, BLOCK_N=128, EVEN_K=False, GROUP_M=8, USE_FAST_ACCUM=False, num_stages=3, num_warps=4
  triton_mm_6867 0.0317 ms 90.3% ACC_TYPE='tl.float32', ALLOW_TF32=True, BLOCK_K=32, BLOCK_M=64, BLOCK_N=128, EVEN_K=False, GROUP_M=8, USE_FAST_ACCUM=False, num_stages=4, num_warps=8
  triton_mm_6871 0.0317 ms 90.3% ACC_TYPE='tl.float32', ALLOW_TF32=True, BLOCK_K=32, BLOCK_M=128, BLOCK_N=64, EVEN_K=False, GROUP_M=8, USE_FAST_ACCUM=False, num_stages=4, num_warps=8
  mm 0.0348 ms 82.4% 
  triton_mm_6875 0.0358 ms 80.0% ACC_TYPE='tl.float32', ALLOW_TF32=True, BLOCK_K=64, BLOCK_M=128, BLOCK_N=128, EVEN_K=False, GROUP_M=8, USE_FAST_ACCUM=False, num_stages=5, num_warps=8
  triton_mm_6872 0.0369 ms 77.8% ACC_TYPE='tl.float32', ALLOW_TF32=True, BLOCK_K=32, BLOCK_M=128, BLOCK_N=128, EVEN_K=False, GROUP_M=8, USE_FAST_ACCUM=False, num_stages=2, num_warps=8
SingleProcess AUTOTUNE benchmarking takes 0.2988 seconds and 0.0002 seconds precompiling for 21 choices
E0717 08:49:20.359000 13342 sim-link-f1/deps/lerobot/.venv/lib/python3.12/site-packages/torch/_inductor/select_algorithm.py:3924] [3/0] Runtime error during autotuning: 
E0717 08:49:20.359000 13342 sim-link-f1/deps/lerobot/.venv/lib/python3.12/site-packages/torch/_inductor/select_algorithm.py:3924] [3/0] No valid triton configs. OutOfMemoryError: out of resource: triton_mm Required: 196608 Hardware limit:166912 Reducing block sizes or `num_stages` may help.. 
E0717 08:49:20.359000 13342 sim-link-f1/deps/lerobot/.venv/lib/python3.12/site-packages/torch/_inductor/select_algorithm.py:3924] [3/0] Ignoring this choice.
Autotune Choices Stats:
{"num_choices": 21, "num_triton_choices": 20, "best_kernel": "triton_mm_6973", "best_kernel_desc": "ACC_TYPE='tl.float32', ALLOW_TF32=True, BLOCK_K=32, BLOCK_M=64, BLOCK_N=128, EVEN_K=False, GROUP_M=8, USE_FAST_ACCUM=False, num_stages=3, num_warps=4", "best_time": 0.01945599913597107, "best_triton_pos": 0}
AUTOTUNE mm(1024x400, 400x2048)
strides: [1, 1024], [2048, 1]
dtypes: torch.bfloat16, torch.bfloat16
  triton_mm_6973 0.0195 ms 100.0% ACC_TYPE='tl.float32', ALLOW_TF32=True, BLOCK_K=32, BLOCK_M=64, BLOCK_N=128, EVEN_K=False, GROUP_M=8, USE_FAST_ACCUM=False, num_stages=3, num_warps=4
  triton_mm_6977 0.0195 ms 100.0% ACC_TYPE='tl.float32', ALLOW_TF32=True, BLOCK_K=32, BLOCK_M=128, BLOCK_N=64, EVEN_K=False, GROUP_M=8, USE_FAST_ACCUM=False, num_stages=3, num_warps=4
  mm 0.0205 ms 95.0% 
  triton_mm_6975 0.0205 ms 95.0% ACC_TYPE='tl.float32', ALLOW_TF32=True, BLOCK_K=64, BLOCK_M=64, BLOCK_N=128, EVEN_K=False, GROUP_M=8, USE_FAST_ACCUM=False, num_stages=3, num_warps=4
  triton_mm_6978 0.0215 ms 90.5% ACC_TYPE='tl.float32', ALLOW_TF32=True, BLOCK_K=32, BLOCK_M=128, BLOCK_N=64, EVEN_K=False, GROUP_M=8, USE_FAST_ACCUM=False, num_stages=4, num_warps=8
  triton_mm_6974 0.0225 ms 86.4% ACC_TYPE='tl.float32', ALLOW_TF32=True, BLOCK_K=32, BLOCK_M=64, BLOCK_N=128, EVEN_K=False, GROUP_M=8, USE_FAST_ACCUM=False, num_stages=4, num_warps=8
  triton_mm_6980 0.0225 ms 86.4% ACC_TYPE='tl.float32', ALLOW_TF32=True, BLOCK_K=32, BLOCK_M=128, BLOCK_N=128, EVEN_K=False, GROUP_M=8, USE_FAST_ACCUM=False, num_stages=3, num_warps=4
  triton_mm_6981 0.0225 ms 86.4% ACC_TYPE='tl.float32', ALLOW_TF32=True, BLOCK_K=64, BLOCK_M=128, BLOCK_N=128, EVEN_K=False, GROUP_M=8, USE_FAST_ACCUM=False, num_stages=3, num_warps=4
  triton_mm_6971 0.0236 ms 82.6% ACC_TYPE='tl.float32', ALLOW_TF32=True, BLOCK_K=64, BLOCK_M=64, BLOCK_N=64, EVEN_K=False, GROUP_M=8, USE_FAST_ACCUM=False, num_stages=3, num_warps=8
  triton_mm_6982 0.0246 ms 79.2% ACC_TYPE='tl.float32', ALLOW_TF32=True, BLOCK_K=64, BLOCK_M=128, BLOCK_N=128, EVEN_K=False, GROUP_M=8, USE_FAST_ACCUM=False, num_stages=5, num_warps=8
SingleProcess AUTOTUNE benchmarking takes 0.2602 seconds and 0.0002 seconds precompiling for 21 choices
E0717 08:49:20.591000 13342 sim-link-f1/deps/lerobot/.venv/lib/python3.12/site-packages/torch/_inductor/select_algorithm.py:3924] [3/0] Runtime error during autotuning: 
E0717 08:49:20.591000 13342 sim-link-f1/deps/lerobot/.venv/lib/python3.12/site-packages/torch/_inductor/select_algorithm.py:3924] [3/0] No valid triton configs. OutOfMemoryError: out of resource: triton_mm Required: 196608 Hardware limit:166912 Reducing block sizes or `num_stages` may help.. 
E0717 08:49:20.591000 13342 sim-link-f1/deps/lerobot/.venv/lib/python3.12/site-packages/torch/_inductor/select_algorithm.py:3924] [3/0] Ignoring this choice.
Autotune Choices Stats:
{"num_choices": 21, "num_triton_choices": 20, "best_kernel": "mm", "best_time": 0.011264000087976456, "best_triton_pos": 1, "best_triton_time": 0.011264000087976456, "best_triton_kernel": "triton_mm_7091", "best_triton_kernel_desc": "ACC_TYPE='tl.float32', ALLOW_TF32=True, BLOCK_K=64, BLOCK_M=64, BLOCK_N=64, EVEN_K=False, GROUP_M=8, USE_FAST_ACCUM=False, num_stages=3, num_warps=8"}
AUTOTUNE mm(256x400, 400x1024)
strides: [1, 256], [1024, 1]
dtypes: torch.bfloat16, torch.bfloat16
  mm 0.0113 ms 100.0% 
  triton_mm_7091 0.0113 ms 100.0% ACC_TYPE='tl.float32', ALLOW_TF32=True, BLOCK_K=64, BLOCK_M=64, BLOCK_N=64, EVEN_K=False, GROUP_M=8, USE_FAST_ACCUM=False, num_stages=3, num_warps=8
  triton_mm_7092 0.0113 ms 100.0% ACC_TYPE='tl.float32', ALLOW_TF32=True, BLOCK_K=128, BLOCK_M=64, BLOCK_N=64, EVEN_K=False, GROUP_M=8, USE_FAST_ACCUM=False, num_stages=5, num_warps=4
  triton_mm_7094 0.0113 ms 100.0% ACC_TYPE='tl.float32', ALLOW_TF32=True, BLOCK_K=32, BLOCK_M=64, BLOCK_N=128, EVEN_K=False, GROUP_M=8, USE_FAST_ACCUM=False, num_stages=4, num_warps=8
  triton_mm_7095 0.0113 ms 100.0% ACC_TYPE='tl.float32', ALLOW_TF32=True, BLOCK_K=64, BLOCK_M=64, BLOCK_N=128, EVEN_K=False, GROUP_M=8, USE_FAST_ACCUM=False, num_stages=3, num_warps=4
  triton_mm_7098 0.0113 ms 100.0% ACC_TYPE='tl.float32', ALLOW_TF32=True, BLOCK_K=32, BLOCK_M=128, BLOCK_N=64, EVEN_K=False, GROUP_M=8, USE_FAST_ACCUM=False, num_stages=4, num_warps=8
  triton_mm_7086 0.0123 ms 91.7% ACC_TYPE='tl.float32', ALLOW_TF32=True, BLOCK_K=32, BLOCK_M=32, BLOCK_N=64, EVEN_K=False, GROUP_M=8, USE_FAST_ACCUM=False, num_stages=5, num_warps=8
  triton_mm_7087 0.0123 ms 91.7% ACC_TYPE='tl.float32', ALLOW_TF32=True, BLOCK_K=32, BLOCK_M=64, BLOCK_N=32, EVEN_K=False, GROUP_M=8, USE_FAST_ACCUM=False, num_stages=5, num_warps=8
  triton_mm_7096 0.0123 ms 91.7% ACC_TYPE='tl.float32', ALLOW_TF32=True, BLOCK_K=128, BLOCK_M=64, BLOCK_N=128, EVEN_K=False, GROUP_M=8, USE_FAST_ACCUM=False, num_stages=4, num_warps=4
  triton_mm_7085 0.0133 ms 84.6% ACC_TYPE='tl.float32', ALLOW_TF32=True, BLOCK_K=128, BLOCK_M=32, BLOCK_N=32, EVEN_K=False, GROUP_M=8, USE_FAST_ACCUM=False, num_stages=2, num_warps=4
SingleProcess AUTOTUNE benchmarking takes 0.2312 seconds and 0.0002 seconds precompiling for 21 choices
E0717 08:49:20.859000 13342 sim-link-f1/deps/lerobot/.venv/lib/python3.12/site-packages/torch/_inductor/select_algorithm.py:3924] [3/0] Runtime error during autotuning: 
E0717 08:49:20.859000 13342 sim-link-f1/deps/lerobot/.venv/lib/python3.12/site-packages/torch/_inductor/select_algorithm.py:3924] [3/0] No valid triton configs. OutOfMemoryError: out of resource: triton_mm Required: 196608 Hardware limit:166912 Reducing block sizes or `num_stages` may help.. 
E0717 08:49:20.859000 13342 sim-link-f1/deps/lerobot/.venv/lib/python3.12/site-packages/torch/_inductor/select_algorithm.py:3924] [3/0] Ignoring this choice.
Autotune Choices Stats:
{"num_choices": 21, "num_triton_choices": 20, "best_kernel": "triton_mm_7173", "best_kernel_desc": "ACC_TYPE='tl.float32', ALLOW_TF32=True, BLOCK_K=32, BLOCK_M=64, BLOCK_N=128, EVEN_K=False, GROUP_M=8, USE_FAST_ACCUM=False, num_stages=3, num_warps=4", "best_time": 0.01945599913597107, "best_triton_pos": 0}
AUTOTUNE mm(2048x400, 400x1024)
strides: [1, 2048], [1024, 1]
dtypes: torch.bfloat16, torch.bfloat16
  triton_mm_7173 0.0195 ms 100.0% ACC_TYPE='tl.float32', ALLOW_TF32=True, BLOCK_K=32, BLOCK_M=64, BLOCK_N=128, EVEN_K=False, GROUP_M=8, USE_FAST_ACCUM=False, num_stages=3, num_warps=4
  triton_mm_7175 0.0195 ms 100.0% ACC_TYPE='tl.float32', ALLOW_TF32=True, BLOCK_K=64, BLOCK_M=64, BLOCK_N=128, EVEN_K=False, GROUP_M=8, USE_FAST_ACCUM=False, num_stages=3, num_warps=4
  triton_mm_7177 0.0195 ms 100.0% ACC_TYPE='tl.float32', ALLOW_TF32=True, BLOCK_K=32, BLOCK_M=128, BLOCK_N=64, EVEN_K=False, GROUP_M=8, USE_FAST_ACCUM=False, num_stages=3, num_warps=4
  mm 0.0205 ms 95.0% 
  triton_mm_7174 0.0215 ms 90.5% ACC_TYPE='tl.float32', ALLOW_TF32=True, BLOCK_K=32, BLOCK_M=64, BLOCK_N=128, EVEN_K=False, GROUP_M=8, USE_FAST_ACCUM=False, num_stages=4, num_warps=8
  triton_mm_7178 0.0215 ms 90.5% ACC_TYPE='tl.float32', ALLOW_TF32=True, BLOCK_K=32, BLOCK_M=128, BLOCK_N=64, EVEN_K=False, GROUP_M=8, USE_FAST_ACCUM=False, num_stages=4, num_warps=8
  triton_mm_7180 0.0225 ms 86.4% ACC_TYPE='tl.float32', ALLOW_TF32=True, BLOCK_K=32, BLOCK_M=128, BLOCK_N=128, EVEN_K=False, GROUP_M=8, USE_FAST_ACCUM=False, num_stages=3, num_warps=4
  triton_mm_7181 0.0225 ms 86.4% ACC_TYPE='tl.float32', ALLOW_TF32=True, BLOCK_K=64, BLOCK_M=128, BLOCK_N=128, EVEN_K=False, GROUP_M=8, USE_FAST_ACCUM=False, num_stages=3, num_warps=4
  triton_mm_7171 0.0236 ms 82.6% ACC_TYPE='tl.float32', ALLOW_TF32=True, BLOCK_K=64, BLOCK_M=64, BLOCK_N=64, EVEN_K=False, GROUP_M=8, USE_FAST_ACCUM=False, num_stages=3, num_warps=8
  triton_mm_7179 0.0246 ms 79.2% ACC_TYPE='tl.float32', ALLOW_TF32=True, BLOCK_K=32, BLOCK_M=128, BLOCK_N=128, EVEN_K=False, GROUP_M=8, USE_FAST_ACCUM=False, num_stages=2, num_warps=8
SingleProcess AUTOTUNE benchmarking takes 0.2642 seconds and 0.0002 seconds precompiling for 21 choices
E0717 08:49:21.352000 13342 sim-link-f1/deps/lerobot/.venv/lib/python3.12/site-packages/torch/_inductor/select_algorithm.py:3924] [3/0] Runtime error during autotuning: 
E0717 08:49:21.352000 13342 sim-link-f1/deps/lerobot/.venv/lib/python3.12/site-packages/torch/_inductor/select_algorithm.py:3924] [3/0] No valid triton configs. OutOfMemoryError: out of resource: triton_mm Required: 196608 Hardware limit:166912 Reducing block sizes or `num_stages` may help.. 
E0717 08:49:21.352000 13342 sim-link-f1/deps/lerobot/.venv/lib/python3.12/site-packages/torch/_inductor/select_algorithm.py:3924] [3/0] Ignoring this choice.
Autotune Choices Stats:
{"num_choices": 21, "num_triton_choices": 20, "best_kernel": "mm", "best_time": 0.055296000093221664, "best_triton_pos": 1, "best_triton_time": 0.08089599758386612, "best_triton_kernel": "triton_mm_7251", "best_triton_kernel_desc": "ACC_TYPE='tl.float32', ALLOW_TF32=True, BLOCK_K=128, BLOCK_M=64, BLOCK_N=128, EVEN_K=False, GROUP_M=8, USE_FAST_ACCUM=False, num_stages=4, num_warps=4"}
AUTOTUNE mm(256x7744, 7744x2048)
strides: [1, 256], [2048, 1]
dtypes: torch.bfloat16, torch.bfloat16
  mm 0.0553 ms 100.0% 
  triton_mm_7251 0.0809 ms 68.4% ACC_TYPE='tl.float32', ALLOW_TF32=True, BLOCK_K=128, BLOCK_M=64, BLOCK_N=128, EVEN_K=False, GROUP_M=8, USE_FAST_ACCUM=False, num_stages=4, num_warps=4
  triton_mm_7250 0.0891 ms 62.1% ACC_TYPE='tl.float32', ALLOW_TF32=True, BLOCK_K=64, BLOCK_M=64, BLOCK_N=128, EVEN_K=True, GROUP_M=8, USE_FAST_ACCUM=False, num_stages=3, num_warps=4
  triton_mm_7253 0.0963 ms 57.4% ACC_TYPE='tl.float32', ALLOW_TF32=True, BLOCK_K=32, BLOCK_M=128, BLOCK_N=64, EVEN_K=True, GROUP_M=8, USE_FAST_ACCUM=False, num_stages=4, num_warps=8
  triton_mm_7249 0.0973 ms 56.8% ACC_TYPE='tl.float32', ALLOW_TF32=True, BLOCK_K=32, BLOCK_M=64, BLOCK_N=128, EVEN_K=True, GROUP_M=8, USE_FAST_ACCUM=False, num_stages=4, num_warps=8
  triton_mm_7246 0.1004 ms 55.1% ACC_TYPE='tl.float32', ALLOW_TF32=True, BLOCK_K=64, BLOCK_M=64, BLOCK_N=64, EVEN_K=True, GROUP_M=8, USE_FAST_ACCUM=False, num_stages=3, num_warps=8
  triton_mm_7247 0.1014 ms 54.5% ACC_TYPE='tl.float32', ALLOW_TF32=True, BLOCK_K=128, BLOCK_M=64, BLOCK_N=64, EVEN_K=False, GROUP_M=8, USE_FAST_ACCUM=False, num_stages=5, num_warps=4
  triton_mm_7240 0.1198 ms 46.2% ACC_TYPE='tl.float32', ALLOW_TF32=True, BLOCK_K=128, BLOCK_M=32, BLOCK_N=32, EVEN_K=False, GROUP_M=8, USE_FAST_ACCUM=False, num_stages=2, num_warps=4
  triton_mm_7248 0.1229 ms 45.0% ACC_TYPE='tl.float32', ALLOW_TF32=True, BLOCK_K=32, BLOCK_M=64, BLOCK_N=128, EVEN_K=True, GROUP_M=8, USE_FAST_ACCUM=False, num_stages=3, num_warps=4
  triton_mm_7257 0.1290 ms 42.9% ACC_TYPE='tl.float32', ALLOW_TF32=True, BLOCK_K=64, BLOCK_M=128, BLOCK_N=128, EVEN_K=True, GROUP_M=8, USE_FAST_ACCUM=False, num_stages=5, num_warps=8
SingleProcess AUTOTUNE benchmarking takes 0.4917 seconds and 0.0002 seconds precompiling for 21 choices
E0717 08:49:21.746000 13342 sim-link-f1/deps/lerobot/.venv/lib/python3.12/site-packages/torch/_inductor/select_algorithm.py:3924] [3/0] Runtime error during autotuning: 
E0717 08:49:21.746000 13342 sim-link-f1/deps/lerobot/.venv/lib/python3.12/site-packages/torch/_inductor/select_algorithm.py:3924] [3/0] No valid triton configs. OutOfMemoryError: out of resource: triton_mm Required: 196608 Hardware limit:166912 Reducing block sizes or `num_stages` may help.. 
E0717 08:49:21.746000 13342 sim-link-f1/deps/lerobot/.venv/lib/python3.12/site-packages/torch/_inductor/select_algorithm.py:3924] [3/0] Ignoring this choice.
Autotune Choices Stats:
{"num_choices": 21, "num_triton_choices": 20, "best_kernel": "triton_mm_7275", "best_kernel_desc": "ACC_TYPE='tl.float32', ALLOW_TF32=True, BLOCK_K=32, BLOCK_M=128, BLOCK_N=128, EVEN_K=True, GROUP_M=8, USE_FAST_ACCUM=False, num_stages=3, num_warps=4", "best_time": 0.053247999399900436, "best_triton_pos": 0}
AUTOTUNE mm(7744x256, 256x2048)
strides: [256, 1], [2048, 1]
dtypes: torch.bfloat16, torch.bfloat16
  triton_mm_7275 0.0532 ms 100.0% ACC_TYPE='tl.float32', ALLOW_TF32=True, BLOCK_K=32, BLOCK_M=128, BLOCK_N=128, EVEN_K=True, GROUP_M=8, USE_FAST_ACCUM=False, num_stages=3, num_warps=4
  mm 0.0543 ms 98.1% 
  triton_mm_7268 0.0553 ms 96.3% ACC_TYPE='tl.float32', ALLOW_TF32=True, BLOCK_K=32, BLOCK_M=64, BLOCK_N=128, EVEN_K=True, GROUP_M=8, USE_FAST_ACCUM=False, num_stages=3, num_warps=4
  triton_mm_7276 0.0563 ms 94.5% ACC_TYPE='tl.float32', ALLOW_TF32=True, BLOCK_K=64, BLOCK_M=128, BLOCK_N=128, EVEN_K=True, GROUP_M=8, USE_FAST_ACCUM=False, num_stages=3, num_warps=4
  triton_mm_7272 0.0573 ms 92.9% ACC_TYPE='tl.float32', ALLOW_TF32=True, BLOCK_K=32, BLOCK_M=128, BLOCK_N=64, EVEN_K=True, GROUP_M=8, USE_FAST_ACCUM=False, num_stages=3, num_warps=4
  triton_mm_7270 0.0584 ms 91.2% ACC_TYPE='tl.float32', ALLOW_TF32=True, BLOCK_K=64, BLOCK_M=64, BLOCK_N=128, EVEN_K=True, GROUP_M=8, USE_FAST_ACCUM=False, num_stages=3, num_warps=4
  triton_mm_7269 0.0645 ms 82.5% ACC_TYPE='tl.float32', ALLOW_TF32=True, BLOCK_K=32, BLOCK_M=64, BLOCK_N=128, EVEN_K=True, GROUP_M=8, USE_FAST_ACCUM=False, num_stages=4, num_warps=8
  triton_mm_7274 0.0666 ms 80.0% ACC_TYPE='tl.float32', ALLOW_TF32=True, BLOCK_K=32, BLOCK_M=128, BLOCK_N=128, EVEN_K=True, GROUP_M=8, USE_FAST_ACCUM=False, num_stages=2, num_warps=8
  triton_mm_7273 0.0676 ms 78.8% ACC_TYPE='tl.float32', ALLOW_TF32=True, BLOCK_K=32, BLOCK_M=128, BLOCK_N=64, EVEN_K=True, GROUP_M=8, USE_FAST_ACCUM=False, num_stages=4, num_warps=8
  triton_mm_7265 0.0717 ms 74.3% ACC_TYPE='tl.float32', ALLOW_TF32=True, BLOCK_K=32, BLOCK_M=64, BLOCK_N=64, EVEN_K=True, GROUP_M=8, USE_FAST_ACCUM=False, num_stages=2, num_warps=4
SingleProcess AUTOTUNE benchmarking takes 0.3919 seconds and 0.0002 seconds precompiling for 21 choices
E0717 08:49:22.480000 13342 sim-link-f1/deps/lerobot/.venv/lib/python3.12/site-packages/torch/_inductor/select_algorithm.py:3924] [3/0] Runtime error during autotuning: 
E0717 08:49:22.480000 13342 sim-link-f1/deps/lerobot/.venv/lib/python3.12/site-packages/torch/_inductor/select_algorithm.py:3924] [3/0] No valid triton configs. OutOfMemoryError: out of resource: triton_mm Required: 196608 Hardware limit:166912 Reducing block sizes or `num_stages` may help.. 
E0717 08:49:22.480000 13342 sim-link-f1/deps/lerobot/.venv/lib/python3.12/site-packages/torch/_inductor/select_algorithm.py:3924] [3/0] Ignoring this choice.
Autotune Choices Stats:
{"num_choices": 21, "num_triton_choices": 20, "best_kernel": "mm", "best_time": 0.30105599761009216, "best_triton_pos": 1, "best_triton_time": 0.32256001234054565, "best_triton_kernel": "triton_mm_7330", "best_triton_kernel_desc": "ACC_TYPE='tl.float32', ALLOW_TF32=True, BLOCK_K=64, BLOCK_M=64, BLOCK_N=128, EVEN_K=True, GROUP_M=8, USE_FAST_ACCUM=False, num_stages=3, num_warps=4"}
AUTOTUNE mm(2048x7744, 7744x2048)
strides: [1, 2048], [2048, 1]
dtypes: torch.bfloat16, torch.bfloat16
  mm 0.3011 ms 100.0% 
  triton_mm_7330 0.3226 ms 93.3% ACC_TYPE='tl.float32', ALLOW_TF32=True, BLOCK_K=64, BLOCK_M=64, BLOCK_N=128, EVEN_K=True, GROUP_M=8, USE_FAST_ACCUM=False, num_stages=3, num_warps=4
  triton_mm_7336 0.3512 ms 85.7% ACC_TYPE='tl.float32', ALLOW_TF32=True, BLOCK_K=64, BLOCK_M=128, BLOCK_N=128, EVEN_K=True, GROUP_M=8, USE_FAST_ACCUM=False, num_stages=3, num_warps=4
  triton_mm_7335 0.3676 ms 81.9% ACC_TYPE='tl.float32', ALLOW_TF32=True, BLOCK_K=32, BLOCK_M=128, BLOCK_N=128, EVEN_K=True, GROUP_M=8, USE_FAST_ACCUM=False, num_stages=3, num_warps=4
  triton_mm_7333 0.3686 ms 81.7% ACC_TYPE='tl.float32', ALLOW_TF32=True, BLOCK_K=32, BLOCK_M=128, BLOCK_N=64, EVEN_K=True, GROUP_M=8, USE_FAST_ACCUM=False, num_stages=4, num_warps=8
  triton_mm_7328 0.3738 ms 80.5% ACC_TYPE='tl.float32', ALLOW_TF32=True, BLOCK_K=32, BLOCK_M=64, BLOCK_N=128, EVEN_K=True, GROUP_M=8, USE_FAST_ACCUM=False, num_stages=3, num_warps=4
  triton_mm_7332 0.3738 ms 80.5% ACC_TYPE='tl.float32', ALLOW_TF32=True, BLOCK_K=32, BLOCK_M=128, BLOCK_N=64, EVEN_K=True, GROUP_M=8, USE_FAST_ACCUM=False, num_stages=3, num_warps=4
  triton_mm_7329 0.3820 ms 78.8% ACC_TYPE='tl.float32', ALLOW_TF32=True, BLOCK_K=32, BLOCK_M=64, BLOCK_N=128, EVEN_K=True, GROUP_M=8, USE_FAST_ACCUM=False, num_stages=4, num_warps=8
  triton_mm_7337 0.3850 ms 78.2% ACC_TYPE='tl.float32', ALLOW_TF32=True, BLOCK_K=64, BLOCK_M=128, BLOCK_N=128, EVEN_K=True, GROUP_M=8, USE_FAST_ACCUM=False, num_stages=5, num_warps=8
  triton_mm_7331 0.3901 ms 77.2% ACC_TYPE='tl.float32', ALLOW_TF32=True, BLOCK_K=128, BLOCK_M=64, BLOCK_N=128, EVEN_K=False, GROUP_M=8, USE_FAST_ACCUM=False, num_stages=4, num_warps=4
SingleProcess AUTOTUNE benchmarking takes 0.7285 seconds and 0.0002 seconds precompiling for 21 choices
E0717 08:49:23.207000 13342 sim-link-f1/deps/lerobot/.venv/lib/python3.12/site-packages/torch/_inductor/select_algorithm.py:3924] [3/0] Runtime error during autotuning: 
E0717 08:49:23.207000 13342 sim-link-f1/deps/lerobot/.venv/lib/python3.12/site-packages/torch/_inductor/select_algorithm.py:3924] [3/0] No valid triton configs. OutOfMemoryError: out of resource: triton_mm Required: 196608 Hardware limit:166912 Reducing block sizes or `num_stages` may help.. 
E0717 08:49:23.207000 13342 sim-link-f1/deps/lerobot/.venv/lib/python3.12/site-packages/torch/_inductor/select_algorithm.py:3924] [3/0] Ignoring this choice.
Autotune Choices Stats:
{"num_choices": 21, "num_triton_choices": 20, "best_kernel": "mm", "best_time": 0.2693119943141937, "best_triton_pos": 1, "best_triton_time": 0.2979840040206909, "best_triton_kernel": "triton_mm_7356", "best_triton_kernel_desc": "ACC_TYPE='tl.float32', ALLOW_TF32=True, BLOCK_K=64, BLOCK_M=128, BLOCK_N=128, EVEN_K=True, GROUP_M=8, USE_FAST_ACCUM=False, num_stages=3, num_warps=4"}
AUTOTUNE mm(7744x2048, 2048x2048)
strides: [2048, 1], [2048, 1]
dtypes: torch.bfloat16, torch.bfloat16
  mm 0.2693 ms 100.0% 
  triton_mm_7356 0.2980 ms 90.4% ACC_TYPE='tl.float32', ALLOW_TF32=True, BLOCK_K=64, BLOCK_M=128, BLOCK_N=128, EVEN_K=True, GROUP_M=8, USE_FAST_ACCUM=False, num_stages=3, num_warps=4
  triton_mm_7348 0.3082 ms 87.4% ACC_TYPE='tl.float32', ALLOW_TF32=True, BLOCK_K=32, BLOCK_M=64, BLOCK_N=128, EVEN_K=True, GROUP_M=8, USE_FAST_ACCUM=False, num_stages=3, num_warps=4
  triton_mm_7355 0.3164 ms 85.1% ACC_TYPE='tl.float32', ALLOW_TF32=True, BLOCK_K=32, BLOCK_M=128, BLOCK_N=128, EVEN_K=True, GROUP_M=8, USE_FAST_ACCUM=False, num_stages=3, num_warps=4
  triton_mm_7350 0.3215 ms 83.8% ACC_TYPE='tl.float32', ALLOW_TF32=True, BLOCK_K=64, BLOCK_M=64, BLOCK_N=128, EVEN_K=True, GROUP_M=8, USE_FAST_ACCUM=False, num_stages=3, num_warps=4
  triton_mm_7352 0.3297 ms 81.7% ACC_TYPE='tl.float32', ALLOW_TF32=True, BLOCK_K=32, BLOCK_M=128, BLOCK_N=64, EVEN_K=True, GROUP_M=8, USE_FAST_ACCUM=False, num_stages=3, num_warps=4
  triton_mm_7349 0.3502 ms 76.9% ACC_TYPE='tl.float32', ALLOW_TF32=True, BLOCK_K=32, BLOCK_M=64, BLOCK_N=128, EVEN_K=True, GROUP_M=8, USE_FAST_ACCUM=False, num_stages=4, num_warps=8
  triton_mm_7351 0.3717 ms 72.5% ACC_TYPE='tl.float32', ALLOW_TF32=True, BLOCK_K=128, BLOCK_M=64, BLOCK_N=128, EVEN_K=True, GROUP_M=8, USE_FAST_ACCUM=False, num_stages=4, num_warps=4
  triton_mm_7357 0.3779 ms 71.3% ACC_TYPE='tl.float32', ALLOW_TF32=True, BLOCK_K=64, BLOCK_M=128, BLOCK_N=128, EVEN_K=True, GROUP_M=8, USE_FAST_ACCUM=False, num_stages=5, num_warps=8
  triton_mm_7354 0.4178 ms 64.5% ACC_TYPE='tl.float32', ALLOW_TF32=True, BLOCK_K=32, BLOCK_M=128, BLOCK_N=128, EVEN_K=True, GROUP_M=8, USE_FAST_ACCUM=False, num_stages=2, num_warps=8
SingleProcess AUTOTUNE benchmarking takes 0.7253 seconds and 0.0002 seconds precompiling for 21 choices
E0717 08:49:24.317000 13342 sim-link-f1/deps/lerobot/.venv/lib/python3.12/site-packages/torch/_inductor/select_algorithm.py:3924] [3/0] Runtime error during autotuning: 
E0717 08:49:24.317000 13342 sim-link-f1/deps/lerobot/.venv/lib/python3.12/site-packages/torch/_inductor/select_algorithm.py:3924] [3/0] No valid triton configs. OutOfMemoryError: out of resource: triton_mm Required: 196608 Hardware limit:166912 Reducing block sizes or `num_stages` may help.. 
E0717 08:49:24.317000 13342 sim-link-f1/deps/lerobot/.venv/lib/python3.12/site-packages/torch/_inductor/select_algorithm.py:3924] [3/0] Ignoring this choice.
Autotune Choices Stats:
{"num_choices": 21, "num_triton_choices": 20, "best_kernel": "mm", "best_time": 1.9568639993667603, "best_triton_pos": 1, "best_triton_time": 2.164736032485962, "best_triton_kernel": "triton_mm_7927", "best_triton_kernel_desc": "ACC_TYPE='tl.float32', ALLOW_TF32=True, BLOCK_K=64, BLOCK_M=128, BLOCK_N=128, EVEN_K=True, GROUP_M=8, USE_FAST_ACCUM=False, num_stages=3, num_warps=4"}
AUTOTUNE mm(7744x2048, 2048x16384)
strides: [2048, 1], [16384, 1]
dtypes: torch.bfloat16, torch.bfloat16
  mm 1.9569 ms 100.0% 
  triton_mm_7927 2.1647 ms 90.4% ACC_TYPE='tl.float32', ALLOW_TF32=True, BLOCK_K=64, BLOCK_M=128, BLOCK_N=128, EVEN_K=True, GROUP_M=8, USE_FAST_ACCUM=False, num_stages=3, num_warps=4
  triton_mm_7926 2.2610 ms 86.5% ACC_TYPE='tl.float32', ALLOW_TF32=True, BLOCK_K=32, BLOCK_M=128, BLOCK_N=128, EVEN_K=True, GROUP_M=8, USE_FAST_ACCUM=False, num_stages=3, num_warps=4
  triton_mm_7923 2.4228 ms 80.8% ACC_TYPE='tl.float32', ALLOW_TF32=True, BLOCK_K=32, BLOCK_M=128, BLOCK_N=64, EVEN_K=True, GROUP_M=8, USE_FAST_ACCUM=False, num_stages=3, num_warps=4
  triton_mm_7919 2.4842 ms 78.8% ACC_TYPE='tl.float32', ALLOW_TF32=True, BLOCK_K=32, BLOCK_M=64, BLOCK_N=128, EVEN_K=True, GROUP_M=8, USE_FAST_ACCUM=False, num_stages=3, num_warps=4
  triton_mm_7921 2.6685 ms 73.3% ACC_TYPE='tl.float32', ALLOW_TF32=True, BLOCK_K=64, BLOCK_M=64, BLOCK_N=128, EVEN_K=True, GROUP_M=8, USE_FAST_ACCUM=False, num_stages=3, num_warps=4
  triton_mm_7928 2.7730 ms 70.6% ACC_TYPE='tl.float32', ALLOW_TF32=True, BLOCK_K=64, BLOCK_M=128, BLOCK_N=128, EVEN_K=True, GROUP_M=8, USE_FAST_ACCUM=False, num_stages=5, num_warps=8
  triton_mm_7920 2.9297 ms 66.8% ACC_TYPE='tl.float32', ALLOW_TF32=True, BLOCK_K=32, BLOCK_M=64, BLOCK_N=128, EVEN_K=True, GROUP_M=8, USE_FAST_ACCUM=False, num_stages=4, num_warps=8
  triton_mm_7922 2.9645 ms 66.0% ACC_TYPE='tl.float32', ALLOW_TF32=True, BLOCK_K=128, BLOCK_M=64, BLOCK_N=128, EVEN_K=True, GROUP_M=8, USE_FAST_ACCUM=False, num_stages=4, num_warps=4
  triton_mm_7925 3.0966 ms 63.2% ACC_TYPE='tl.float32', ALLOW_TF32=True, BLOCK_K=32, BLOCK_M=128, BLOCK_N=128, EVEN_K=True, GROUP_M=8, USE_FAST_ACCUM=False, num_stages=2, num_warps=8
SingleProcess AUTOTUNE benchmarking takes 1.0783 seconds and 0.0002 seconds precompiling for 21 choices
E0717 08:49:25.382000 13342 sim-link-f1/deps/lerobot/.venv/lib/python3.12/site-packages/torch/_inductor/select_algorithm.py:3924] [3/0] Runtime error during autotuning: 
E0717 08:49:25.382000 13342 sim-link-f1/deps/lerobot/.venv/lib/python3.12/site-packages/torch/_inductor/select_algorithm.py:3924] [3/0] No valid triton configs. OutOfMemoryError: out of resource: triton_mm Required: 196608 Hardware limit:166912 Reducing block sizes or `num_stages` may help.. 
E0717 08:49:25.382000 13342 sim-link-f1/deps/lerobot/.venv/lib/python3.12/site-packages/torch/_inductor/select_algorithm.py:3924] [3/0] Ignoring this choice.
Autotune Choices Stats:
{"num_choices": 21, "num_triton_choices": 20, "best_kernel": "mm", "best_time": 1.8657280206680298, "best_triton_pos": 1, "best_triton_time": 2.169856071472168, "best_triton_kernel": "triton_mm_7907", "best_triton_kernel_desc": "ACC_TYPE='tl.float32', ALLOW_TF32=True, BLOCK_K=64, BLOCK_M=128, BLOCK_N=128, EVEN_K=True, GROUP_M=8, USE_FAST_ACCUM=False, num_stages=3, num_warps=4"}
AUTOTUNE mm(2048x7744, 7744x16384)
strides: [1, 2048], [16384, 1]
dtypes: torch.bfloat16, torch.bfloat16
  mm 1.8657 ms 100.0% 
  triton_mm_7907 2.1699 ms 86.0% ACC_TYPE='tl.float32', ALLOW_TF32=True, BLOCK_K=64, BLOCK_M=128, BLOCK_N=128, EVEN_K=True, GROUP_M=8, USE_FAST_ACCUM=False, num_stages=3, num_warps=4
  triton_mm_7906 2.2139 ms 84.3% ACC_TYPE='tl.float32', ALLOW_TF32=True, BLOCK_K=32, BLOCK_M=128, BLOCK_N=128, EVEN_K=True, GROUP_M=8, USE_FAST_ACCUM=False, num_stages=3, num_warps=4
  triton_mm_7908 2.3982 ms 77.8% ACC_TYPE='tl.float32', ALLOW_TF32=True, BLOCK_K=64, BLOCK_M=128, BLOCK_N=128, EVEN_K=True, GROUP_M=8, USE_FAST_ACCUM=False, num_stages=5, num_warps=8
  triton_mm_7903 2.4504 ms 76.1% ACC_TYPE='tl.float32', ALLOW_TF32=True, BLOCK_K=32, BLOCK_M=128, BLOCK_N=64, EVEN_K=True, GROUP_M=8, USE_FAST_ACCUM=False, num_stages=3, num_warps=4
  triton_mm_7899 2.4822 ms 75.2% ACC_TYPE='tl.float32', ALLOW_TF32=True, BLOCK_K=32, BLOCK_M=64, BLOCK_N=128, EVEN_K=True, GROUP_M=8, USE_FAST_ACCUM=False, num_stages=3, num_warps=4
  triton_mm_7901 2.5836 ms 72.2% ACC_TYPE='tl.float32', ALLOW_TF32=True, BLOCK_K=64, BLOCK_M=64, BLOCK_N=128, EVEN_K=True, GROUP_M=8, USE_FAST_ACCUM=False, num_stages=3, num_warps=4
  triton_mm_7904 2.7648 ms 67.5% ACC_TYPE='tl.float32', ALLOW_TF32=True, BLOCK_K=32, BLOCK_M=128, BLOCK_N=64, EVEN_K=True, GROUP_M=8, USE_FAST_ACCUM=False, num_stages=4, num_warps=8
  triton_mm_7902 2.9460 ms 63.3% ACC_TYPE='tl.float32', ALLOW_TF32=True, BLOCK_K=128, BLOCK_M=64, BLOCK_N=128, EVEN_K=False, GROUP_M=8, USE_FAST_ACCUM=False, num_stages=4, num_warps=4
  triton_mm_7900 2.9624 ms 63.0% ACC_TYPE='tl.float32', ALLOW_TF32=True, BLOCK_K=32, BLOCK_M=64, BLOCK_N=128, EVEN_K=True, GROUP_M=8, USE_FAST_ACCUM=False, num_stages=4, num_warps=8
SingleProcess AUTOTUNE benchmarking takes 1.0631 seconds and 0.0002 seconds precompiling for 21 choices
E0717 08:49:26.455000 13342 sim-link-f1/deps/lerobot/.venv/lib/python3.12/site-packages/torch/_inductor/select_algorithm.py:3924] [3/0] Runtime error during autotuning: 
E0717 08:49:26.455000 13342 sim-link-f1/deps/lerobot/.venv/lib/python3.12/site-packages/torch/_inductor/select_algorithm.py:3924] [3/0] No valid triton configs. OutOfMemoryError: out of resource: triton_mm Required: 196608 Hardware limit:166912 Reducing block sizes or `num_stages` may help.. 
E0717 08:49:26.455000 13342 sim-link-f1/deps/lerobot/.venv/lib/python3.12/site-packages/torch/_inductor/select_algorithm.py:3924] [3/0] Ignoring this choice.
Autotune Choices Stats:
{"num_choices": 21, "num_triton_choices": 20, "best_kernel": "mm", "best_time": 1.8810880184173584, "best_triton_pos": 1, "best_triton_time": 2.1831679344177246, "best_triton_kernel": "triton_mm_7947", "best_triton_kernel_desc": "ACC_TYPE='tl.float32', ALLOW_TF32=True, BLOCK_K=64, BLOCK_M=128, BLOCK_N=128, EVEN_K=True, GROUP_M=8, USE_FAST_ACCUM=False, num_stages=3, num_warps=4"}
AUTOTUNE mm(16384x7744, 7744x2048)
strides: [1, 16384], [2048, 1]
dtypes: torch.bfloat16, torch.bfloat16
  mm 1.8811 ms 100.0% 
  triton_mm_7947 2.1832 ms 86.2% ACC_TYPE='tl.float32', ALLOW_TF32=True, BLOCK_K=64, BLOCK_M=128, BLOCK_N=128, EVEN_K=True, GROUP_M=8, USE_FAST_ACCUM=False, num_stages=3, num_warps=4
  triton_mm_7946 2.2118 ms 85.0% ACC_TYPE='tl.float32', ALLOW_TF32=True, BLOCK_K=32, BLOCK_M=128, BLOCK_N=128, EVEN_K=True, GROUP_M=8, USE_FAST_ACCUM=False, num_stages=3, num_warps=4
  triton_mm_7948 2.4064 ms 78.2% ACC_TYPE='tl.float32', ALLOW_TF32=True, BLOCK_K=64, BLOCK_M=128, BLOCK_N=128, EVEN_K=True, GROUP_M=8, USE_FAST_ACCUM=False, num_stages=5, num_warps=8
  triton_mm_7939 2.4412 ms 77.1% ACC_TYPE='tl.float32', ALLOW_TF32=True, BLOCK_K=32, BLOCK_M=64, BLOCK_N=128, EVEN_K=True, GROUP_M=8, USE_FAST_ACCUM=False, num_stages=3, num_warps=4
  triton_mm_7941 2.5385 ms 74.1% ACC_TYPE='tl.float32', ALLOW_TF32=True, BLOCK_K=64, BLOCK_M=64, BLOCK_N=128, EVEN_K=True, GROUP_M=8, USE_FAST_ACCUM=False, num_stages=3, num_warps=4
  triton_mm_7943 2.6040 ms 72.2% ACC_TYPE='tl.float32', ALLOW_TF32=True, BLOCK_K=32, BLOCK_M=128, BLOCK_N=64, EVEN_K=True, GROUP_M=8, USE_FAST_ACCUM=False, num_stages=3, num_warps=4
  triton_mm_7944 2.7402 ms 68.6% ACC_TYPE='tl.float32', ALLOW_TF32=True, BLOCK_K=32, BLOCK_M=128, BLOCK_N=64, EVEN_K=True, GROUP_M=8, USE_FAST_ACCUM=False, num_stages=4, num_warps=8
  triton_mm_7940 2.9583 ms 63.6% ACC_TYPE='tl.float32', ALLOW_TF32=True, BLOCK_K=32, BLOCK_M=64, BLOCK_N=128, EVEN_K=True, GROUP_M=8, USE_FAST_ACCUM=False, num_stages=4, num_warps=8
  triton_mm_7942 2.9583 ms 63.6% ACC_TYPE='tl.float32', ALLOW_TF32=True, BLOCK_K=128, BLOCK_M=64, BLOCK_N=128, EVEN_K=False, GROUP_M=8, USE_FAST_ACCUM=False, num_stages=4, num_warps=4
SingleProcess AUTOTUNE benchmarking takes 1.0707 seconds and 0.0002 seconds precompiling for 21 choices
E0717 08:49:27.541000 13342 sim-link-f1/deps/lerobot/.venv/lib/python3.12/site-packages/torch/_inductor/select_algorithm.py:3924] [3/0] Runtime error during autotuning: 
E0717 08:49:27.541000 13342 sim-link-f1/deps/lerobot/.venv/lib/python3.12/site-packages/torch/_inductor/select_algorithm.py:3924] [3/0] No valid triton configs. OutOfMemoryError: out of resource: triton_mm Required: 196608 Hardware limit:166912 Reducing block sizes or `num_stages` may help.. 
E0717 08:49:27.541000 13342 sim-link-f1/deps/lerobot/.venv/lib/python3.12/site-packages/torch/_inductor/select_algorithm.py:3924] [3/0] Ignoring this choice.
Autotune Choices Stats:
{"num_choices": 21, "num_triton_choices": 20, "best_kernel": "mm", "best_time": 1.9691519737243652, "best_triton_pos": 1, "best_triton_time": 2.3050239086151123, "best_triton_kernel": "triton_mm_7967", "best_triton_kernel_desc": "ACC_TYPE='tl.float32', ALLOW_TF32=True, BLOCK_K=64, BLOCK_M=128, BLOCK_N=128, EVEN_K=True, GROUP_M=8, USE_FAST_ACCUM=False, num_stages=3, num_warps=4"}
AUTOTUNE mm(7744x16384, 16384x2048)
strides: [16384, 1], [2048, 1]
dtypes: torch.bfloat16, torch.bfloat16
  mm 1.9692 ms 100.0% 
  triton_mm_7967 2.3050 ms 85.4% ACC_TYPE='tl.float32', ALLOW_TF32=True, BLOCK_K=64, BLOCK_M=128, BLOCK_N=128, EVEN_K=True, GROUP_M=8, USE_FAST_ACCUM=False, num_stages=3, num_warps=4
  triton_mm_7966 2.4074 ms 81.8% ACC_TYPE='tl.float32', ALLOW_TF32=True, BLOCK_K=32, BLOCK_M=128, BLOCK_N=128, EVEN_K=True, GROUP_M=8, USE_FAST_ACCUM=False, num_stages=3, num_warps=4
  triton_mm_7959 2.4945 ms 78.9% ACC_TYPE='tl.float32', ALLOW_TF32=True, BLOCK_K=32, BLOCK_M=64, BLOCK_N=128, EVEN_K=True, GROUP_M=8, USE_FAST_ACCUM=False, num_stages=3, num_warps=4
  triton_mm_7963 2.5876 ms 76.1% ACC_TYPE='tl.float32', ALLOW_TF32=True, BLOCK_K=32, BLOCK_M=128, BLOCK_N=64, EVEN_K=True, GROUP_M=8, USE_FAST_ACCUM=False, num_stages=3, num_warps=4
  triton_mm_7961 2.6040 ms 75.6% ACC_TYPE='tl.float32', ALLOW_TF32=True, BLOCK_K=64, BLOCK_M=64, BLOCK_N=128, EVEN_K=True, GROUP_M=8, USE_FAST_ACCUM=False, num_stages=3, num_warps=4
  triton_mm_7962 2.6143 ms 75.3% ACC_TYPE='tl.float32', ALLOW_TF32=True, BLOCK_K=128, BLOCK_M=64, BLOCK_N=128, EVEN_K=True, GROUP_M=8, USE_FAST_ACCUM=False, num_stages=4, num_warps=4
  triton_mm_7960 2.7904 ms 70.6% ACC_TYPE='tl.float32', ALLOW_TF32=True, BLOCK_K=32, BLOCK_M=64, BLOCK_N=128, EVEN_K=True, GROUP_M=8, USE_FAST_ACCUM=False, num_stages=4, num_warps=8
  triton_mm_7968 2.8088 ms 70.1% ACC_TYPE='tl.float32', ALLOW_TF32=True, BLOCK_K=64, BLOCK_M=128, BLOCK_N=128, EVEN_K=True, GROUP_M=8, USE_FAST_ACCUM=False, num_stages=5, num_warps=8
  triton_mm_7965 3.2092 ms 61.4% ACC_TYPE='tl.float32', ALLOW_TF32=True, BLOCK_K=32, BLOCK_M=128, BLOCK_N=128, EVEN_K=True, GROUP_M=8, USE_FAST_ACCUM=False, num_stages=2, num_warps=8
SingleProcess AUTOTUNE benchmarking takes 1.0839 seconds and 0.0002 seconds precompiling for 21 choices
Training:   0%|          | 1/5000 [04:38<387:01:03, 278.71s/step]Training:   0%|          | 2/5000 [04:40<160:23:58, 115.53s/step]Training:   0%|          | 3/5000 [04:40<87:45:02, 63.22s/step]  Training:   0%|          | 4/5000 [04:41<53:37:05, 38.64s/step]Training:   0%|          | 5/5000 [04:42<34:45:12, 25.05s/step]Training:   0%|          | 6/5000 [04:43<23:22:50, 16.85s/step]Training:   0%|          | 7/5000 [04:44<16:10:24, 11.66s/step]Training:   0%|          | 8/5000 [04:45<11:29:53,  8.29s/step]Training:   0%|          | 9/5000 [04:46<8:18:55,  6.00s/step] Training:   0%|          | 10/5000 [04:47<6:09:29,  4.44s/step]INFO 2026-07-17 08:51:25 ot_train.py:677 step:10 smpl:80 ep:0 epch:0.00 loss:0.410 grdn:6.299 lr:1.6e-07 updt_s:28.650 data_s:0.128 smp/s:0 mem_gb:32.59
Training:   0%|          | 11/5000 [04:48<4:40:56,  3.38s/step]Training:   0%|          | 12/5000 [04:54<5:31:14,  3.98s/step]Training:   0%|          | 13/5000 [04:55<4:15:07,  3.07s/step]Training:   0%|          | 14/5000 [04:56<3:22:14,  2.43s/step]Training:   0%|          | 15/5000 [04:57<2:45:19,  1.99s/step]Training:   0%|          | 16/5000 [04:57<2:19:53,  1.68s/step]Training:   0%|          | 17/5000 [04:58<2:01:58,  1.47s/step]Training:   0%|          | 18/5000 [04:59<1:49:11,  1.31s/step]Training:   0%|          | 19/5000 [05:00<1:40:38,  1.21s/step]Training:   0%|          | 20/5000 [05:01<1:34:26,  1.14s/step]INFO 2026-07-17 08:51:40 ot_train.py:677 step:20 smpl:160 ep:1 epch:0.01 loss:0.420 grdn:7.590 lr:4.1e-07 updt_s:1.400 data_s:0.005 smp/s:6 mem_gb:31.43
Training:   0%|          | 21/5000 [05:02<1:30:09,  1.09s/step]Training:   0%|          | 22/5000 [05:03<1:27:03,  1.05s/step]Training:   0%|          | 23/5000 [05:04<1:25:07,  1.03s/step]Training:   0%|          | 24/5000 [05:05<1:23:41,  1.01s/step]Training:   0%|          | 25/5000 [05:06<1:22:26,  1.01step/s]Training:   1%|          | 26/5000 [05:07<1:21:42,  1.01step/s]Training:   1%|          | 27/5000 [05:08<1:21:11,  1.02step/s]Training:   1%|          | 28/5000 [05:09<1:20:41,  1.03step/s]Training:   1%|          | 29/5000 [05:10<1:20:21,  1.03step/s]Training:   1%|          | 30/5000 [05:11<1:20:23,  1.03step/s]INFO 2026-07-17 08:51:49 ot_train.py:677 step:30 smpl:240 ep:1 epch:0.01 loss:0.440 grdn:8.457 lr:6.6e-07 updt_s:0.960 data_s:0.005 smp/s:8 mem_gb:31.43
Training:   1%|          | 31/5000 [05:12<1:20:11,  1.03step/s]Training:   1%|          | 32/5000 [05:13<1:19:56,  1.04step/s]Training:   1%|          | 33/5000 [05:14<1:19:53,  1.04step/s]Training:   1%|          | 34/5000 [05:15<1:19:50,  1.04step/s]Training:   1%|          | 35/5000 [05:16<1:19:37,  1.04step/s]Training:   1%|          | 36/5000 [05:17<1:19:36,  1.04step/s]Training:   1%|          | 37/5000 [05:18<1:19:54,  1.04step/s]Training:   1%|          | 38/5000 [05:19<1:19:56,  1.03step/s]Training:   1%|          | 39/5000 [05:20<1:19:58,  1.03step/s]Training:   1%|          | 40/5000 [05:21<1:19:44,  1.04step/s]INFO 2026-07-17 08:51:59 ot_train.py:677 step:40 smpl:320 ep:1 epch:0.01 loss:0.321 grdn:6.511 lr:9.1e-07 updt_s:0.958 data_s:0.005 smp/s:8 mem_gb:31.43
Training:   1%|          | 41/5000 [05:22<1:19:42,  1.04step/s]Training:   1%|          | 42/5000 [05:23<1:19:33,  1.04step/s]Training:   1%|          | 43/5000 [05:24<1:19:49,  1.03step/s]Training:   1%|          | 44/5000 [05:25<1:19:50,  1.03step/s]Training:   1%|          | 45/5000 [05:25<1:19:40,  1.04step/s]Training:   1%|          | 46/5000 [05:26<1:19:18,  1.04step/s]Training:   1%|          | 47/5000 [05:27<1:19:22,  1.04step/s]Training:   1%|          | 48/5000 [05:28<1:19:23,  1.04step/s]Training:   1%|          | 49/5000 [05:29<1:19:30,  1.04step/s]Training:   1%|          | 50/5000 [05:30<1:19:39,  1.04step/s]INFO 2026-07-17 08:52:08 ot_train.py:677 step:50 smpl:400 ep:2 epch:0.01 loss:0.425 grdn:5.250 lr:1.2e-06 updt_s:0.959 data_s:0.005 smp/s:8 mem_gb:31.43
Training:   1%|          | 51/5000 [05:31<1:19:39,  1.04step/s]Training:   1%|          | 52/5000 [05:32<1:19:50,  1.03step/s]Training:   1%|          | 53/5000 [05:33<1:19:49,  1.03step/s]Training:   1%|          | 54/5000 [05:34<1:19:28,  1.04step/s]Training:   1%|          | 55/5000 [05:35<1:19:34,  1.04step/s]Training:   1%|          | 56/5000 [05:36<1:19:35,  1.04step/s]Training:   1%|          | 57/5000 [05:37<1:19:25,  1.04step/s]Training:   1%|          | 58/5000 [05:38<1:19:19,  1.04step/s]Training:   1%|          | 59/5000 [05:39<1:19:29,  1.04step/s]Training:   1%|          | 60/5000 [05:40<1:19:17,  1.04step/s]INFO 2026-07-17 08:52:18 ot_train.py:677 step:60 smpl:480 ep:2 epch:0.02 loss:0.305 grdn:3.806 lr:1.4e-06 updt_s:0.960 data_s:0.004 smp/s:8 mem_gb:31.43
Training:   1%|          | 61/5000 [05:41<1:19:13,  1.04step/s]Training:   1%|          | 62/5000 [05:42<1:19:14,  1.04step/s]Training:   1%|▏         | 63/5000 [05:43<1:19:30,  1.03step/s]Training:   1%|▏         | 64/5000 [05:44<1:19:31,  1.03step/s]Training:   1%|▏         | 65/5000 [05:45<1:19:29,  1.03step/s]Training:   1%|▏         | 66/5000 [05:46<1:19:44,  1.03step/s]Training:   1%|▏         | 67/5000 [05:47<1:19:38,  1.03step/s]Training:   1%|▏         | 68/5000 [05:48<1:19:34,  1.03step/s]Training:   1%|▏         | 69/5000 [05:49<1:19:38,  1.03step/s]Training:   1%|▏         | 70/5000 [05:51<1:51:13,  1.35s/step]INFO 2026-07-17 08:52:29 ot_train.py:677 step:70 smpl:560 ep:2 epch:0.02 loss:0.228 grdn:3.295 lr:1.7e-06 updt_s:1.091 data_s:0.005 smp/s:7 mem_gb:31.43
Training:   1%|▏         | 71/5000 [05:52<1:41:42,  1.24s/step]Training:   1%|▏         | 72/5000 [05:53<1:35:11,  1.16s/step]Training:   1%|▏         | 73/5000 [05:54<1:30:34,  1.10s/step]Training:   1%|▏         | 74/5000 [05:55<1:27:09,  1.06s/step]Training:   2%|▏         | 75/5000 [05:56<1:25:07,  1.04s/step]Training:   2%|▏         | 76/5000 [05:57<1:23:14,  1.01s/step]Training:   2%|▏         | 77/5000 [05:58<1:21:50,  1.00step/s]Training:   2%|▏         | 78/5000 [05:59<1:21:05,  1.01step/s]Training:   2%|▏         | 79/5000 [06:00<1:20:33,  1.02step/s]Training:   2%|▏         | 80/5000 [06:01<1:20:18,  1.02step/s]INFO 2026-07-17 08:52:39 ot_train.py:677 step:80 smpl:640 ep:3 epch:0.02 loss:0.206 grdn:3.832 lr:1.9e-06 updt_s:0.963 data_s:0.005 smp/s:8 mem_gb:31.43
Training:   2%|▏         | 81/5000 [06:02<1:20:01,  1.02step/s]Training:   2%|▏         | 82/5000 [06:03<1:19:45,  1.03step/s]Training:   2%|▏         | 83/5000 [06:04<1:19:43,  1.03step/s]Training:   2%|▏         | 84/5000 [06:04<1:19:32,  1.03step/s]Training:   2%|▏         | 85/5000 [06:05<1:19:18,  1.03step/s]Training:   2%|▏         | 86/5000 [06:06<1:19:17,  1.03step/s]Training:   2%|▏         | 87/5000 [06:07<1:18:59,  1.04step/s]Training:   2%|▏         | 88/5000 [06:08<1:19:20,  1.03step/s]Training:   2%|▏         | 89/5000 [06:09<1:19:11,  1.03step/s]Training:   2%|▏         | 90/5000 [06:10<1:19:09,  1.03step/s]INFO 2026-07-17 08:52:48 ot_train.py:677 step:90 smpl:720 ep:3 epch:0.02 loss:0.170 grdn:2.757 lr:2.2e-06 updt_s:0.962 data_s:0.005 smp/s:8 mem_gb:31.43
Training:   2%|▏         | 91/5000 [06:11<1:19:05,  1.03step/s]Training:   2%|▏         | 92/5000 [06:12<1:19:04,  1.03step/s]Training:   2%|▏         | 93/5000 [06:13<1:19:11,  1.03step/s]Training:   2%|▏         | 94/5000 [06:14<1:19:13,  1.03step/s]Training:   2%|▏         | 95/5000 [06:15<1:19:02,  1.03step/s]Training:   2%|▏         | 96/5000 [06:16<1:19:17,  1.03step/s]Training:   2%|▏         | 97/5000 [06:17<1:19:10,  1.03step/s]Training:   2%|▏         | 98/5000 [06:18<1:18:59,  1.03step/s]Training:   2%|▏         | 99/5000 [06:19<1:19:07,  1.03step/s]Training:   2%|▏         | 100/5000 [06:20<1:19:05,  1.03step/s]INFO 2026-07-17 08:52:58 ot_train.py:677 step:100 smpl:800 ep:3 epch:0.03 loss:0.245 grdn:3.411 lr:2.4e-06 updt_s:0.963 data_s:0.005 smp/s:8 mem_gb:31.43
Training:   2%|▏         | 101/5000 [06:21<1:18:59,  1.03step/s]Training:   2%|▏         | 102/5000 [06:22<1:18:48,  1.04step/s]Training:   2%|▏         | 103/5000 [06:23<1:19:01,  1.03step/s]Training:   2%|▏         | 104/5000 [06:24<1:19:09,  1.03step/s]Training:   2%|▏         | 105/5000 [06:25<1:18:58,  1.03step/s]Training:   2%|▏         | 106/5000 [06:26<1:18:46,  1.04step/s]Training:   2%|▏         | 107/5000 [06:27<1:19:02,  1.03step/s]Training:   2%|▏         | 108/5000 [06:28<1:18:49,  1.03step/s]Training:   2%|▏         | 109/5000 [06:29<1:18:35,  1.04step/s]Training:   2%|▏         | 110/5000 [06:30<1:18:31,  1.04step/s]INFO 2026-07-17 08:53:08 ot_train.py:677 step:110 smpl:880 ep:4 epch:0.03 loss:0.317 grdn:4.983 lr:2.7e-06 updt_s:0.961 data_s:0.004 smp/s:8 mem_gb:31.43
Training:   2%|▏         | 111/5000 [06:31<1:18:51,  1.03step/s]Training:   2%|▏         | 112/5000 [06:32<1:18:52,  1.03step/s]Training:   2%|▏         | 113/5000 [06:33<1:18:43,  1.03step/s]Training:   2%|▏         | 114/5000 [06:33<1:18:38,  1.04step/s]Training:   2%|▏         | 115/5000 [06:34<1:18:34,  1.04step/s]Training:   2%|▏         | 116/5000 [06:35<1:18:26,  1.04step/s]Training:   2%|▏         | 117/5000 [06:36<1:18:23,  1.04step/s]Training:   2%|▏         | 118/5000 [06:37<1:18:15,  1.04step/s]Training:   2%|▏         | 119/5000 [06:38<1:18:32,  1.04step/s]Training:   2%|▏         | 120/5000 [06:39<1:18:57,  1.03step/s]INFO 2026-07-17 08:53:17 ot_train.py:677 step:120 smpl:960 ep:4 epch:0.03 loss:0.233 grdn:3.593 lr:2.9e-06 updt_s:0.963 data_s:0.004 smp/s:8 mem_gb:31.43
Training:   2%|▏         | 121/5000 [06:40<1:18:32,  1.04step/s]Training:   2%|▏         | 122/5000 [06:41<1:18:40,  1.03step/s]Training:   2%|▏         | 123/5000 [06:42<1:18:21,  1.04step/s]Training:   2%|▏         | 124/5000 [06:43<1:18:24,  1.04step/s]Training:   2%|▎         | 125/5000 [06:45<1:48:14,  1.33s/step]Training:   3%|▎         | 126/5000 [06:46<1:39:18,  1.22s/step]Training:   3%|▎         | 127/5000 [06:47<1:32:51,  1.14s/step]Training:   3%|▎         | 128/5000 [06:48<1:28:46,  1.09s/step]Training:   3%|▎         | 129/5000 [06:49<1:25:40,  1.06s/step]Training:   3%|▎         | 130/5000 [06:50<1:23:32,  1.03s/step]INFO 2026-07-17 08:53:28 ot_train.py:677 step:130 smpl:1K ep:4 epch:0.03 loss:0.231 grdn:3.481 lr:3.2e-06 updt_s:1.083 data_s:0.005 smp/s:7 mem_gb:31.43
Training:   3%|▎         | 131/5000 [06:51<1:21:57,  1.01s/step]Training:   3%|▎         | 132/5000 [06:52<1:20:54,  1.00step/s]Training:   3%|▎         | 133/5000 [06:53<1:20:02,  1.01step/s]Training:   3%|▎         | 134/5000 [06:54<1:19:30,  1.02step/s]Training:   3%|▎         | 135/5000 [06:55<1:19:01,  1.03step/s]Training:   3%|▎         | 136/5000 [06:56<1:18:56,  1.03step/s]Training:   3%|▎         | 137/5000 [06:57<1:18:43,  1.03step/s]Training:   3%|▎         | 138/5000 [06:58<1:18:34,  1.03step/s]Training:   3%|▎         | 139/5000 [06:59<1:18:29,  1.03step/s]Training:   3%|▎         | 140/5000 [07:00<1:18:34,  1.03step/s]INFO 2026-07-17 08:53:38 ot_train.py:677 step:140 smpl:1K ep:5 epch:0.04 loss:0.213 grdn:3.228 lr:3.4e-06 updt_s:0.961 data_s:0.005 smp/s:8 mem_gb:31.43
Training:   3%|▎         | 141/5000 [07:01<1:18:20,  1.03step/s]Training:   3%|▎         | 142/5000 [07:02<1:18:18,  1.03step/s]Training:   3%|▎         | 143/5000 [07:03<1:18:08,  1.04step/s]Training:   3%|▎         | 144/5000 [07:04<1:18:21,  1.03step/s]Training:   3%|▎         | 145/5000 [07:05<1:18:28,  1.03step/s]Training:   3%|▎         | 146/5000 [07:06<1:18:26,  1.03step/s]Training:   3%|▎         | 147/5000 [07:07<1:18:16,  1.03step/s]Training:   3%|▎         | 148/5000 [07:08<1:18:28,  1.03step/s]Training:   3%|▎         | 149/5000 [07:09<1:18:19,  1.03step/s]Training:   3%|▎         | 150/5000 [07:09<1:18:17,  1.03step/s]INFO 2026-07-17 08:53:48 ot_train.py:677 step:150 smpl:1K ep:5 epch:0.04 loss:0.189 grdn:3.717 lr:3.7e-06 updt_s:0.962 data_s:0.005 smp/s:8 mem_gb:31.43
Training:   3%|▎         | 151/5000 [07:10<1:18:06,  1.03step/s]Training:   3%|▎         | 152/5000 [07:11<1:18:19,  1.03step/s]Training:   3%|▎         | 153/5000 [07:12<1:18:23,  1.03step/s]Training:   3%|▎         | 154/5000 [07:13<1:18:17,  1.03step/s]Training:   3%|▎         | 155/5000 [07:14<1:18:17,  1.03step/s]Training:   3%|▎         | 156/5000 [07:15<1:18:18,  1.03step/s]Training:   3%|▎         | 157/5000 [07:16<1:18:08,  1.03step/s]Training:   3%|▎         | 158/5000 [07:17<1:18:11,  1.03step/s]Training:   3%|▎         | 159/5000 [07:18<1:18:07,  1.03step/s]Training:   3%|▎         | 160/5000 [07:19<1:18:15,  1.03step/s]INFO 2026-07-17 08:53:57 ot_train.py:677 step:160 smpl:1K ep:5 epch:0.04 loss:0.184 grdn:3.498 lr:3.9e-06 updt_s:0.964 data_s:0.005 smp/s:8 mem_gb:31.43
Training:   3%|▎         | 161/5000 [07:20<1:18:18,  1.03step/s]Training:   3%|▎         | 162/5000 [07:21<1:18:12,  1.03step/s]Training:   3%|▎         | 163/5000 [07:22<1:18:07,  1.03step/s]Training:   3%|▎         | 164/5000 [07:23<1:18:01,  1.03step/s]Training:   3%|▎         | 165/5000 [07:24<1:17:49,  1.04step/s]Training:   3%|▎         | 166/5000 [07:25<1:17:49,  1.04step/s]Training:   3%|▎         | 167/5000 [07:26<1:17:52,  1.03step/s]Training:   3%|▎         | 168/5000 [07:27<1:17:54,  1.03step/s]Training:   3%|▎         | 169/5000 [07:28<1:17:49,  1.03step/s]Training:   3%|▎         | 170/5000 [07:29<1:17:52,  1.03step/s]INFO 2026-07-17 08:54:07 ot_train.py:677 step:170 smpl:1K ep:6 epch:0.04 loss:0.158 grdn:3.461 lr:4.2e-06 updt_s:0.962 data_s:0.005 smp/s:8 mem_gb:31.43
Training:   3%|▎         | 171/5000 [07:30<1:17:40,  1.04step/s]Training:   3%|▎         | 172/5000 [07:31<1:17:45,  1.03step/s]Training:   3%|▎         | 173/5000 [07:32<1:17:57,  1.03step/s]Training:   3%|▎         | 174/5000 [07:33<1:17:52,  1.03step/s]Training:   4%|▎         | 175/5000 [07:34<1:17:40,  1.04step/s]Training:   4%|▎         | 176/5000 [07:35<1:17:47,  1.03step/s]Training:   4%|▎         | 177/5000 [07:36<1:17:41,  1.03step/s]Training:   4%|▎         | 178/5000 [07:37<1:17:35,  1.04step/s]Training:   4%|▎         | 179/5000 [07:38<1:17:23,  1.04step/s]Training:   4%|▎         | 180/5000 [07:39<1:17:41,  1.03step/s]INFO 2026-07-17 08:54:17 ot_train.py:677 step:180 smpl:1K ep:6 epch:0.05 loss:0.121 grdn:2.523 lr:4.4e-06 updt_s:0.961 data_s:0.005 smp/s:8 mem_gb:31.43
Training:   4%|▎         | 181/5000 [07:39<1:17:45,  1.03step/s]Training:   4%|▎         | 182/5000 [07:40<1:17:47,  1.03step/s]Training:   4%|▎         | 183/5000 [07:41<1:17:54,  1.03step/s]Training:   4%|▎         | 184/5000 [07:42<1:17:39,  1.03step/s]Training:   4%|▎         | 185/5000 [07:44<1:44:23,  1.30s/step]Training:   4%|▎         | 186/5000 [07:45<1:36:07,  1.20s/step]Training:   4%|▎         | 187/5000 [07:46<1:30:23,  1.13s/step]Training:   4%|▍         | 188/5000 [07:47<1:26:39,  1.08s/step]Training:   4%|▍         | 189/5000 [07:48<1:23:54,  1.05s/step]Training:   4%|▍         | 190/5000 [07:49<1:21:57,  1.02s/step]INFO 2026-07-17 08:54:27 ot_train.py:677 step:190 smpl:2K ep:6 epch:0.05 loss:0.152 grdn:3.247 lr:4.7e-06 updt_s:1.073 data_s:0.004 smp/s:7 mem_gb:31.43
Training:   4%|▍         | 191/5000 [07:50<1:20:36,  1.01s/step]Training:   4%|▍         | 192/5000 [07:51<1:19:32,  1.01step/s]Training:   4%|▍         | 193/5000 [07:52<1:18:58,  1.01step/s]Training:   4%|▍         | 194/5000 [07:53<1:18:42,  1.02step/s]Training:   4%|▍         | 195/5000 [07:54<1:18:29,  1.02step/s]Training:   4%|▍         | 196/5000 [07:55<1:18:25,  1.02step/s]Training:   4%|▍         | 197/5000 [07:56<1:18:32,  1.02step/s]Training:   4%|▍         | 198/5000 [07:57<1:18:28,  1.02step/s]Training:   4%|▍         | 199/5000 [07:58<1:18:40,  1.02step/s]Training:   4%|▍         | 200/5000 [07:59<1:18:29,  1.02step/s]INFO 2026-07-17 08:54:37 ot_train.py:677 step:200 smpl:2K ep:7 epch:0.05 loss:0.158 grdn:3.510 lr:4.9e-06 updt_s:0.970 data_s:0.005 smp/s:8 mem_gb:31.43
Training:   4%|▍         | 201/5000 [08:00<1:18:31,  1.02step/s]Training:   4%|▍         | 202/5000 [08:01<1:17:59,  1.03step/s]Training:   4%|▍         | 203/5000 [08:02<1:17:48,  1.03step/s]Training:   4%|▍         | 204/5000 [08:03<1:17:40,  1.03step/s]Training:   4%|▍         | 205/5000 [08:04<1:17:48,  1.03step/s]Training:   4%|▍         | 206/5000 [08:05<1:17:42,  1.03step/s]Training:   4%|▍         | 207/5000 [08:06<1:17:48,  1.03step/s]Training:   4%|▍         | 208/5000 [08:07<1:17:48,  1.03step/s]Training:   4%|▍         | 209/5000 [08:08<1:17:58,  1.02step/s]Training:   4%|▍         | 210/5000 [08:09<1:17:40,  1.03step/s]INFO 2026-07-17 08:54:47 ot_train.py:677 step:210 smpl:2K ep:7 epch:0.05 loss:0.124 grdn:2.604 lr:5.2e-06 updt_s:0.967 data_s:0.005 smp/s:8 mem_gb:31.43
Training:   4%|▍         | 211/5000 [08:10<1:17:44,  1.03step/s]Training:   4%|▍         | 212/5000 [08:11<1:17:44,  1.03step/s]Training:   4%|▍         | 213/5000 [08:12<1:17:58,  1.02step/s]Training:   4%|▍         | 214/5000 [08:13<1:17:31,  1.03step/s]Training:   4%|▍         | 215/5000 [08:14<1:17:53,  1.02step/s]Training:   4%|▍         | 216/5000 [08:15<1:17:43,  1.03step/s]Training:   4%|▍         | 217/5000 [08:16<1:17:37,  1.03step/s]Training:   4%|▍         | 218/5000 [08:17<1:17:10,  1.03step/s]Training:   4%|▍         | 219/5000 [08:18<1:17:19,  1.03step/s]Training:   4%|▍         | 220/5000 [08:19<1:17:25,  1.03step/s]INFO 2026-07-17 08:54:57 ot_train.py:677 step:220 smpl:2K ep:7 epch:0.06 loss:0.176 grdn:3.876 lr:5.4e-06 updt_s:0.968 data_s:0.005 smp/s:8 mem_gb:31.43
Training:   4%|▍         | 221/5000 [08:19<1:17:29,  1.03step/s]Training:   4%|▍         | 222/5000 [08:20<1:17:12,  1.03step/s]Training:   4%|▍         | 223/5000 [08:21<1:17:31,  1.03step/s]Training:   4%|▍         | 224/5000 [08:22<1:17:10,  1.03step/s]Training:   4%|▍         | 225/5000 [08:23<1:17:09,  1.03step/s]Training:   5%|▍         | 226/5000 [08:24<1:16:51,  1.04step/s]Training:   5%|▍         | 227/5000 [08:25<1:17:13,  1.03step/s]Training:   5%|▍         | 228/5000 [08:26<1:16:49,  1.04step/s]Training:   5%|▍         | 229/5000 [08:27<1:16:52,  1.03step/s]Training:   5%|▍         | 230/5000 [08:28<1:16:40,  1.04step/s]INFO 2026-07-17 08:55:06 ot_train.py:677 step:230 smpl:2K ep:8 epch:0.06 loss:0.120 grdn:2.834 lr:5.7e-06 updt_s:0.962 data_s:0.004 smp/s:8 mem_gb:31.43
Training:   5%|▍         | 231/5000 [08:29<1:16:33,  1.04step/s]Training:   5%|▍         | 232/5000 [08:30<1:16:21,  1.04step/s]Training:   5%|▍         | 233/5000 [08:31<1:16:43,  1.04step/s]Training:   5%|▍         | 234/5000 [08:32<1:16:29,  1.04step/s]Training:   5%|▍         | 235/5000 [08:33<1:16:30,  1.04step/s]Training:   5%|▍         | 236/5000 [08:34<1:16:34,  1.04step/s]Training:   5%|▍         | 237/5000 [08:35<1:16:35,  1.04step/s]Training:   5%|▍         | 238/5000 [08:36<1:16:22,  1.04step/s]Training:   5%|▍         | 239/5000 [08:38<1:44:58,  1.32s/step]Training:   5%|▍         | 240/5000 [08:39<1:36:22,  1.21s/step]INFO 2026-07-17 08:55:17 ot_train.py:677 step:240 smpl:2K ep:8 epch:0.06 loss:0.158 grdn:4.323 lr:5.9e-06 updt_s:1.078 data_s:0.004 smp/s:7 mem_gb:31.43
Training:   5%|▍         | 241/5000 [08:40<1:30:31,  1.14s/step]Training:   5%|▍         | 242/5000 [08:41<1:26:01,  1.08s/step]Training:   5%|▍         | 243/5000 [08:42<1:23:05,  1.05s/step]Training:   5%|▍         | 244/5000 [08:43<1:20:52,  1.02s/step]Training:   5%|▍         | 245/5000 [08:44<1:19:28,  1.00s/step]Training:   5%|▍         | 246/5000 [08:45<1:18:23,  1.01step/s]Training:   5%|▍         | 247/5000 [08:46<1:17:50,  1.02step/s]Training:   5%|▍         | 248/5000 [08:47<1:17:27,  1.02step/s]Training:   5%|▍         | 249/5000 [08:48<1:17:26,  1.02step/s]Training:   5%|▌         | 250/5000 [08:49<1:17:07,  1.03step/s]INFO 2026-07-17 08:55:27 ot_train.py:677 step:250 smpl:2K ep:8 epch:0.06 loss:0.144 grdn:3.990 lr:6.2e-06 updt_s:0.959 data_s:0.004 smp/s:8 mem_gb:31.43
Training:   5%|▌         | 251/5000 [08:50<1:17:00,  1.03step/s]Training:   5%|▌         | 252/5000 [08:51<1:16:52,  1.03step/s]Training:   5%|▌         | 253/5000 [08:52<1:16:54,  1.03step/s]Training:   5%|▌         | 254/5000 [08:53<1:16:39,  1.03step/s]Training:   5%|▌         | 255/5000 [08:54<1:16:52,  1.03step/s]Training:   5%|▌         | 256/5000 [08:54<1:16:55,  1.03step/s]Training:   5%|▌         | 257/5000 [08:55<1:17:02,  1.03step/s]Training:   5%|▌         | 258/5000 [08:56<1:16:54,  1.03step/s]Training:   5%|▌         | 259/5000 [08:57<1:16:41,  1.03step/s]Training:   5%|▌         | 260/5000 [08:58<1:16:37,  1.03step/s]INFO 2026-07-17 08:55:37 ot_train.py:677 step:260 smpl:2K ep:9 epch:0.07 loss:0.154 grdn:2.931 lr:6.4e-06 updt_s:0.965 data_s:0.005 smp/s:8 mem_gb:31.43
Training:   5%|▌         | 261/5000 [08:59<1:16:26,  1.03step/s]Training:   5%|▌         | 262/5000 [09:00<1:16:20,  1.03step/s]Training:   5%|▌         | 263/5000 [09:01<1:16:09,  1.04step/s]Training:   5%|▌         | 264/5000 [09:02<1:16:24,  1.03step/s]Training:   5%|▌         | 265/5000 [09:03<1:16:18,  1.03step/s]Training:   5%|▌         | 266/5000 [09:04<1:16:10,  1.04step/s]Training:   5%|▌         | 267/5000 [09:05<1:16:27,  1.03step/s]Training:   5%|▌         | 268/5000 [09:06<1:16:23,  1.03step/s]Training:   5%|▌         | 269/5000 [09:07<1:16:23,  1.03step/s]Training:   5%|▌         | 270/5000 [09:08<1:16:21,  1.03step/s]INFO 2026-07-17 08:55:46 ot_train.py:677 step:270 smpl:2K ep:9 epch:0.07 loss:0.092 grdn:2.703 lr:6.7e-06 updt_s:0.962 data_s:0.005 smp/s:8 mem_gb:31.43
Training:   5%|▌         | 271/5000 [09:09<1:16:45,  1.03step/s]Training:   5%|▌         | 272/5000 [09:10<1:16:32,  1.03step/s]Training:   5%|▌         | 273/5000 [09:11<1:16:34,  1.03step/s]Training:   5%|▌         | 274/5000 [09:12<1:16:44,  1.03step/s]Training:   6%|▌         | 275/5000 [09:13<1:16:41,  1.03step/s]Training:   6%|▌         | 276/5000 [09:14<1:16:33,  1.03step/s]Training:   6%|▌         | 277/5000 [09:15<1:16:40,  1.03step/s]Training:   6%|▌         | 278/5000 [09:16<1:16:43,  1.03step/s]Training:   6%|▌         | 279/5000 [09:17<1:16:28,  1.03step/s]Training:   6%|▌         | 280/5000 [09:18<1:16:23,  1.03step/s]INFO 2026-07-17 08:55:56 ot_train.py:677 step:280 smpl:2K ep:9 epch:0.07 loss:0.120 grdn:3.332 lr:6.9e-06 updt_s:0.968 data_s:0.005 smp/s:8 mem_gb:31.43
Training:   6%|▌         | 281/5000 [09:19<1:16:17,  1.03step/s]Training:   6%|▌         | 282/5000 [09:20<1:16:08,  1.03step/s]Training:   6%|▌         | 283/5000 [09:21<1:16:03,  1.03step/s]Training:   6%|▌         | 284/5000 [09:22<1:16:10,  1.03step/s]Training:   6%|▌         | 285/5000 [09:23<1:16:02,  1.03step/s]Training:   6%|▌         | 286/5000 [09:26<2:14:42,  1.71s/step]Training:   6%|▌         | 287/5000 [09:27<1:56:57,  1.49s/step]Training:   6%|▌         | 288/5000 [09:28<1:44:33,  1.33s/step]Training:   6%|▌         | 289/5000 [09:29<1:35:51,  1.22s/step]Training:   6%|▌         | 290/5000 [09:30<1:30:02,  1.15s/step]INFO 2026-07-17 08:56:08 ot_train.py:677 step:290 smpl:2K ep:10 epch:0.07 loss:0.088 grdn:2.951 lr:7.2e-06 updt_s:1.210 data_s:0.005 smp/s:7 mem_gb:31.43
Training:   6%|▌         | 291/5000 [09:31<1:26:05,  1.10s/step]Training:   6%|▌         | 292/5000 [09:32<1:22:53,  1.06s/step]Training:   6%|▌         | 293/5000 [09:33<1:20:41,  1.03s/step]Training:   6%|▌         | 294/5000 [09:34<1:18:49,  1.01s/step]Training:   6%|▌         | 295/5000 [09:35<1:17:09,  1.02step/s]Training:   6%|▌         | 296/5000 [09:36<1:16:07,  1.03step/s]Training:   6%|▌         | 297/5000 [09:37<1:15:30,  1.04step/s]Training:   6%|▌         | 298/5000 [09:38<1:14:59,  1.04step/s]Training:   6%|▌         | 299/5000 [09:38<1:14:32,  1.05step/s]Training:   6%|▌         | 300/5000 [09:39<1:14:27,  1.05step/s]INFO 2026-07-17 08:56:18 ot_train.py:677 step:300 smpl:2K ep:10 epch:0.08 loss:0.104 grdn:3.356 lr:7.4e-06 updt_s:0.946 data_s:0.004 smp/s:8 mem_gb:31.43
Training:   6%|▌         | 301/5000 [09:40<1:14:05,  1.06step/s]Training:   6%|▌         | 302/5000 [09:41<1:13:56,  1.06step/s]Training:   6%|▌         | 303/5000 [09:42<1:13:46,  1.06step/s]Training:   6%|▌         | 304/5000 [09:43<1:14:09,  1.06step/s]Training:   6%|▌         | 305/5000 [09:44<1:14:05,  1.06step/s]Training:   6%|▌         | 306/5000 [09:45<1:13:57,  1.06step/s]Training:   6%|▌         | 307/5000 [09:46<1:13:50,  1.06step/s]Training:   6%|▌         | 308/5000 [09:47<1:13:52,  1.06step/s]Training:   6%|▌         | 309/5000 [09:48<1:13:49,  1.06step/s]Training:   6%|▌         | 310/5000 [09:49<1:14:17,  1.05step/s]INFO 2026-07-17 08:56:27 ot_train.py:677 step:310 smpl:2K ep:10 epch:0.08 loss:0.111 grdn:2.542 lr:7.7e-06 updt_s:0.941 data_s:0.004 smp/s:8 mem_gb:31.43
Training:   6%|▌         | 311/5000 [09:50<1:14:33,  1.05step/s]Training:   6%|▌         | 312/5000 [09:51<1:14:30,  1.05step/s]Training:   6%|▋         | 313/5000 [09:52<1:14:16,  1.05step/s]Training:   6%|▋         | 314/5000 [09:53<1:14:16,  1.05step/s]Training:   6%|▋         | 315/5000 [09:54<1:14:06,  1.05step/s]Training:   6%|▋         | 316/5000 [09:55<1:14:03,  1.05step/s]Training:   6%|▋         | 317/5000 [09:56<1:13:58,  1.06step/s]Training:   6%|▋         | 318/5000 [09:56<1:14:07,  1.05step/s]Training:   6%|▋         | 319/5000 [09:57<1:14:08,  1.05step/s]Training:   6%|▋         | 320/5000 [09:58<1:13:58,  1.05step/s]INFO 2026-07-17 08:56:37 ot_train.py:677 step:320 smpl:3K ep:11 epch:0.08 loss:0.103 grdn:2.923 lr:7.9e-06 updt_s:0.945 data_s:0.004 smp/s:8 mem_gb:31.43
Training:   6%|▋         | 321/5000 [09:59<1:13:59,  1.05step/s]Training:   6%|▋         | 322/5000 [10:00<1:13:58,  1.05step/s]Training:   6%|▋         | 323/5000 [10:01<1:13:47,  1.06step/s]Training:   6%|▋         | 324/5000 [10:02<1:13:49,  1.06step/s]Training:   6%|▋         | 325/5000 [10:03<1:13:57,  1.05step/s]Training:   7%|▋         | 326/5000 [10:04<1:13:48,  1.06step/s]Training:   7%|▋         | 327/5000 [10:05<1:13:52,  1.05step/s]Training:   7%|▋         | 328/5000 [10:06<1:13:41,  1.06step/s]Training:   7%|▋         | 329/5000 [10:07<1:13:32,  1.06step/s]Training:   7%|▋         | 330/5000 [10:08<1:13:30,  1.06step/s]INFO 2026-07-17 08:56:46 ot_train.py:677 step:330 smpl:3K ep:11 epch:0.08 loss:0.079 grdn:2.956 lr:8.2e-06 updt_s:0.942 data_s:0.004 smp/s:8 mem_gb:31.43
Training:   7%|▋         | 331/5000 [10:09<1:13:40,  1.06step/s]Training:   7%|▋         | 332/5000 [10:10<1:13:38,  1.06step/s]Training:   7%|▋         | 333/5000 [10:11<1:13:37,  1.06step/s]Training:   7%|▋         | 334/5000 [10:12<1:13:36,  1.06step/s]Training:   7%|▋         | 335/5000 [10:13<1:13:28,  1.06step/s]Training:   7%|▋         | 336/5000 [10:14<1:13:26,  1.06step/s]Training:   7%|▋         | 337/5000 [10:14<1:13:38,  1.06step/s]Training:   7%|▋         | 338/5000 [10:15<1:13:35,  1.06step/s]Training:   7%|▋         | 339/5000 [10:16<1:13:24,  1.06step/s]Training:   7%|▋         | 340/5000 [10:17<1:13:35,  1.06step/s]INFO 2026-07-17 08:56:56 ot_train.py:677 step:340 smpl:3K ep:11 epch:0.09 loss:0.112 grdn:3.719 lr:8.4e-06 updt_s:0.943 data_s:0.004 smp/s:8 mem_gb:31.43
Training:   7%|▋         | 341/5000 [10:18<1:13:29,  1.06step/s]Training:   7%|▋         | 342/5000 [10:19<1:13:27,  1.06step/s]Training:   7%|▋         | 343/5000 [10:20<1:13:26,  1.06step/s]Training:   7%|▋         | 344/5000 [10:21<1:13:40,  1.05step/s]Training:   7%|▋         | 345/5000 [10:22<1:13:59,  1.05step/s]Training:   7%|▋         | 346/5000 [10:23<1:14:25,  1.04step/s]Training:   7%|▋         | 347/5000 [10:24<1:14:26,  1.04step/s]Training:   7%|▋         | 348/5000 [10:25<1:14:41,  1.04step/s]Training:   7%|▋         | 349/5000 [10:26<1:14:40,  1.04step/s]Training:   7%|▋         | 350/5000 [10:27<1:14:47,  1.04step/s]INFO 2026-07-17 08:57:05 ot_train.py:677 step:350 smpl:3K ep:12 epch:0.09 loss:0.099 grdn:2.889 lr:8.7e-06 updt_s:0.954 data_s:0.005 smp/s:8 mem_gb:31.43
Training:   7%|▋         | 351/5000 [10:28<1:15:05,  1.03step/s]Training:   7%|▋         | 352/5000 [10:29<1:15:01,  1.03step/s]Training:   7%|▋         | 353/5000 [10:31<1:41:49,  1.31s/step]Training:   7%|▋         | 354/5000 [10:32<1:33:37,  1.21s/step]Training:   7%|▋         | 355/5000 [10:33<1:28:13,  1.14s/step]Training:   7%|▋         | 356/5000 [10:34<1:24:10,  1.09s/step]Training:   7%|▋         | 357/5000 [10:35<1:21:36,  1.05s/step]Training:   7%|▋         | 358/5000 [10:36<1:19:25,  1.03s/step]Training:   7%|▋         | 359/5000 [10:37<1:17:54,  1.01s/step]Training:   7%|▋         | 360/5000 [10:38<1:16:54,  1.01step/s]INFO 2026-07-17 08:57:16 ot_train.py:677 step:360 smpl:3K ep:12 epch:0.09 loss:0.077 grdn:2.804 lr:8.9e-06 updt_s:1.079 data_s:0.005 smp/s:7 mem_gb:31.43
Training:   7%|▋         | 361/5000 [10:39<1:16:13,  1.01step/s]Training:   7%|▋         | 362/5000 [10:40<1:15:41,  1.02step/s]Training:   7%|▋         | 363/5000 [10:41<1:15:22,  1.03step/s]Training:   7%|▋         | 364/5000 [10:42<1:15:20,  1.03step/s]Training:   7%|▋         | 365/5000 [10:43<1:15:01,  1.03step/s]Training:   7%|▋         | 366/5000 [10:44<1:14:47,  1.03step/s]Training:   7%|▋         | 367/5000 [10:45<1:14:52,  1.03step/s]Training:   7%|▋         | 368/5000 [10:45<1:14:42,  1.03step/s]Training:   7%|▋         | 369/5000 [10:46<1:14:38,  1.03step/s]Training:   7%|▋         | 370/5000 [10:47<1:14:29,  1.04step/s]INFO 2026-07-17 08:57:26 ot_train.py:677 step:370 smpl:3K ep:12 epch:0.09 loss:0.062 grdn:1.809 lr:9.2e-06 updt_s:0.961 data_s:0.005 smp/s:8 mem_gb:31.43
Training:   7%|▋         | 371/5000 [10:48<1:14:32,  1.04step/s]Training:   7%|▋         | 372/5000 [10:49<1:14:45,  1.03step/s]Training:   7%|▋         | 373/5000 [10:50<1:14:37,  1.03step/s]Training:   7%|▋         | 374/5000 [10:51<1:14:30,  1.03step/s]Training:   8%|▊         | 375/5000 [10:52<1:14:40,  1.03step/s]Training:   8%|▊         | 376/5000 [10:53<1:14:28,  1.03step/s]Training:   8%|▊         | 377/5000 [10:54<1:14:32,  1.03step/s]Training:   8%|▊         | 378/5000 [10:55<1:14:24,  1.04step/s]Training:   8%|▊         | 379/5000 [10:56<1:14:42,  1.03step/s]Training:   8%|▊         | 380/5000 [10:57<1:14:37,  1.03step/s]INFO 2026-07-17 08:57:35 ot_train.py:677 step:380 smpl:3K ep:13 epch:0.10 loss:0.070 grdn:2.177 lr:9.4e-06 updt_s:0.963 data_s:0.005 smp/s:8 mem_gb:31.43
Training:   8%|▊         | 381/5000 [10:58<1:14:33,  1.03step/s]Training:   8%|▊         | 382/5000 [10:59<1:14:28,  1.03step/s]Training:   8%|▊         | 383/5000 [11:00<1:14:25,  1.03step/s]Training:   8%|▊         | 384/5000 [11:01<1:14:14,  1.04step/s]Training:   8%|▊         | 385/5000 [11:02<1:14:09,  1.04step/s]Training:   8%|▊         | 386/5000 [11:03<1:14:02,  1.04step/s]Training:   8%|▊         | 387/5000 [11:04<1:14:19,  1.03step/s]Training:   8%|▊         | 388/5000 [11:05<1:14:08,  1.04step/s]Training:   8%|▊         | 389/5000 [11:06<1:14:10,  1.04step/s]Training:   8%|▊         | 390/5000 [11:07<1:14:07,  1.04step/s]INFO 2026-07-17 08:57:45 ot_train.py:677 step:390 smpl:3K ep:13 epch:0.10 loss:0.090 grdn:2.654 lr:9.7e-06 updt_s:0.960 data_s:0.004 smp/s:8 mem_gb:31.43
Training:   8%|▊         | 391/5000 [11:08<1:14:08,  1.04step/s]Training:   8%|▊         | 392/5000 [11:09<1:14:00,  1.04step/s]Training:   8%|▊         | 393/5000 [11:10<1:14:14,  1.03step/s]Training:   8%|▊         | 394/5000 [11:11<1:14:24,  1.03step/s]Training:   8%|▊         | 395/5000 [11:12<1:14:14,  1.03step/s]Training:   8%|▊         | 396/5000 [11:13<1:14:09,  1.03step/s]Training:   8%|▊         | 397/5000 [11:14<1:14:11,  1.03step/s]Training:   8%|▊         | 398/5000 [11:14<1:14:04,  1.04step/s]Training:   8%|▊         | 399/5000 [11:15<1:13:50,  1.04step/s]Training:   8%|▊         | 400/5000 [11:16<1:13:56,  1.04step/s]INFO 2026-07-17 08:57:55 ot_train.py:677 step:400 smpl:3K ep:13 epch:0.10 loss:0.059 grdn:2.084 lr:9.9e-06 updt_s:0.961 data_s:0.005 smp/s:8 mem_gb:31.43
Training:   8%|▊         | 401/5000 [11:17<1:14:09,  1.03step/s]Training:   8%|▊         | 402/5000 [11:18<1:14:11,  1.03step/s]Training:   8%|▊         | 403/5000 [11:19<1:14:09,  1.03step/s]Training:   8%|▊         | 404/5000 [11:20<1:14:06,  1.03step/s]Training:   8%|▊         | 405/5000 [11:21<1:14:08,  1.03step/s]Training:   8%|▊         | 406/5000 [11:22<1:14:09,  1.03step/s]Training:   8%|▊         | 407/5000 [11:23<1:14:22,  1.03step/s]Training:   8%|▊         | 408/5000 [11:24<1:14:10,  1.03step/s]Training:   8%|▊         | 409/5000 [11:25<1:14:10,  1.03step/s]Training:   8%|▊         | 410/5000 [11:26<1:14:02,  1.03step/s]INFO 2026-07-17 08:58:04 ot_train.py:677 step:410 smpl:3K ep:13 epch:0.10 loss:0.088 grdn:2.019 lr:1.0e-05 updt_s:0.964 data_s:0.005 smp/s:8 mem_gb:31.43
Training:   8%|▊         | 411/5000 [11:29<1:58:47,  1.55s/step]Training:   8%|▊         | 412/5000 [11:30<1:45:21,  1.38s/step]Training:   8%|▊         | 413/5000 [11:31<1:35:53,  1.25s/step]Training:   8%|▊         | 414/5000 [11:32<1:29:30,  1.17s/step]Training:   8%|▊         | 415/5000 [11:33<1:24:52,  1.11s/step]Training:   8%|▊         | 416/5000 [11:34<1:21:34,  1.07s/step]Training:   8%|▊         | 417/5000 [11:35<1:19:16,  1.04s/step]Training:   8%|▊         | 418/5000 [11:36<1:18:06,  1.02s/step]Training:   8%|▊         | 419/5000 [11:37<1:16:53,  1.01s/step]Training:   8%|▊         | 420/5000 [11:38<1:15:59,  1.00step/s]INFO 2026-07-17 08:58:16 ot_train.py:677 step:420 smpl:3K ep:14 epch:0.11 loss:0.055 grdn:2.189 lr:1.0e-05 updt_s:1.161 data_s:0.005 smp/s:7 mem_gb:31.43
Training:   8%|▊         | 421/5000 [11:39<1:15:35,  1.01step/s]Training:   8%|▊         | 422/5000 [11:40<1:15:20,  1.01step/s]Training:   8%|▊         | 423/5000 [11:41<1:15:01,  1.02step/s]Training:   8%|▊         | 424/5000 [11:42<1:14:30,  1.02step/s]Training:   8%|▊         | 425/5000 [11:43<1:14:14,  1.03step/s]Training:   9%|▊         | 426/5000 [11:44<1:14:06,  1.03step/s]Training:   9%|▊         | 427/5000 [11:45<1:13:45,  1.03step/s]Training:   9%|▊         | 428/5000 [11:46<1:13:42,  1.03step/s]Training:   9%|▊         | 429/5000 [11:46<1:13:46,  1.03step/s]Training:   9%|▊         | 430/5000 [11:47<1:13:51,  1.03step/s]INFO 2026-07-17 08:58:26 ot_train.py:677 step:430 smpl:3K ep:14 epch:0.11 loss:0.063 grdn:2.321 lr:1.1e-05 updt_s:0.964 data_s:0.005 smp/s:8 mem_gb:31.43
Training:   9%|▊         | 431/5000 [11:48<1:13:54,  1.03step/s]Training:   9%|▊         | 432/5000 [11:49<1:13:54,  1.03step/s]Training:   9%|▊         | 433/5000 [11:50<1:13:38,  1.03step/s]Training:   9%|▊         | 434/5000 [11:51<1:13:40,  1.03step/s]Training:   9%|▊         | 435/5000 [11:52<1:13:25,  1.04step/s]Training:   9%|▊         | 436/5000 [11:53<1:13:12,  1.04step/s]Training:   9%|▊         | 437/5000 [11:54<1:13:13,  1.04step/s]Training:   9%|▉         | 438/5000 [11:55<1:13:08,  1.04step/s]Training:   9%|▉         | 439/5000 [11:56<1:12:55,  1.04step/s]Training:   9%|▉         | 440/5000 [11:57<1:12:48,  1.04step/s]INFO 2026-07-17 08:58:35 ot_train.py:677 step:440 smpl:4K ep:14 epch:0.11 loss:0.089 grdn:2.548 lr:1.1e-05 updt_s:0.956 data_s:0.005 smp/s:8 mem_gb:31.43
Training:   9%|▉         | 441/5000 [11:58<1:13:02,  1.04step/s]Training:   9%|▉         | 442/5000 [11:59<1:13:04,  1.04step/s]Training:   9%|▉         | 443/5000 [12:00<1:13:05,  1.04step/s]Training:   9%|▉         | 444/5000 [12:01<1:13:09,  1.04step/s]Training:   9%|▉         | 445/5000 [12:02<1:12:56,  1.04step/s]Training:   9%|▉         | 446/5000 [12:03<1:13:03,  1.04step/s]Training:   9%|▉         | 447/5000 [12:04<1:12:56,  1.04step/s]Training:   9%|▉         | 448/5000 [12:05<1:13:04,  1.04step/s]Training:   9%|▉         | 449/5000 [12:06<1:13:12,  1.04step/s]Training:   9%|▉         | 450/5000 [12:07<1:13:12,  1.04step/s]INFO 2026-07-17 08:58:45 ot_train.py:677 step:450 smpl:4K ep:15 epch:0.11 loss:0.079 grdn:2.112 lr:1.1e-05 updt_s:0.959 data_s:0.005 smp/s:8 mem_gb:31.43
Training:   9%|▉         | 451/5000 [12:08<1:13:07,  1.04step/s]Training:   9%|▉         | 452/5000 [12:09<1:12:56,  1.04step/s]Training:   9%|▉         | 453/5000 [12:10<1:12:52,  1.04step/s]Training:   9%|▉         | 454/5000 [12:11<1:12:50,  1.04step/s]Training:   9%|▉         | 455/5000 [12:12<1:12:56,  1.04step/s]Training:   9%|▉         | 456/5000 [12:12<1:12:50,  1.04step/s]Training:   9%|▉         | 457/5000 [12:13<1:12:46,  1.04step/s]Training:   9%|▉         | 458/5000 [12:14<1:12:57,  1.04step/s]Training:   9%|▉         | 459/5000 [12:15<1:12:45,  1.04step/s]Training:   9%|▉         | 460/5000 [12:16<1:12:34,  1.04step/s]INFO 2026-07-17 08:58:55 ot_train.py:677 step:460 smpl:4K ep:15 epch:0.12 loss:0.079 grdn:2.269 lr:1.1e-05 updt_s:0.955 data_s:0.005 smp/s:8 mem_gb:31.43
Training:   9%|▉         | 461/5000 [12:17<1:12:32,  1.04step/s]Training:   9%|▉         | 462/5000 [12:18<1:12:41,  1.04step/s]Training:   9%|▉         | 463/5000 [12:19<1:12:28,  1.04step/s]Training:   9%|▉         | 464/5000 [12:20<1:12:18,  1.05step/s]Training:   9%|▉         | 465/5000 [12:21<1:12:13,  1.05step/s]Training:   9%|▉         | 466/5000 [12:24<2:03:58,  1.64s/step]Training:   9%|▉         | 467/5000 [12:25<1:48:22,  1.43s/step]Training:   9%|▉         | 468/5000 [12:26<1:37:51,  1.30s/step]Training:   9%|▉         | 469/5000 [12:27<1:30:06,  1.19s/step]Training:   9%|▉         | 470/5000 [12:28<1:24:46,  1.12s/step]INFO 2026-07-17 08:59:06 ot_train.py:677 step:470 smpl:4K ep:15 epch:0.12 loss:0.084 grdn:2.349 lr:1.2e-05 updt_s:1.180 data_s:0.005 smp/s:7 mem_gb:31.43
Training:   9%|▉         | 471/5000 [12:29<1:21:01,  1.07s/step]Training:   9%|▉         | 472/5000 [12:30<1:18:29,  1.04s/step]Training:   9%|▉         | 473/5000 [12:31<1:16:34,  1.01s/step]Training:   9%|▉         | 474/5000 [12:32<1:15:25,  1.00step/s]Training:  10%|▉         | 475/5000 [12:33<1:14:42,  1.01step/s]Training:  10%|▉         | 476/5000 [12:34<1:14:06,  1.02step/s]Training:  10%|▉         | 477/5000 [12:35<1:13:48,  1.02step/s]Training:  10%|▉         | 478/5000 [12:36<1:13:23,  1.03step/s]Training:  10%|▉         | 479/5000 [12:37<1:13:03,  1.03step/s]Training:  10%|▉         | 480/5000 [12:38<1:12:53,  1.03step/s]INFO 2026-07-17 08:59:16 ot_train.py:677 step:480 smpl:4K ep:16 epch:0.12 loss:0.058 grdn:1.661 lr:1.2e-05 updt_s:0.958 data_s:0.005 smp/s:8 mem_gb:31.43
Training:  10%|▉         | 481/5000 [12:39<1:12:47,  1.03step/s]Training:  10%|▉         | 482/5000 [12:40<1:12:58,  1.03step/s]Training:  10%|▉         | 483/5000 [12:41<1:12:45,  1.03step/s]Training:  10%|▉         | 484/5000 [12:42<1:12:43,  1.03step/s]Training:  10%|▉         | 485/5000 [12:43<1:12:44,  1.03step/s]Training:  10%|▉         | 486/5000 [12:44<1:12:44,  1.03step/s]Training:  10%|▉         | 487/5000 [12:45<1:12:49,  1.03step/s]Training:  10%|▉         | 488/5000 [12:46<1:12:41,  1.03step/s]Training:  10%|▉         | 489/5000 [12:47<1:12:52,  1.03step/s]Training:  10%|▉         | 490/5000 [12:47<1:12:43,  1.03step/s]INFO 2026-07-17 08:59:26 ot_train.py:677 step:490 smpl:4K ep:16 epch:0.12 loss:0.046 grdn:1.802 lr:1.2e-05 updt_s:0.962 data_s:0.005 smp/s:8 mem_gb:31.43
Training:  10%|▉         | 491/5000 [12:48<1:12:44,  1.03step/s]Training:  10%|▉         | 492/5000 [12:49<1:12:40,  1.03step/s]Training:  10%|▉         | 493/5000 [12:50<1:12:38,  1.03step/s]Training:  10%|▉         | 494/5000 [12:51<1:12:31,  1.04step/s]Training:  10%|▉         | 495/5000 [12:52<1:12:17,  1.04step/s]Training:  10%|▉         | 496/5000 [12:53<1:12:20,  1.04step/s]Training:  10%|▉         | 497/5000 [12:54<1:12:32,  1.03step/s]Training:  10%|▉         | 498/5000 [12:55<1:12:39,  1.03step/s]Training:  10%|▉         | 499/5000 [12:56<1:12:35,  1.03step/s]Training:  10%|█         | 500/5000 [12:57<1:12:30,  1.03step/s]INFO 2026-07-17 08:59:35 ot_train.py:677 step:500 smpl:4K ep:16 epch:0.13 loss:0.072 grdn:2.348 lr:1.2e-05 updt_s:0.961 data_s:0.005 smp/s:8 mem_gb:31.43
Training:  10%|█         | 501/5000 [12:58<1:12:29,  1.03step/s]Training:  10%|█         | 502/5000 [12:59<1:12:19,  1.04step/s]Training:  10%|█         | 503/5000 [13:00<1:12:27,  1.03step/s]Training:  10%|█         | 504/5000 [13:01<1:12:18,  1.04step/s]Training:  10%|█         | 505/5000 [13:02<1:12:22,  1.04step/s]Training:  10%|█         | 506/5000 [13:03<1:12:18,  1.04step/s]Training:  10%|█         | 507/5000 [13:04<1:12:09,  1.04step/s]Training:  10%|█         | 508/5000 [13:05<1:12:05,  1.04step/s]Training:  10%|█         | 509/5000 [13:06<1:12:06,  1.04step/s]Training:  10%|█         | 510/5000 [13:07<1:11:57,  1.04step/s]INFO 2026-07-17 08:59:45 ot_train.py:677 step:510 smpl:4K ep:17 epch:0.13 loss:0.061 grdn:2.013 lr:1.3e-05 updt_s:0.958 data_s:0.005 smp/s:8 mem_gb:31.43
Training:  10%|█         | 511/5000 [13:08<1:11:53,  1.04step/s]Training:  10%|█         | 512/5000 [13:09<1:11:52,  1.04step/s]Training:  10%|█         | 513/5000 [13:10<1:12:01,  1.04step/s]Training:  10%|█         | 514/5000 [13:11<1:12:14,  1.04step/s]Training:  10%|█         | 515/5000 [13:12<1:12:06,  1.04step/s]Training:  10%|█         | 516/5000 [13:13<1:12:05,  1.04step/s]Training:  10%|█         | 517/5000 [13:14<1:12:09,  1.04step/s]Training:  10%|█         | 518/5000 [13:15<1:12:01,  1.04step/s]Training:  10%|█         | 519/5000 [13:15<1:12:02,  1.04step/s]Training:  10%|█         | 520/5000 [13:16<1:12:17,  1.03step/s]INFO 2026-07-17 08:59:55 ot_train.py:677 step:520 smpl:4K ep:17 epch:0.13 loss:0.053 grdn:1.732 lr:1.3e-05 updt_s:0.960 data_s:0.005 smp/s:8 mem_gb:31.43
Training:  10%|█         | 521/5000 [13:17<1:12:06,  1.04step/s]Training:  10%|█         | 522/5000 [13:18<1:12:13,  1.03step/s]Training:  10%|█         | 523/5000 [13:19<1:11:59,  1.04step/s]Training:  10%|█         | 524/5000 [13:20<1:12:23,  1.03step/s]Training:  10%|█         | 525/5000 [13:21<1:12:04,  1.03step/s]Training:  11%|█         | 526/5000 [13:25<2:07:07,  1.70s/step]Training:  11%|█         | 527/5000 [13:26<1:50:31,  1.48s/step]Training:  11%|█         | 528/5000 [13:27<1:38:58,  1.33s/step]Training:  11%|█         | 529/5000 [13:28<1:30:47,  1.22s/step]Training:  11%|█         | 530/5000 [13:29<1:25:05,  1.14s/step]INFO 2026-07-17 09:00:07 ot_train.py:677 step:530 smpl:4K ep:17 epch:0.14 loss:0.050 grdn:1.964 lr:1.3e-05 updt_s:1.206 data_s:0.005 smp/s:7 mem_gb:31.43
Training:  11%|█         | 531/5000 [13:30<1:21:09,  1.09s/step]Training:  11%|█         | 532/5000 [13:30<1:18:16,  1.05s/step]Training:  11%|█         | 533/5000 [13:31<1:16:35,  1.03s/step]Training:  11%|█         | 534/5000 [13:32<1:15:03,  1.01s/step]Training:  11%|█         | 535/5000 [13:33<1:14:05,  1.00step/s]Training:  11%|█         | 536/5000 [13:34<1:13:26,  1.01step/s]Training:  11%|█         | 537/5000 [13:35<1:12:51,  1.02step/s]Training:  11%|█         | 538/5000 [13:36<1:12:29,  1.03step/s]Training:  11%|█         | 539/5000 [13:37<1:12:08,  1.03step/s]Training:  11%|█         | 540/5000 [13:38<1:12:19,  1.03step/s]INFO 2026-07-17 09:00:16 ot_train.py:677 step:540 smpl:4K ep:18 epch:0.14 loss:0.084 grdn:2.632 lr:1.3e-05 updt_s:0.962 data_s:0.004 smp/s:8 mem_gb:31.43
Training:  11%|█         | 541/5000 [13:39<1:12:15,  1.03step/s]Training:  11%|█         | 542/5000 [13:40<1:12:01,  1.03step/s]Training:  11%|█         | 543/5000 [13:41<1:12:05,  1.03step/s]Training:  11%|█         | 544/5000 [13:42<1:12:06,  1.03step/s]Training:  11%|█         | 545/5000 [13:43<1:12:01,  1.03step/s]Training:  11%|█         | 546/5000 [13:44<1:12:01,  1.03step/s]Training:  11%|█         | 547/5000 [13:45<1:11:49,  1.03step/s]Training:  11%|█         | 548/5000 [13:46<1:12:08,  1.03step/s]Training:  11%|█         | 549/5000 [13:47<1:12:09,  1.03step/s]Training:  11%|█         | 550/5000 [13:48<1:11:59,  1.03step/s]INFO 2026-07-17 09:00:26 ot_train.py:677 step:550 smpl:4K ep:18 epch:0.14 loss:0.055 grdn:1.471 lr:1.4e-05 updt_s:0.965 data_s:0.005 smp/s:8 mem_gb:31.43
Training:  11%|█         | 551/5000 [13:49<1:11:52,  1.03step/s]Training:  11%|█         | 552/5000 [13:50<1:11:53,  1.03step/s]Training:  11%|█         | 553/5000 [13:51<1:11:45,  1.03step/s]Training:  11%|█         | 554/5000 [13:52<1:11:40,  1.03step/s]Training:  11%|█         | 555/5000 [13:53<1:11:48,  1.03step/s]Training:  11%|█         | 556/5000 [13:54<1:11:56,  1.03step/s]Training:  11%|█         | 557/5000 [13:55<1:11:45,  1.03step/s]Training:  11%|█         | 558/5000 [13:56<1:11:38,  1.03step/s]Training:  11%|█         | 559/5000 [13:57<1:11:29,  1.04step/s]Training:  11%|█         | 560/5000 [13:58<1:11:26,  1.04step/s]INFO 2026-07-17 09:00:36 ot_train.py:677 step:560 smpl:4K ep:18 epch:0.14 loss:0.067 grdn:2.011 lr:1.4e-05 updt_s:0.962 data_s:0.005 smp/s:8 mem_gb:31.43
Training:  11%|█         | 561/5000 [13:59<1:11:17,  1.04step/s]Training:  11%|█         | 562/5000 [14:00<1:11:11,  1.04step/s]Training:  11%|█▏        | 563/5000 [14:00<1:11:19,  1.04step/s]Training:  11%|█▏        | 564/5000 [14:01<1:11:14,  1.04step/s]Training:  11%|█▏        | 565/5000 [14:02<1:11:06,  1.04step/s]Training:  11%|█▏        | 566/5000 [14:03<1:11:12,  1.04step/s]Training:  11%|█▏        | 567/5000 [14:04<1:11:07,  1.04step/s]Training:  11%|█▏        | 568/5000 [14:05<1:11:02,  1.04step/s]Training:  11%|█▏        | 569/5000 [14:06<1:10:56,  1.04step/s]Training:  11%|█▏        | 570/5000 [14:07<1:11:00,  1.04step/s]INFO 2026-07-17 09:00:45 ot_train.py:677 step:570 smpl:5K ep:19 epch:0.15 loss:0.041 grdn:1.278 lr:1.4e-05 updt_s:0.956 data_s:0.005 smp/s:8 mem_gb:31.43
Training:  11%|█▏        | 571/5000 [14:08<1:11:06,  1.04step/s]Training:  11%|█▏        | 572/5000 [14:09<1:10:58,  1.04step/s]Training:  11%|█▏        | 573/5000 [14:10<1:10:52,  1.04step/s]Training:  11%|█▏        | 574/5000 [14:11<1:10:49,  1.04step/s]Training:  12%|█▏        | 575/5000 [14:12<1:10:41,  1.04step/s]Training:  12%|█▏        | 576/5000 [14:13<1:10:45,  1.04step/s]Training:  12%|█▏        | 577/5000 [14:14<1:10:55,  1.04step/s]Training:  12%|█▏        | 578/5000 [14:15<1:11:05,  1.04step/s]Training:  12%|█▏        | 579/5000 [14:17<1:29:36,  1.22s/step]Training:  12%|█▏        | 580/5000 [14:18<1:23:46,  1.14s/step]INFO 2026-07-17 09:00:56 ot_train.py:677 step:580 smpl:5K ep:19 epch:0.15 loss:0.056 grdn:1.675 lr:1.4e-05 updt_s:1.040 data_s:0.005 smp/s:8 mem_gb:31.43
Training:  12%|█▏        | 581/5000 [14:19<1:19:48,  1.08s/step]Training:  12%|█▏        | 582/5000 [14:20<1:17:04,  1.05s/step]Training:  12%|█▏        | 583/5000 [14:21<1:15:14,  1.02s/step]Training:  12%|█▏        | 584/5000 [14:22<1:13:49,  1.00s/step]Training:  12%|█▏        | 585/5000 [14:22<1:12:50,  1.01step/s]Training:  12%|█▏        | 586/5000 [14:23<1:12:12,  1.02step/s]Training:  12%|█▏        | 587/5000 [14:24<1:11:42,  1.03step/s]Training:  12%|█▏        | 588/5000 [14:25<1:11:19,  1.03step/s]Training:  12%|█▏        | 589/5000 [14:26<1:11:04,  1.03step/s]Training:  12%|█▏        | 590/5000 [14:27<1:11:03,  1.03step/s]INFO 2026-07-17 09:01:05 ot_train.py:677 step:590 smpl:5K ep:19 epch:0.15 loss:0.038 grdn:1.316 lr:1.5e-05 updt_s:0.955 data_s:0.005 smp/s:8 mem_gb:31.43
Training:  12%|█▏        | 591/5000 [14:28<1:10:47,  1.04step/s]Training:  12%|█▏        | 592/5000 [14:29<1:10:44,  1.04step/s]Training:  12%|█▏        | 593/5000 [14:30<1:10:34,  1.04step/s]Training:  12%|█▏        | 594/5000 [14:31<1:10:39,  1.04step/s]Training:  12%|█▏        | 595/5000 [14:32<1:10:30,  1.04step/s]Training:  12%|█▏        | 596/5000 [14:33<1:10:51,  1.04step/s]Training:  12%|█▏        | 597/5000 [14:34<1:10:41,  1.04step/s]Training:  12%|█▏        | 598/5000 [14:35<1:10:44,  1.04step/s]Training:  12%|█▏        | 599/5000 [14:36<1:11:02,  1.03step/s]Training:  12%|█▏        | 600/5000 [14:37<1:10:58,  1.03step/s]INFO 2026-07-17 09:01:15 ot_train.py:677 step:600 smpl:5K ep:20 epch:0.15 loss:0.064 grdn:1.658 lr:1.5e-05 updt_s:0.958 data_s:0.006 smp/s:8 mem_gb:31.43
Training:  12%|█▏        | 601/5000 [14:38<1:10:44,  1.04step/s]Training:  12%|█▏        | 602/5000 [14:39<1:10:36,  1.04step/s]Training:  12%|█▏        | 603/5000 [14:40<1:10:34,  1.04step/s]Training:  12%|█▏        | 604/5000 [14:41<1:10:30,  1.04step/s]Training:  12%|█▏        | 605/5000 [14:42<1:10:30,  1.04step/s]Training:  12%|█▏        | 606/5000 [14:43<1:10:26,  1.04step/s]Training:  12%|█▏        | 607/5000 [14:44<1:10:07,  1.04step/s]Training:  12%|█▏        | 608/5000 [14:45<1:09:59,  1.05step/s]Training:  12%|█▏        | 609/5000 [14:46<1:09:41,  1.05step/s]Training:  12%|█▏        | 610/5000 [14:46<1:09:49,  1.05step/s]INFO 2026-07-17 09:01:25 ot_train.py:677 step:610 smpl:5K ep:20 epch:0.16 loss:0.037 grdn:1.178 lr:1.5e-05 updt_s:0.951 data_s:0.005 smp/s:8 mem_gb:31.43
Training:  12%|█▏        | 611/5000 [14:47<1:10:18,  1.04step/s]Training:  12%|█▏        | 612/5000 [14:48<1:10:13,  1.04step/s]Training:  12%|█▏        | 613/5000 [14:49<1:10:19,  1.04step/s]Training:  12%|█▏        | 614/5000 [14:50<1:10:17,  1.04step/s]Training:  12%|█▏        | 615/5000 [14:51<1:10:21,  1.04step/s]Training:  12%|█▏        | 616/5000 [14:52<1:10:08,  1.04step/s]Training:  12%|█▏        | 617/5000 [14:53<1:10:13,  1.04step/s]Training:  12%|█▏        | 618/5000 [14:54<1:10:18,  1.04step/s]Training:  12%|█▏        | 619/5000 [14:55<1:10:16,  1.04step/s]Training:  12%|█▏        | 620/5000 [14:56<1:10:05,  1.04step/s]INFO 2026-07-17 09:01:34 ot_train.py:677 step:620 smpl:5K ep:20 epch:0.16 loss:0.055 grdn:1.623 lr:1.5e-05 updt_s:0.957 data_s:0.005 smp/s:8 mem_gb:31.43
Training:  12%|█▏        | 621/5000 [14:57<1:10:07,  1.04step/s]Training:  12%|█▏        | 622/5000 [14:58<1:09:58,  1.04step/s]Training:  12%|█▏        | 623/5000 [14:59<1:09:54,  1.04step/s]Training:  12%|█▏        | 624/5000 [15:00<1:09:47,  1.05step/s]Training:  12%|█▎        | 625/5000 [15:01<1:10:10,  1.04step/s]Training:  13%|█▎        | 626/5000 [15:02<1:09:55,  1.04step/s]Training:  13%|█▎        | 627/5000 [15:04<1:36:02,  1.32s/step]Training:  13%|█▎        | 628/5000 [15:05<1:28:16,  1.21s/step]Training:  13%|█▎        | 629/5000 [15:06<1:22:47,  1.14s/step]Training:  13%|█▎        | 630/5000 [15:07<1:18:53,  1.08s/step]INFO 2026-07-17 09:01:45 ot_train.py:677 step:630 smpl:5K ep:21 epch:0.16 loss:0.044 grdn:1.977 lr:1.6e-05 updt_s:1.074 data_s:0.005 smp/s:7 mem_gb:31.43
Training:  13%|█▎        | 631/5000 [15:08<1:16:13,  1.05s/step]Training:  13%|█▎        | 632/5000 [15:09<1:14:30,  1.02s/step]Training:  13%|█▎        | 633/5000 [15:10<1:13:08,  1.00s/step]Training:  13%|█▎        | 634/5000 [15:11<1:12:03,  1.01step/s]Training:  13%|█▎        | 635/5000 [15:12<1:11:35,  1.02step/s]Training:  13%|█▎        | 636/5000 [15:13<1:10:53,  1.03step/s]Training:  13%|█▎        | 637/5000 [15:14<1:10:36,  1.03step/s]Training:  13%|█▎        | 638/5000 [15:15<1:10:09,  1.04step/s]Training:  13%|█▎        | 639/5000 [15:16<1:10:16,  1.03step/s]Training:  13%|█▎        | 640/5000 [15:17<1:09:57,  1.04step/s]INFO 2026-07-17 09:01:55 ot_train.py:677 step:640 smpl:5K ep:21 epch:0.16 loss:0.043 grdn:1.680 lr:1.6e-05 updt_s:0.956 data_s:0.005 smp/s:8 mem_gb:31.43
Training:  13%|█▎        | 641/5000 [15:17<1:09:58,  1.04step/s]Training:  13%|█▎        | 642/5000 [15:18<1:09:40,  1.04step/s]Training:  13%|█▎        | 643/5000 [15:19<1:09:32,  1.04step/s]Training:  13%|█▎        | 644/5000 [15:20<1:09:23,  1.05step/s]Training:  13%|█▎        | 645/5000 [15:21<1:09:41,  1.04step/s]Training:  13%|█▎        | 646/5000 [15:22<1:09:45,  1.04step/s]Training:  13%|█▎        | 647/5000 [15:23<1:09:41,  1.04step/s]Training:  13%|█▎        | 648/5000 [15:24<1:09:44,  1.04step/s]Training:  13%|█▎        | 649/5000 [15:25<1:09:35,  1.04step/s]Training:  13%|█▎        | 650/5000 [15:26<1:09:33,  1.04step/s]INFO 2026-07-17 09:02:04 ot_train.py:677 step:650 smpl:5K ep:21 epch:0.17 loss:0.046 grdn:1.761 lr:1.6e-05 updt_s:0.954 data_s:0.005 smp/s:8 mem_gb:31.43
Training:  13%|█▎        | 651/5000 [15:27<1:09:38,  1.04step/s]Training:  13%|█▎        | 652/5000 [15:28<1:09:47,  1.04step/s]Training:  13%|█▎        | 653/5000 [15:29<1:09:41,  1.04step/s]Training:  13%|█▎        | 654/5000 [15:30<1:09:44,  1.04step/s]Training:  13%|█▎        | 655/5000 [15:31<1:09:39,  1.04step/s]Training:  13%|█▎        | 656/5000 [15:32<1:09:27,  1.04step/s]Training:  13%|█▎        | 657/5000 [15:33<1:09:31,  1.04step/s]Training:  13%|█▎        | 658/5000 [15:34<1:09:42,  1.04step/s]Training:  13%|█▎        | 659/5000 [15:35<1:09:40,  1.04step/s]Training:  13%|█▎        | 660/5000 [15:36<1:09:38,  1.04step/s]INFO 2026-07-17 09:02:14 ot_train.py:677 step:660 smpl:5K ep:22 epch:0.17 loss:0.048 grdn:1.631 lr:1.6e-05 updt_s:0.957 data_s:0.005 smp/s:8 mem_gb:31.43
Training:  13%|█▎        | 661/5000 [15:37<1:09:31,  1.04step/s]Training:  13%|█▎        | 662/5000 [15:38<1:09:43,  1.04step/s]Training:  13%|█▎        | 663/5000 [15:39<1:09:41,  1.04step/s]Training:  13%|█▎        | 664/5000 [15:40<1:09:45,  1.04step/s]Training:  13%|█▎        | 665/5000 [15:41<1:09:59,  1.03step/s]Training:  13%|█▎        | 666/5000 [15:42<1:09:47,  1.03step/s]Training:  13%|█▎        | 667/5000 [15:42<1:09:36,  1.04step/s]Training:  13%|█▎        | 668/5000 [15:43<1:09:36,  1.04step/s]Training:  13%|█▎        | 669/5000 [15:44<1:09:33,  1.04step/s]Training:  13%|█▎        | 670/5000 [15:45<1:09:35,  1.04step/s]INFO 2026-07-17 09:02:24 ot_train.py:677 step:670 smpl:5K ep:22 epch:0.17 loss:0.052 grdn:1.983 lr:1.7e-05 updt_s:0.960 data_s:0.004 smp/s:8 mem_gb:31.43
Training:  13%|█▎        | 671/5000 [15:46<1:09:35,  1.04step/s]Training:  13%|█▎        | 672/5000 [15:47<1:09:42,  1.03step/s]Training:  13%|█▎        | 673/5000 [15:48<1:10:02,  1.03step/s]Training:  13%|█▎        | 674/5000 [15:49<1:09:51,  1.03step/s]Training:  14%|█▎        | 675/5000 [15:50<1:09:48,  1.03step/s]Training:  14%|█▎        | 676/5000 [15:51<1:09:49,  1.03step/s]Training:  14%|█▎        | 677/5000 [15:52<1:09:49,  1.03step/s]Training:  14%|█▎        | 678/5000 [15:53<1:09:39,  1.03step/s]Training:  14%|█▎        | 679/5000 [15:54<1:09:32,  1.04step/s]Training:  14%|█▎        | 680/5000 [15:55<1:09:33,  1.04step/s]INFO 2026-07-17 09:02:33 ot_train.py:677 step:680 smpl:5K ep:22 epch:0.17 loss:0.048 grdn:1.352 lr:1.7e-05 updt_s:0.963 data_s:0.004 smp/s:8 mem_gb:31.43
Training:  14%|█▎        | 681/5000 [15:56<1:09:40,  1.03step/s]Training:  14%|█▎        | 682/5000 [15:57<1:09:33,  1.03step/s]Training:  14%|█▎        | 683/5000 [15:58<1:09:26,  1.04step/s]Training:  14%|█▎        | 684/5000 [15:59<1:09:51,  1.03step/s]Training:  14%|█▎        | 685/5000 [16:00<1:09:35,  1.03step/s]Training:  14%|█▎        | 686/5000 [16:01<1:09:37,  1.03step/s]Training:  14%|█▎        | 687/5000 [16:02<1:09:28,  1.03step/s]Training:  14%|█▍        | 688/5000 [16:03<1:09:29,  1.03step/s]Training:  14%|█▍        | 689/5000 [16:04<1:09:27,  1.03step/s]Training:  14%|█▍        | 690/5000 [16:05<1:09:43,  1.03step/s]INFO 2026-07-17 09:02:43 ot_train.py:677 step:690 smpl:6K ep:23 epch:0.18 loss:0.060 grdn:1.659 lr:1.7e-05 updt_s:0.964 data_s:0.004 smp/s:8 mem_gb:31.43
Training:  14%|█▍        | 691/5000 [16:06<1:09:43,  1.03step/s]Training:  14%|█▍        | 692/5000 [16:07<1:09:54,  1.03step/s]Training:  14%|█▍        | 693/5000 [16:08<1:09:47,  1.03step/s]Training:  14%|█▍        | 694/5000 [16:11<2:04:59,  1.74s/step]Training:  14%|█▍        | 695/5000 [16:12<1:48:18,  1.51s/step]Training:  14%|█▍        | 696/5000 [16:13<1:36:40,  1.35s/step]Training:  14%|█▍        | 697/5000 [16:14<1:28:30,  1.23s/step]Training:  14%|█▍        | 698/5000 [16:15<1:22:49,  1.16s/step]Training:  14%|█▍        | 699/5000 [16:16<1:18:43,  1.10s/step]Training:  14%|█▍        | 700/5000 [16:17<1:15:48,  1.06s/step]INFO 2026-07-17 09:02:55 ot_train.py:677 step:700 smpl:6K ep:23 epch:0.18 loss:0.041 grdn:1.141 lr:1.7e-05 updt_s:1.221 data_s:0.005 smp/s:7 mem_gb:31.43
Training:  14%|█▍        | 701/5000 [16:18<1:14:05,  1.03s/step]Training:  14%|█▍        | 702/5000 [16:19<1:12:36,  1.01s/step]Training:  14%|█▍        | 703/5000 [16:20<1:11:37,  1.00s/step]Training:  14%|█▍        | 704/5000 [16:21<1:11:06,  1.01step/s]Training:  14%|█▍        | 705/5000 [16:22<1:10:31,  1.01step/s]Training:  14%|█▍        | 706/5000 [16:23<1:10:16,  1.02step/s]Training:  14%|█▍        | 707/5000 [16:24<1:09:57,  1.02step/s]Training:  14%|█▍        | 708/5000 [16:25<1:09:33,  1.03step/s]Training:  14%|█▍        | 709/5000 [16:26<1:09:32,  1.03step/s]Training:  14%|█▍        | 710/5000 [16:27<1:09:39,  1.03step/s]INFO 2026-07-17 09:03:05 ot_train.py:677 step:710 smpl:6K ep:23 epch:0.18 loss:0.066 grdn:2.034 lr:1.8e-05 updt_s:0.966 data_s:0.005 smp/s:8 mem_gb:31.43
Training:  14%|█▍        | 711/5000 [16:28<1:09:39,  1.03step/s]Training:  14%|█▍        | 712/5000 [16:29<1:09:20,  1.03step/s]Training:  14%|█▍        | 713/5000 [16:30<1:09:32,  1.03step/s]Training:  14%|█▍        | 714/5000 [16:31<1:09:22,  1.03step/s]Training:  14%|█▍        | 715/5000 [16:32<1:09:26,  1.03step/s]Training:  14%|█▍        | 716/5000 [16:33<1:09:34,  1.03step/s]Training:  14%|█▍        | 717/5000 [16:34<1:09:31,  1.03step/s]Training:  14%|█▍        | 718/5000 [16:35<1:09:13,  1.03step/s]Training:  14%|█▍        | 719/5000 [16:35<1:09:15,  1.03step/s]Training:  14%|█▍        | 720/5000 [16:36<1:09:03,  1.03step/s]INFO 2026-07-17 09:03:15 ot_train.py:677 step:720 smpl:6K ep:24 epch:0.18 loss:0.045 grdn:1.529 lr:1.8e-05 updt_s:0.965 data_s:0.005 smp/s:8 mem_gb:31.43
Training:  14%|█▍        | 721/5000 [16:37<1:09:11,  1.03step/s]Training:  14%|█▍        | 722/5000 [16:38<1:09:03,  1.03step/s]Training:  14%|█▍        | 723/5000 [16:39<1:09:18,  1.03step/s]Training:  14%|█▍        | 724/5000 [16:40<1:09:02,  1.03step/s]Training:  14%|█▍        | 725/5000 [16:41<1:09:04,  1.03step/s]Training:  15%|█▍        | 726/5000 [16:42<1:09:04,  1.03step/s]Training:  15%|█▍        | 727/5000 [16:43<1:09:11,  1.03step/s]Training:  15%|█▍        | 728/5000 [16:44<1:09:07,  1.03step/s]Training:  15%|█▍        | 729/5000 [16:45<1:08:59,  1.03step/s]Training:  15%|█▍        | 730/5000 [16:46<1:09:11,  1.03step/s]INFO 2026-07-17 09:03:24 ot_train.py:677 step:730 smpl:6K ep:24 epch:0.19 loss:0.045 grdn:1.110 lr:1.8e-05 updt_s:0.966 data_s:0.005 smp/s:8 mem_gb:31.43
Training:  15%|█▍        | 731/5000 [16:47<1:09:08,  1.03step/s]Training:  15%|█▍        | 732/5000 [16:48<1:08:36,  1.04step/s]Training:  15%|█▍        | 733/5000 [16:49<1:08:16,  1.04step/s]Training:  15%|█▍        | 734/5000 [16:50<1:08:14,  1.04step/s]Training:  15%|█▍        | 735/5000 [16:51<1:07:57,  1.05step/s]Training:  15%|█▍        | 736/5000 [16:52<1:07:44,  1.05step/s]Training:  15%|█▍        | 737/5000 [16:53<1:07:35,  1.05step/s]Training:  15%|█▍        | 738/5000 [16:54<1:07:43,  1.05step/s]Training:  15%|█▍        | 739/5000 [16:55<1:07:34,  1.05step/s]Training:  15%|█▍        | 740/5000 [16:56<1:07:36,  1.05step/s]INFO 2026-07-17 09:03:34 ot_train.py:677 step:740 smpl:6K ep:24 epch:0.19 loss:0.054 grdn:1.372 lr:1.8e-05 updt_s:0.948 data_s:0.005 smp/s:8 mem_gb:31.43
Training:  15%|█▍        | 741/5000 [16:57<1:07:25,  1.05step/s]Training:  15%|█▍        | 742/5000 [16:58<1:07:19,  1.05step/s]Training:  15%|█▍        | 743/5000 [16:59<1:07:15,  1.05step/s]Training:  15%|█▍        | 744/5000 [16:59<1:07:15,  1.05step/s]Training:  15%|█▍        | 745/5000 [17:00<1:07:29,  1.05step/s]Training:  15%|█▍        | 746/5000 [17:01<1:07:22,  1.05step/s]Training:  15%|█▍        | 747/5000 [17:02<1:07:17,  1.05step/s]Training:  15%|█▍        | 748/5000 [17:03<1:07:16,  1.05step/s]Training:  15%|█▍        | 749/5000 [17:04<1:07:10,  1.05step/s]Training:  15%|█▌        | 750/5000 [17:05<1:07:05,  1.06step/s]INFO 2026-07-17 09:03:43 ot_train.py:677 step:750 smpl:6K ep:25 epch:0.19 loss:0.036 grdn:1.372 lr:1.9e-05 updt_s:0.943 data_s:0.004 smp/s:8 mem_gb:31.43
Training:  15%|█▌        | 751/5000 [17:06<1:07:04,  1.06step/s]Training:  15%|█▌        | 752/5000 [17:07<1:07:19,  1.05step/s]Training:  15%|█▌        | 753/5000 [17:09<1:31:08,  1.29s/step]Training:  15%|█▌        | 754/5000 [17:10<1:23:51,  1.19s/step]Training:  15%|█▌        | 755/5000 [17:11<1:18:39,  1.11s/step]Training:  15%|█▌        | 756/5000 [17:12<1:15:08,  1.06s/step]Training:  15%|█▌        | 757/5000 [17:13<1:12:48,  1.03s/step]Training:  15%|█▌        | 758/5000 [17:14<1:10:55,  1.00s/step]Training:  15%|█▌        | 759/5000 [17:15<1:09:38,  1.02step/s]Training:  15%|█▌        | 760/5000 [17:16<1:08:50,  1.03step/s]INFO 2026-07-17 09:03:54 ot_train.py:677 step:760 smpl:6K ep:25 epch:0.19 loss:0.034 grdn:1.090 lr:1.9e-05 updt_s:1.055 data_s:0.004 smp/s:8 mem_gb:31.43
Training:  15%|█▌        | 761/5000 [17:17<1:08:12,  1.04step/s]Training:  15%|█▌        | 762/5000 [17:18<1:07:47,  1.04step/s]Training:  15%|█▌        | 763/5000 [17:19<1:07:42,  1.04step/s]Training:  15%|█▌        | 764/5000 [17:20<1:07:20,  1.05step/s]Training:  15%|█▌        | 765/5000 [17:20<1:07:08,  1.05step/s]Training:  15%|█▌        | 766/5000 [17:21<1:06:59,  1.05step/s]Training:  15%|█▌        | 767/5000 [17:22<1:06:51,  1.06step/s]Training:  15%|█▌        | 768/5000 [17:23<1:06:44,  1.06step/s]Training:  15%|█▌        | 769/5000 [17:24<1:06:59,  1.05step/s]Training:  15%|█▌        | 770/5000 [17:25<1:06:49,  1.05step/s]INFO 2026-07-17 09:04:03 ot_train.py:677 step:770 smpl:6K ep:25 epch:0.20 loss:0.041 grdn:1.209 lr:1.9e-05 updt_s:0.942 data_s:0.004 smp/s:8 mem_gb:31.43
Training:  15%|█▌        | 771/5000 [17:26<1:06:43,  1.06step/s]Training:  15%|█▌        | 772/5000 [17:27<1:06:39,  1.06step/s]Training:  15%|█▌        | 773/5000 [17:28<1:06:30,  1.06step/s]Training:  15%|█▌        | 774/5000 [17:29<1:07:12,  1.05step/s]Training:  16%|█▌        | 775/5000 [17:30<1:07:40,  1.04step/s]Training:  16%|█▌        | 776/5000 [17:31<1:07:39,  1.04step/s]Training:  16%|█▌        | 777/5000 [17:32<1:07:44,  1.04step/s]Training:  16%|█▌        | 778/5000 [17:33<1:07:43,  1.04step/s]Training:  16%|█▌        | 779/5000 [17:34<1:07:48,  1.04step/s]Training:  16%|█▌        | 780/5000 [17:35<1:07:43,  1.04step/s]INFO 2026-07-17 09:04:13 ot_train.py:677 step:780 smpl:6K ep:26 epch:0.20 loss:0.046 grdn:1.211 lr:1.9e-05 updt_s:0.955 data_s:0.004 smp/s:8 mem_gb:31.43
Training:  16%|█▌        | 781/5000 [17:36<1:07:40,  1.04step/s]Training:  16%|█▌        | 782/5000 [17:37<1:07:51,  1.04step/s]Training:  16%|█▌        | 783/5000 [17:38<1:08:09,  1.03step/s]Training:  16%|█▌        | 784/5000 [17:39<1:08:00,  1.03step/s]Training:  16%|█▌        | 785/5000 [17:40<1:08:14,  1.03step/s]Training:  16%|█▌        | 786/5000 [17:41<1:08:17,  1.03step/s]Training:  16%|█▌        | 787/5000 [17:42<1:08:12,  1.03step/s]Training:  16%|█▌        | 788/5000 [17:43<1:08:24,  1.03step/s]Training:  16%|█▌        | 789/5000 [17:44<1:08:38,  1.02step/s]Training:  16%|█▌        | 790/5000 [17:45<1:08:36,  1.02step/s]INFO 2026-07-17 09:04:23 ot_train.py:677 step:790 smpl:6K ep:26 epch:0.20 loss:0.036 grdn:1.071 lr:2.0e-05 updt_s:0.969 data_s:0.005 smp/s:8 mem_gb:31.43
Training:  16%|█▌        | 791/5000 [17:46<1:09:12,  1.01step/s]Training:  16%|█▌        | 792/5000 [17:47<1:09:15,  1.01step/s]Training:  16%|█▌        | 793/5000 [17:48<1:09:19,  1.01step/s]Training:  16%|█▌        | 794/5000 [17:49<1:08:59,  1.02step/s]Training:  16%|█▌        | 795/5000 [17:50<1:08:58,  1.02step/s]Training:  16%|█▌        | 796/5000 [17:50<1:08:50,  1.02step/s]Training:  16%|█▌        | 797/5000 [17:51<1:08:27,  1.02step/s]Training:  16%|█▌        | 798/5000 [17:52<1:08:03,  1.03step/s]Training:  16%|█▌        | 799/5000 [17:53<1:08:13,  1.03step/s]Training:  16%|█▌        | 800/5000 [17:54<1:08:22,  1.02step/s]INFO 2026-07-17 09:04:33 ot_train.py:677 step:800 smpl:6K ep:26 epch:0.20 loss:0.042 grdn:1.358 lr:2.0e-05 updt_s:0.975 data_s:0.006 smp/s:8 mem_gb:31.43
Training:  16%|█▌        | 801/5000 [17:55<1:08:17,  1.02step/s]Training:  16%|█▌        | 802/5000 [17:56<1:08:19,  1.02step/s]Training:  16%|█▌        | 803/5000 [17:57<1:08:02,  1.03step/s]Training:  16%|█▌        | 804/5000 [17:58<1:08:05,  1.03step/s]Training:  16%|█▌        | 805/5000 [17:59<1:07:52,  1.03step/s]Training:  16%|█▌        | 806/5000 [18:00<1:07:37,  1.03step/s]Training:  16%|█▌        | 807/5000 [18:01<1:07:13,  1.04step/s]Training:  16%|█▌        | 808/5000 [18:03<1:33:07,  1.33s/step]Training:  16%|█▌        | 809/5000 [18:04<1:25:28,  1.22s/step]Training:  16%|█▌        | 810/5000 [18:05<1:20:21,  1.15s/step]INFO 2026-07-17 09:04:43 ot_train.py:677 step:810 smpl:6K ep:27 epch:0.21 loss:0.051 grdn:1.636 lr:2.0e-05 updt_s:1.086 data_s:0.005 smp/s:7 mem_gb:31.43
Training:  16%|█▌        | 811/5000 [18:06<1:16:13,  1.09s/step]Training:  16%|█▌        | 812/5000 [18:07<1:13:28,  1.05s/step]Training:  16%|█▋        | 813/5000 [18:08<1:11:32,  1.03s/step]Training:  16%|█▋        | 814/5000 [18:09<1:10:08,  1.01s/step]Training:  16%|█▋        | 815/5000 [18:10<1:09:03,  1.01step/s]Training:  16%|█▋        | 816/5000 [18:11<1:08:46,  1.01step/s]Training:  16%|█▋        | 817/5000 [18:12<1:08:23,  1.02step/s]Training:  16%|█▋        | 818/5000 [18:13<1:07:52,  1.03step/s]Training:  16%|█▋        | 819/5000 [18:14<1:07:34,  1.03step/s]Training:  16%|█▋        | 820/5000 [18:15<1:07:17,  1.04step/s]INFO 2026-07-17 09:04:53 ot_train.py:677 step:820 smpl:7K ep:27 epch:0.21 loss:0.035 grdn:1.036 lr:2.0e-05 updt_s:0.955 data_s:0.005 smp/s:8 mem_gb:31.43
Training:  16%|█▋        | 821/5000 [18:16<1:07:08,  1.04step/s]Training:  16%|█▋        | 822/5000 [18:17<1:06:59,  1.04step/s]Training:  16%|█▋        | 823/5000 [18:18<1:07:04,  1.04step/s]Training:  16%|█▋        | 824/5000 [18:19<1:07:03,  1.04step/s]Training:  16%|█▋        | 825/5000 [18:20<1:06:58,  1.04step/s]Training:  17%|█▋        | 826/5000 [18:21<1:07:28,  1.03step/s]Training:  17%|█▋        | 827/5000 [18:22<1:07:11,  1.04step/s]Training:  17%|█▋        | 828/5000 [18:23<1:07:35,  1.03step/s]Training:  17%|█▋        | 829/5000 [18:24<1:07:31,  1.03step/s]Training:  17%|█▋        | 830/5000 [18:25<1:07:36,  1.03step/s]INFO 2026-07-17 09:05:03 ot_train.py:677 step:830 smpl:7K ep:27 epch:0.21 loss:0.044 grdn:1.282 lr:2.1e-05 updt_s:0.963 data_s:0.005 smp/s:8 mem_gb:31.43
Training:  17%|█▋        | 831/5000 [18:26<1:07:18,  1.03step/s]Training:  17%|█▋        | 832/5000 [18:27<1:07:11,  1.03step/s]Training:  17%|█▋        | 833/5000 [18:27<1:06:56,  1.04step/s]Training:  17%|█▋        | 834/5000 [18:28<1:06:55,  1.04step/s]Training:  17%|█▋        | 835/5000 [18:29<1:06:42,  1.04step/s]Training:  17%|█▋        | 836/5000 [18:30<1:06:53,  1.04step/s]Training:  17%|█▋        | 837/5000 [18:31<1:06:26,  1.04step/s]Training:  17%|█▋        | 838/5000 [18:32<1:06:34,  1.04step/s]Training:  17%|█▋        | 839/5000 [18:33<1:06:20,  1.05step/s]Training:  17%|█▋        | 840/5000 [18:34<1:06:07,  1.05step/s]INFO 2026-07-17 09:05:12 ot_train.py:677 step:840 smpl:7K ep:28 epch:0.21 loss:0.051 grdn:1.259 lr:2.1e-05 updt_s:0.952 data_s:0.005 smp/s:8 mem_gb:31.43
Training:  17%|█▋        | 841/5000 [18:35<1:06:12,  1.05step/s]Training:  17%|█▋        | 842/5000 [18:36<1:06:04,  1.05step/s]Training:  17%|█▋        | 843/5000 [18:37<1:05:50,  1.05step/s]Training:  17%|█▋        | 844/5000 [18:38<1:05:54,  1.05step/s]Training:  17%|█▋        | 845/5000 [18:39<1:05:37,  1.06step/s]Training:  17%|█▋        | 846/5000 [18:40<1:05:34,  1.06step/s]Training:  17%|█▋        | 847/5000 [18:41<1:05:59,  1.05step/s]Training:  17%|█▋        | 848/5000 [18:42<1:05:49,  1.05step/s]Training:  17%|█▋        | 849/5000 [18:43<1:05:37,  1.05step/s]Training:  17%|█▋        | 850/5000 [18:44<1:05:53,  1.05step/s]INFO 2026-07-17 09:05:22 ot_train.py:677 step:850 smpl:7K ep:28 epch:0.22 loss:0.033 grdn:1.092 lr:2.1e-05 updt_s:0.946 data_s:0.005 smp/s:8 mem_gb:31.43
Training:  17%|█▋        | 851/5000 [18:45<1:06:02,  1.05step/s]Training:  17%|█▋        | 852/5000 [18:46<1:06:08,  1.05step/s]Training:  17%|█▋        | 853/5000 [18:47<1:06:12,  1.04step/s]Training:  17%|█▋        | 854/5000 [18:48<1:06:32,  1.04step/s]Training:  17%|█▋        | 855/5000 [18:48<1:06:39,  1.04step/s]Training:  17%|█▋        | 856/5000 [18:49<1:06:32,  1.04step/s]Training:  17%|█▋        | 857/5000 [18:50<1:06:36,  1.04step/s]Training:  17%|█▋        | 858/5000 [18:51<1:06:33,  1.04step/s]Training:  17%|█▋        | 859/5000 [18:52<1:06:25,  1.04step/s]Training:  17%|█▋        | 860/5000 [18:53<1:06:40,  1.03step/s]INFO 2026-07-17 09:05:32 ot_train.py:677 step:860 smpl:7K ep:28 epch:0.22 loss:0.037 grdn:0.982 lr:2.1e-05 updt_s:0.959 data_s:0.005 smp/s:8 mem_gb:31.43
Training:  17%|█▋        | 861/5000 [18:54<1:06:38,  1.04step/s]Training:  17%|█▋        | 862/5000 [18:55<1:06:50,  1.03step/s]Training:  17%|█▋        | 863/5000 [18:56<1:06:35,  1.04step/s]Training:  17%|█▋        | 864/5000 [18:57<1:06:42,  1.03step/s]Training:  17%|█▋        | 865/5000 [18:58<1:06:26,  1.04step/s]Training:  17%|█▋        | 866/5000 [18:59<1:06:25,  1.04step/s]Training:  17%|█▋        | 867/5000 [19:01<1:30:53,  1.32s/step]Training:  17%|█▋        | 868/5000 [19:02<1:23:24,  1.21s/step]Training:  17%|█▋        | 869/5000 [19:03<1:18:15,  1.14s/step]Training:  17%|█▋        | 870/5000 [19:04<1:14:57,  1.09s/step]INFO 2026-07-17 09:05:42 ot_train.py:677 step:870 smpl:7K ep:29 epch:0.22 loss:0.047 grdn:1.315 lr:2.2e-05 updt_s:1.078 data_s:0.005 smp/s:7 mem_gb:31.43
Training:  17%|█▋        | 871/5000 [19:05<1:12:14,  1.05s/step]Training:  17%|█▋        | 872/5000 [19:06<1:10:35,  1.03s/step]Training:  17%|█▋        | 873/5000 [19:07<1:09:17,  1.01s/step]Training:  17%|█▋        | 874/5000 [19:08<1:08:29,  1.00step/s]Training:  18%|█▊        | 875/5000 [19:09<1:07:38,  1.02step/s]Training:  18%|█▊        | 876/5000 [19:10<1:07:23,  1.02step/s]Training:  18%|█▊        | 877/5000 [19:11<1:07:09,  1.02step/s]Training:  18%|█▊        | 878/5000 [19:12<1:06:47,  1.03step/s]Training:  18%|█▊        | 879/5000 [19:13<1:06:35,  1.03step/s]Training:  18%|█▊        | 880/5000 [19:14<1:06:42,  1.03step/s]INFO 2026-07-17 09:05:52 ot_train.py:677 step:880 smpl:7K ep:29 epch:0.22 loss:0.025 grdn:0.839 lr:2.2e-05 updt_s:0.960 data_s:0.005 smp/s:8 mem_gb:31.43
Training:  18%|█▊        | 881/5000 [19:15<1:06:23,  1.03step/s]Training:  18%|█▊        | 882/5000 [19:16<1:06:13,  1.04step/s]Training:  18%|█▊        | 883/5000 [19:17<1:05:54,  1.04step/s]Training:  18%|█▊        | 884/5000 [19:18<1:05:52,  1.04step/s]Training:  18%|█▊        | 885/5000 [19:19<1:05:35,  1.05step/s]Training:  18%|█▊        | 886/5000 [19:20<1:05:23,  1.05step/s]Training:  18%|█▊        | 887/5000 [19:20<1:05:21,  1.05step/s]Training:  18%|█▊        | 888/5000 [19:21<1:05:15,  1.05step/s]Training:  18%|█▊        | 889/5000 [19:22<1:05:04,  1.05step/s]Training:  18%|█▊        | 890/5000 [19:23<1:05:28,  1.05step/s]INFO 2026-07-17 09:06:02 ot_train.py:677 step:890 smpl:7K ep:29 epch:0.23 loss:0.041 grdn:1.121 lr:2.2e-05 updt_s:0.948 data_s:0.005 smp/s:8 mem_gb:31.43
Training:  18%|█▊        | 891/5000 [19:24<1:05:11,  1.05step/s]Training:  18%|█▊        | 892/5000 [19:25<1:05:01,  1.05step/s]Training:  18%|█▊        | 893/5000 [19:26<1:05:09,  1.05step/s]Training:  18%|█▊        | 894/5000 [19:27<1:05:00,  1.05step/s]Training:  18%|█▊        | 895/5000 [19:28<1:04:53,  1.05step/s]Training:  18%|█▊        | 896/5000 [19:29<1:04:58,  1.05step/s]Training:  18%|█▊        | 897/5000 [19:30<1:04:51,  1.05step/s]Training:  18%|█▊        | 898/5000 [19:31<1:04:44,  1.06step/s]Training:  18%|█▊        | 899/5000 [19:32<1:04:44,  1.06step/s]Training:  18%|█▊        | 900/5000 [19:33<1:04:38,  1.06step/s]INFO 2026-07-17 09:06:11 ot_train.py:677 step:900 smpl:7K ep:30 epch:0.23 loss:0.049 grdn:1.349 lr:2.2e-05 updt_s:0.942 data_s:0.004 smp/s:8 mem_gb:31.43
Training:  18%|█▊        | 901/5000 [19:34<1:04:51,  1.05step/s]Training:  18%|█▊        | 902/5000 [19:35<1:04:50,  1.05step/s]Training:  18%|█▊        | 903/5000 [19:36<1:05:03,  1.05step/s]Training:  18%|█▊        | 904/5000 [19:37<1:04:51,  1.05step/s]Training:  18%|█▊        | 905/5000 [19:38<1:04:57,  1.05step/s]Training:  18%|█▊        | 906/5000 [19:39<1:04:51,  1.05step/s]Training:  18%|█▊        | 907/5000 [19:39<1:04:42,  1.05step/s]Training:  18%|█▊        | 908/5000 [19:40<1:04:33,  1.06step/s]Training:  18%|█▊        | 909/5000 [19:41<1:04:42,  1.05step/s]Training:  18%|█▊        | 910/5000 [19:42<1:04:25,  1.06step/s]INFO 2026-07-17 09:06:21 ot_train.py:677 step:910 smpl:7K ep:30 epch:0.23 loss:0.027 grdn:0.704 lr:2.3e-05 updt_s:0.944 data_s:0.004 smp/s:8 mem_gb:31.43
Training:  18%|█▊        | 911/5000 [19:43<1:04:36,  1.05step/s]Training:  18%|█▊        | 912/5000 [19:44<1:04:22,  1.06step/s]Training:  18%|█▊        | 913/5000 [19:45<1:04:20,  1.06step/s]Training:  18%|█▊        | 914/5000 [19:46<1:04:20,  1.06step/s]Training:  18%|█▊        | 915/5000 [19:47<1:04:29,  1.06step/s]Training:  18%|█▊        | 916/5000 [19:48<1:04:25,  1.06step/s]Training:  18%|█▊        | 917/5000 [19:49<1:04:23,  1.06step/s]Training:  18%|█▊        | 918/5000 [19:50<1:04:28,  1.06step/s]Training:  18%|█▊        | 919/5000 [19:51<1:04:27,  1.06step/s]Training:  18%|█▊        | 920/5000 [19:53<1:20:38,  1.19s/step]INFO 2026-07-17 09:06:31 ot_train.py:677 step:920 smpl:7K ep:30 epch:0.23 loss:0.034 grdn:0.829 lr:2.3e-05 updt_s:1.022 data_s:0.004 smp/s:8 mem_gb:31.43
Training:  18%|█▊        | 921/5000 [19:54<1:15:37,  1.11s/step]Training:  18%|█▊        | 922/5000 [19:54<1:12:36,  1.07s/step]Training:  18%|█▊        | 923/5000 [19:55<1:10:29,  1.04s/step]Training:  18%|█▊        | 924/5000 [19:56<1:08:54,  1.01s/step]Training:  18%|█▊        | 925/5000 [19:57<1:07:50,  1.00step/s]Training:  19%|█▊        | 926/5000 [19:58<1:06:57,  1.01step/s]Training:  19%|█▊        | 927/5000 [19:59<1:06:45,  1.02step/s]Training:  19%|█▊        | 928/5000 [20:00<1:06:09,  1.03step/s]Training:  19%|█▊        | 929/5000 [20:01<1:05:56,  1.03step/s]Training:  19%|█▊        | 930/5000 [20:02<1:05:48,  1.03step/s]INFO 2026-07-17 09:06:40 ot_train.py:677 step:930 smpl:7K ep:31 epch:0.24 loss:0.048 grdn:1.752 lr:2.3e-05 updt_s:0.956 data_s:0.005 smp/s:8 mem_gb:31.43
Training:  19%|█▊        | 931/5000 [20:03<1:05:26,  1.04step/s]Training:  19%|█▊        | 932/5000 [20:04<1:05:03,  1.04step/s]Training:  19%|█▊        | 933/5000 [20:05<1:04:51,  1.05step/s]Training:  19%|█▊        | 934/5000 [20:06<1:04:51,  1.04step/s]Training:  19%|█▊        | 935/5000 [20:07<1:04:35,  1.05step/s]Training:  19%|█▊        | 936/5000 [20:08<1:04:23,  1.05step/s]Training:  19%|█▊        | 937/5000 [20:09<1:04:26,  1.05step/s]Training:  19%|█▉        | 938/5000 [20:10<1:04:11,  1.05step/s]Training:  19%|█▉        | 939/5000 [20:11<1:04:05,  1.06step/s]Training:  19%|█▉        | 940/5000 [20:12<1:04:13,  1.05step/s]INFO 2026-07-17 09:06:50 ot_train.py:677 step:940 smpl:8K ep:31 epch:0.24 loss:0.034 grdn:0.913 lr:2.3e-05 updt_s:0.944 data_s:0.005 smp/s:8 mem_gb:31.43
Training:  19%|█▉        | 941/5000 [20:13<1:04:07,  1.05step/s]Training:  19%|█▉        | 942/5000 [20:14<1:04:04,  1.06step/s]Training:  19%|█▉        | 943/5000 [20:15<1:04:17,  1.05step/s]Training:  19%|█▉        | 944/5000 [20:15<1:04:00,  1.06step/s]Training:  19%|█▉        | 945/5000 [20:16<1:03:56,  1.06step/s]Training:  19%|█▉        | 946/5000 [20:17<1:03:52,  1.06step/s]Training:  19%|█▉        | 947/5000 [20:18<1:04:07,  1.05step/s]Training:  19%|█▉        | 948/5000 [20:19<1:04:01,  1.05step/s]Training:  19%|█▉        | 949/5000 [20:20<1:03:58,  1.06step/s]Training:  19%|█▉        | 950/5000 [20:21<1:03:46,  1.06step/s]INFO 2026-07-17 09:06:59 ot_train.py:677 step:950 smpl:8K ep:31 epch:0.24 loss:0.045 grdn:0.935 lr:2.4e-05 updt_s:0.942 data_s:0.004 smp/s:8 mem_gb:31.43
Training:  19%|█▉        | 951/5000 [20:22<1:03:49,  1.06step/s]Training:  19%|█▉        | 952/5000 [20:23<1:04:04,  1.05step/s]Training:  19%|█▉        | 953/5000 [20:24<1:04:39,  1.04step/s]Training:  19%|█▉        | 954/5000 [20:25<1:04:54,  1.04step/s]Training:  19%|█▉        | 955/5000 [20:26<1:05:02,  1.04step/s]Training:  19%|█▉        | 956/5000 [20:27<1:05:05,  1.04step/s]Training:  19%|█▉        | 957/5000 [20:28<1:05:10,  1.03step/s]Training:  19%|█▉        | 958/5000 [20:29<1:04:58,  1.04step/s]Training:  19%|█▉        | 959/5000 [20:30<1:05:00,  1.04step/s]Training:  19%|█▉        | 960/5000 [20:31<1:04:54,  1.04step/s]INFO 2026-07-17 09:07:09 ot_train.py:677 step:960 smpl:8K ep:32 epch:0.24 loss:0.030 grdn:0.714 lr:2.4e-05 updt_s:0.960 data_s:0.005 smp/s:8 mem_gb:31.43
Training:  19%|█▉        | 961/5000 [20:32<1:05:13,  1.03step/s]Training:  19%|█▉        | 962/5000 [20:33<1:04:54,  1.04step/s]Training:  19%|█▉        | 963/5000 [20:34<1:05:04,  1.03step/s]Training:  19%|█▉        | 964/5000 [20:35<1:04:49,  1.04step/s]Training:  19%|█▉        | 965/5000 [20:36<1:04:55,  1.04step/s]Training:  19%|█▉        | 966/5000 [20:37<1:04:44,  1.04step/s]Training:  19%|█▉        | 967/5000 [20:38<1:05:03,  1.03step/s]Training:  19%|█▉        | 968/5000 [20:39<1:04:56,  1.03step/s]Training:  19%|█▉        | 969/5000 [20:41<1:28:33,  1.32s/step]Training:  19%|█▉        | 970/5000 [20:42<1:21:22,  1.21s/step]INFO 2026-07-17 09:07:20 ot_train.py:677 step:970 smpl:8K ep:32 epch:0.25 loss:0.031 grdn:0.812 lr:2.4e-05 updt_s:1.078 data_s:0.005 smp/s:7 mem_gb:31.43
Training:  19%|█▉        | 971/5000 [20:43<1:16:23,  1.14s/step]Training:  19%|█▉        | 972/5000 [20:44<1:12:41,  1.08s/step]Training:  19%|█▉        | 973/5000 [20:45<1:10:20,  1.05s/step]Training:  19%|█▉        | 974/5000 [20:45<1:08:31,  1.02s/step]Training:  20%|█▉        | 975/5000 [20:46<1:07:38,  1.01s/step]Training:  20%|█▉        | 976/5000 [20:47<1:06:39,  1.01step/s]Training:  20%|█▉        | 977/5000 [20:48<1:06:09,  1.01step/s]Training:  20%|█▉        | 978/5000 [20:49<1:05:45,  1.02step/s]Training:  20%|█▉        | 979/5000 [20:50<1:05:26,  1.02step/s]Training:  20%|█▉        | 980/5000 [20:51<1:05:00,  1.03step/s]INFO 2026-07-17 09:07:29 ot_train.py:677 step:980 smpl:8K ep:32 epch:0.25 loss:0.045 grdn:1.015 lr:2.4e-05 updt_s:0.959 data_s:0.004 smp/s:8 mem_gb:31.43
Training:  20%|█▉        | 981/5000 [20:52<1:04:54,  1.03step/s]Training:  20%|█▉        | 982/5000 [20:53<1:04:38,  1.04step/s]Training:  20%|█▉        | 983/5000 [20:54<1:04:52,  1.03step/s]Training:  20%|█▉        | 984/5000 [20:55<1:04:38,  1.04step/s]Training:  20%|█▉        | 985/5000 [20:56<1:04:42,  1.03step/s]Training:  20%|█▉        | 986/5000 [20:57<1:04:47,  1.03step/s]Training:  20%|█▉        | 987/5000 [20:58<1:04:47,  1.03step/s]Training:  20%|█▉        | 988/5000 [20:59<1:04:33,  1.04step/s]Training:  20%|█▉        | 989/5000 [21:00<1:04:36,  1.03step/s]Training:  20%|█▉        | 990/5000 [21:01<1:04:34,  1.03step/s]INFO 2026-07-17 09:07:39 ot_train.py:677 step:990 smpl:8K ep:33 epch:0.25 loss:0.055 grdn:1.421 lr:2.5e-05 updt_s:0.961 data_s:0.004 smp/s:8 mem_gb:31.43
Training:  20%|█▉        | 991/5000 [21:02<1:04:50,  1.03step/s]Training:  20%|█▉        | 992/5000 [21:03<1:04:38,  1.03step/s]Training:  20%|█▉        | 993/5000 [21:04<1:04:29,  1.04step/s]Training:  20%|█▉        | 994/5000 [21:05<1:04:41,  1.03step/s]Training:  20%|█▉        | 995/5000 [21:06<1:04:42,  1.03step/s]Training:  20%|█▉        | 996/5000 [21:07<1:04:31,  1.03step/s]Training:  20%|█▉        | 997/5000 [21:08<1:04:30,  1.03step/s]Training:  20%|█▉        | 998/5000 [21:09<1:04:31,  1.03step/s]Training:  20%|█▉        | 999/5000 [21:10<1:04:44,  1.03step/s]Training:  20%|██        | 1000/5000 [21:11<1:04:33,  1.03step/s]INFO 2026-07-17 09:07:49 ot_train.py:677 step:1K smpl:8K ep:33 epch:0.26 loss:0.057 grdn:1.276 lr:2.5e-05 updt_s:0.964 data_s:0.004 smp/s:8 mem_gb:31.43
INFO 2026-07-17 09:07:49 ot_train.py:722 Checkpoint policy after step 1000
Training:  20%|██        | 1001/5000 [21:39<10:05:15,  9.08s/step]Training:  20%|██        | 1002/5000 [21:40<7:23:05,  6.65s/step] Training:  20%|██        | 1003/5000 [21:41<5:29:28,  4.95s/step]Training:  20%|██        | 1004/5000 [21:42<4:10:00,  3.75s/step]Training:  20%|██        | 1005/5000 [21:43<3:14:13,  2.92s/step]Training:  20%|██        | 1006/5000 [21:43<2:35:19,  2.33s/step]Training:  20%|██        | 1007/5000 [21:44<2:07:59,  1.92s/step]Training:  20%|██        | 1008/5000 [21:45<1:49:27,  1.65s/step]Training:  20%|██        | 1009/5000 [21:46<1:36:07,  1.45s/step]Training:  20%|██        | 1010/5000 [21:47<1:26:28,  1.30s/step]INFO 2026-07-17 09:08:26 ot_train.py:677 step:1K smpl:8K ep:33 epch:0.26 loss:0.034 grdn:0.793 lr:2.3e-05 updt_s:0.971 data_s:0.006 smp/s:8 mem_gb:31.43
Training:  20%|██        | 1011/5000 [21:48<1:20:02,  1.20s/step]Training:  20%|██        | 1012/5000 [21:49<1:15:33,  1.14s/step]Training:  20%|██        | 1013/5000 [21:50<1:12:10,  1.09s/step]Training:  20%|██        | 1014/5000 [21:51<1:09:57,  1.05s/step]Training:  20%|██        | 1015/5000 [21:52<1:08:11,  1.03s/step]Training:  20%|██        | 1016/5000 [21:53<1:06:55,  1.01s/step]Training:  20%|██        | 1017/5000 [21:54<1:06:14,  1.00step/s]Training:  20%|██        | 1018/5000 [21:55<1:05:42,  1.01step/s]Training:  20%|██        | 1019/5000 [21:56<1:05:14,  1.02step/s]Training:  20%|██        | 1020/5000 [21:57<1:05:08,  1.02step/s]INFO 2026-07-17 09:08:35 ot_train.py:677 step:1K smpl:8K ep:34 epch:0.26 loss:0.054 grdn:1.301 lr:2.3e-05 updt_s:0.967 data_s:0.005 smp/s:8 mem_gb:31.43
Training:  20%|██        | 1021/5000 [21:58<1:04:45,  1.02step/s]Training:  20%|██        | 1022/5000 [21:59<1:04:36,  1.03step/s]Training:  20%|██        | 1023/5000 [22:00<1:04:38,  1.03step/s]Training:  20%|██        | 1024/5000 [22:01<1:04:33,  1.03step/s]Training:  20%|██        | 1025/5000 [22:02<1:04:42,  1.02step/s]Training:  21%|██        | 1026/5000 [22:03<1:04:33,  1.03step/s]Training:  21%|██        | 1027/5000 [22:04<1:04:28,  1.03step/s]Training:  21%|██        | 1028/5000 [22:05<1:04:38,  1.02step/s]Training:  21%|██        | 1029/5000 [22:06<1:04:29,  1.03step/s]Training:  21%|██        | 1030/5000 [22:07<1:04:30,  1.03step/s]INFO 2026-07-17 09:08:45 ot_train.py:677 step:1K smpl:8K ep:34 epch:0.26 loss:0.032 grdn:0.798 lr:2.3e-05 updt_s:0.968 data_s:0.005 smp/s:8 mem_gb:31.43
Training:  21%|██        | 1031/5000 [22:08<1:04:21,  1.03step/s]Training:  21%|██        | 1032/5000 [22:09<1:04:29,  1.03step/s]Training:  21%|██        | 1033/5000 [22:12<1:50:09,  1.67s/step]Training:  21%|██        | 1034/5000 [22:13<1:36:13,  1.46s/step]Training:  21%|██        | 1035/5000 [22:14<1:26:37,  1.31s/step]Training:  21%|██        | 1036/5000 [22:15<1:19:48,  1.21s/step]Training:  21%|██        | 1037/5000 [22:16<1:15:05,  1.14s/step]Training:  21%|██        | 1038/5000 [22:17<1:11:43,  1.09s/step]Training:  21%|██        | 1039/5000 [22:18<1:09:34,  1.05s/step]Training:  21%|██        | 1040/5000 [22:19<1:08:01,  1.03s/step]INFO 2026-07-17 09:08:57 ot_train.py:677 step:1K smpl:8K ep:34 epch:0.27 loss:0.025 grdn:0.627 lr:2.3e-05 updt_s:1.197 data_s:0.005 smp/s:7 mem_gb:31.43
Training:  21%|██        | 1041/5000 [22:20<1:06:49,  1.01s/step]Training:  21%|██        | 1042/5000 [22:21<1:06:09,  1.00s/step]Training:  21%|██        | 1043/5000 [22:22<1:05:29,  1.01step/s]Training:  21%|██        | 1044/5000 [22:23<1:05:10,  1.01step/s]Training:  21%|██        | 1045/5000 [22:24<1:04:41,  1.02step/s]Training:  21%|██        | 1046/5000 [22:25<1:04:49,  1.02step/s]Training:  21%|██        | 1047/5000 [22:26<1:04:37,  1.02step/s]Training:  21%|██        | 1048/5000 [22:27<1:04:29,  1.02step/s]Training:  21%|██        | 1049/5000 [22:28<1:04:21,  1.02step/s]Training:  21%|██        | 1050/5000 [22:29<1:04:16,  1.02step/s]INFO 2026-07-17 09:09:07 ot_train.py:677 step:1K smpl:8K ep:35 epch:0.27 loss:0.030 grdn:0.735 lr:2.3e-05 updt_s:0.969 data_s:0.005 smp/s:8 mem_gb:31.43
Training:  21%|██        | 1051/5000 [22:30<1:04:02,  1.03step/s]Training:  21%|██        | 1052/5000 [22:31<1:04:06,  1.03step/s]Training:  21%|██        | 1053/5000 [22:32<1:04:07,  1.03step/s]Training:  21%|██        | 1054/5000 [22:33<1:04:19,  1.02step/s]Training:  21%|██        | 1055/5000 [22:34<1:04:01,  1.03step/s]Training:  21%|██        | 1056/5000 [22:34<1:04:13,  1.02step/s]Training:  21%|██        | 1057/5000 [22:35<1:03:54,  1.03step/s]Training:  21%|██        | 1058/5000 [22:36<1:04:00,  1.03step/s]Training:  21%|██        | 1059/5000 [22:37<1:03:54,  1.03step/s]Training:  21%|██        | 1060/5000 [22:38<1:03:59,  1.03step/s]INFO 2026-07-17 09:09:17 ot_train.py:677 step:1K smpl:8K ep:35 epch:0.27 loss:0.029 grdn:0.789 lr:2.3e-05 updt_s:0.969 data_s:0.005 smp/s:8 mem_gb:31.43
Training:  21%|██        | 1061/5000 [22:39<1:04:03,  1.02step/s]Training:  21%|██        | 1062/5000 [22:40<1:04:00,  1.03step/s]Training:  21%|██▏       | 1063/5000 [22:41<1:03:44,  1.03step/s]Training:  21%|██▏       | 1064/5000 [22:42<1:04:01,  1.02step/s]Training:  21%|██▏       | 1065/5000 [22:43<1:03:42,  1.03step/s]Training:  21%|██▏       | 1066/5000 [22:44<1:03:12,  1.04step/s]Training:  21%|██▏       | 1067/5000 [22:45<1:02:49,  1.04step/s]Training:  21%|██▏       | 1068/5000 [22:46<1:02:36,  1.05step/s]Training:  21%|██▏       | 1069/5000 [22:47<1:02:47,  1.04step/s]Training:  21%|██▏       | 1070/5000 [22:48<1:02:41,  1.04step/s]INFO 2026-07-17 09:09:26 ot_train.py:677 step:1K smpl:9K ep:35 epch:0.27 loss:0.037 grdn:0.879 lr:2.3e-05 updt_s:0.957 data_s:0.005 smp/s:8 mem_gb:31.43
Training:  21%|██▏       | 1071/5000 [22:49<1:02:39,  1.05step/s]Training:  21%|██▏       | 1072/5000 [22:50<1:02:46,  1.04step/s]Training:  21%|██▏       | 1073/5000 [22:51<1:02:44,  1.04step/s]Training:  21%|██▏       | 1074/5000 [22:52<1:02:51,  1.04step/s]Training:  22%|██▏       | 1075/5000 [22:53<1:02:47,  1.04step/s]Training:  22%|██▏       | 1076/5000 [22:54<1:02:59,  1.04step/s]Training:  22%|██▏       | 1077/5000 [22:55<1:02:51,  1.04step/s]Training:  22%|██▏       | 1078/5000 [22:56<1:02:54,  1.04step/s]Training:  22%|██▏       | 1079/5000 [22:57<1:03:02,  1.04step/s]Training:  22%|██▏       | 1080/5000 [22:58<1:02:53,  1.04step/s]INFO 2026-07-17 09:09:36 ot_train.py:677 step:1K smpl:9K ep:36 epch:0.28 loss:0.025 grdn:0.678 lr:2.3e-05 updt_s:0.956 data_s:0.005 smp/s:8 mem_gb:31.43
Training:  22%|██▏       | 1081/5000 [22:59<1:02:48,  1.04step/s]Training:  22%|██▏       | 1082/5000 [23:00<1:02:44,  1.04step/s]Training:  22%|██▏       | 1083/5000 [23:00<1:02:43,  1.04step/s]Training:  22%|██▏       | 1084/5000 [23:01<1:02:54,  1.04step/s]Training:  22%|██▏       | 1085/5000 [23:02<1:02:46,  1.04step/s]Training:  22%|██▏       | 1086/5000 [23:03<1:02:43,  1.04step/s]Training:  22%|██▏       | 1087/5000 [23:04<1:02:45,  1.04step/s]Training:  22%|██▏       | 1088/5000 [23:05<1:02:43,  1.04step/s]Training:  22%|██▏       | 1089/5000 [23:06<1:02:45,  1.04step/s]Training:  22%|██▏       | 1090/5000 [23:07<1:02:35,  1.04step/s]INFO 2026-07-17 09:09:45 ot_train.py:677 step:1K smpl:9K ep:36 epch:0.28 loss:0.028 grdn:0.671 lr:2.2e-05 updt_s:0.956 data_s:0.005 smp/s:8 mem_gb:31.43
Training:  22%|██▏       | 1091/5000 [23:08<1:02:50,  1.04step/s]Training:  22%|██▏       | 1092/5000 [23:11<1:44:38,  1.61s/step]Training:  22%|██▏       | 1093/5000 [23:12<1:32:00,  1.41s/step]Training:  22%|██▏       | 1094/5000 [23:13<1:23:01,  1.28s/step]Training:  22%|██▏       | 1095/5000 [23:14<1:16:51,  1.18s/step]Training:  22%|██▏       | 1096/5000 [23:15<1:12:27,  1.11s/step]Training:  22%|██▏       | 1097/5000 [23:16<1:09:34,  1.07s/step]Training:  22%|██▏       | 1098/5000 [23:17<1:08:00,  1.05s/step]Training:  22%|██▏       | 1099/5000 [23:18<1:06:32,  1.02s/step]Training:  22%|██▏       | 1100/5000 [23:19<1:05:31,  1.01s/step]INFO 2026-07-17 09:09:57 ot_train.py:677 step:1K smpl:9K ep:36 epch:0.28 loss:0.027 grdn:0.756 lr:2.2e-05 updt_s:1.176 data_s:0.005 smp/s:7 mem_gb:31.43
Training:  22%|██▏       | 1101/5000 [23:20<1:04:54,  1.00step/s]Training:  22%|██▏       | 1102/5000 [23:21<1:04:18,  1.01step/s]Training:  22%|██▏       | 1103/5000 [23:22<1:03:57,  1.02step/s]Training:  22%|██▏       | 1104/5000 [23:23<1:03:46,  1.02step/s]Training:  22%|██▏       | 1105/5000 [23:24<1:03:43,  1.02step/s]Training:  22%|██▏       | 1106/5000 [23:25<1:03:31,  1.02step/s]Training:  22%|██▏       | 1107/5000 [23:26<1:03:30,  1.02step/s]Training:  22%|██▏       | 1108/5000 [23:27<1:03:21,  1.02step/s]Training:  22%|██▏       | 1109/5000 [23:28<1:03:12,  1.03step/s]Training:  22%|██▏       | 1110/5000 [23:29<1:03:07,  1.03step/s]INFO 2026-07-17 09:10:07 ot_train.py:677 step:1K smpl:9K ep:37 epch:0.28 loss:0.032 grdn:0.724 lr:2.2e-05 updt_s:0.968 data_s:0.005 smp/s:8 mem_gb:31.43
Training:  22%|██▏       | 1111/5000 [23:30<1:03:19,  1.02step/s]Training:  22%|██▏       | 1112/5000 [23:31<1:03:13,  1.03step/s]Training:  22%|██▏       | 1113/5000 [23:32<1:03:09,  1.03step/s]Training:  22%|██▏       | 1114/5000 [23:33<1:03:01,  1.03step/s]Training:  22%|██▏       | 1115/5000 [23:34<1:02:54,  1.03step/s]Training:  22%|██▏       | 1116/5000 [23:35<1:02:53,  1.03step/s]Training:  22%|██▏       | 1117/5000 [23:36<1:03:03,  1.03step/s]Training:  22%|██▏       | 1118/5000 [23:37<1:02:55,  1.03step/s]Training:  22%|██▏       | 1119/5000 [23:38<1:02:54,  1.03step/s]Training:  22%|██▏       | 1120/5000 [23:39<1:02:54,  1.03step/s]INFO 2026-07-17 09:10:17 ot_train.py:677 step:1K smpl:9K ep:37 epch:0.29 loss:0.026 grdn:0.680 lr:2.2e-05 updt_s:0.968 data_s:0.005 smp/s:8 mem_gb:31.43
Training:  22%|██▏       | 1121/5000 [23:39<1:03:03,  1.03step/s]Training:  22%|██▏       | 1122/5000 [23:40<1:02:52,  1.03step/s]Training:  22%|██▏       | 1123/5000 [23:41<1:02:49,  1.03step/s]Training:  22%|██▏       | 1124/5000 [23:42<1:02:52,  1.03step/s]Training:  22%|██▎       | 1125/5000 [23:43<1:02:56,  1.03step/s]Training:  23%|██▎       | 1126/5000 [23:44<1:02:39,  1.03step/s]Training:  23%|██▎       | 1127/5000 [23:45<1:02:39,  1.03step/s]Training:  23%|██▎       | 1128/5000 [23:46<1:02:21,  1.03step/s]Training:  23%|██▎       | 1129/5000 [23:47<1:02:31,  1.03step/s]Training:  23%|██▎       | 1130/5000 [23:48<1:02:25,  1.03step/s]INFO 2026-07-17 09:10:26 ot_train.py:677 step:1K smpl:9K ep:37 epch:0.29 loss:0.029 grdn:0.764 lr:2.2e-05 updt_s:0.964 data_s:0.005 smp/s:8 mem_gb:31.43
Training:  23%|██▎       | 1131/5000 [23:49<1:02:31,  1.03step/s]Training:  23%|██▎       | 1132/5000 [23:50<1:02:39,  1.03step/s]Training:  23%|██▎       | 1133/5000 [23:51<1:02:49,  1.03step/s]Training:  23%|██▎       | 1134/5000 [23:52<1:02:30,  1.03step/s]Training:  23%|██▎       | 1135/5000 [23:53<1:02:43,  1.03step/s]Training:  23%|██▎       | 1136/5000 [23:54<1:02:31,  1.03step/s]Training:  23%|██▎       | 1137/5000 [23:55<1:02:30,  1.03step/s]Training:  23%|██▎       | 1138/5000 [23:56<1:02:17,  1.03step/s]Training:  23%|██▎       | 1139/5000 [23:57<1:02:22,  1.03step/s]Training:  23%|██▎       | 1140/5000 [23:58<1:02:27,  1.03step/s]INFO 2026-07-17 09:10:36 ot_train.py:677 step:1K smpl:9K ep:38 epch:0.29 loss:0.021 grdn:0.621 lr:2.2e-05 updt_s:0.967 data_s:0.005 smp/s:8 mem_gb:31.43
Training:  23%|██▎       | 1141/5000 [23:59<1:02:38,  1.03step/s]Training:  23%|██▎       | 1142/5000 [24:00<1:02:28,  1.03step/s]Training:  23%|██▎       | 1143/5000 [24:01<1:02:35,  1.03step/s]Training:  23%|██▎       | 1144/5000 [24:02<1:02:20,  1.03step/s]Training:  23%|██▎       | 1145/5000 [24:03<1:02:26,  1.03step/s]Training:  23%|██▎       | 1146/5000 [24:06<1:41:16,  1.58s/step]Training:  23%|██▎       | 1147/5000 [24:07<1:29:42,  1.40s/step]Training:  23%|██▎       | 1148/5000 [24:08<1:21:22,  1.27s/step]Training:  23%|██▎       | 1149/5000 [24:09<1:15:36,  1.18s/step]Training:  23%|██▎       | 1150/5000 [24:10<1:11:34,  1.12s/step]INFO 2026-07-17 09:10:48 ot_train.py:677 step:1K smpl:9K ep:38 epch:0.29 loss:0.028 grdn:0.673 lr:2.2e-05 updt_s:1.168 data_s:0.005 smp/s:7 mem_gb:31.43
Training:  23%|██▎       | 1151/5000 [24:11<1:08:42,  1.07s/step]Training:  23%|██▎       | 1152/5000 [24:12<1:06:31,  1.04s/step]Training:  23%|██▎       | 1153/5000 [24:13<1:05:15,  1.02s/step]Training:  23%|██▎       | 1154/5000 [24:14<1:04:19,  1.00s/step]Training:  23%|██▎       | 1155/5000 [24:15<1:03:56,  1.00step/s]Training:  23%|██▎       | 1156/5000 [24:15<1:03:13,  1.01step/s]Training:  23%|██▎       | 1157/5000 [24:16<1:02:55,  1.02step/s]Training:  23%|██▎       | 1158/5000 [24:17<1:02:44,  1.02step/s]Training:  23%|██▎       | 1159/5000 [24:18<1:02:38,  1.02step/s]Training:  23%|██▎       | 1160/5000 [24:19<1:02:20,  1.03step/s]INFO 2026-07-17 09:10:58 ot_train.py:677 step:1K smpl:9K ep:38 epch:0.30 loss:0.039 grdn:0.835 lr:2.2e-05 updt_s:0.965 data_s:0.005 smp/s:8 mem_gb:31.43
Training:  23%|██▎       | 1161/5000 [24:20<1:02:17,  1.03step/s]Training:  23%|██▎       | 1162/5000 [24:21<1:02:20,  1.03step/s]Training:  23%|██▎       | 1163/5000 [24:22<1:02:17,  1.03step/s]Training:  23%|██▎       | 1164/5000 [24:23<1:02:04,  1.03step/s]Training:  23%|██▎       | 1165/5000 [24:24<1:02:03,  1.03step/s]Training:  23%|██▎       | 1166/5000 [24:25<1:01:47,  1.03step/s]Training:  23%|██▎       | 1167/5000 [24:26<1:01:54,  1.03step/s]Training:  23%|██▎       | 1168/5000 [24:27<1:01:45,  1.03step/s]Training:  23%|██▎       | 1169/5000 [24:28<1:02:11,  1.03step/s]Training:  23%|██▎       | 1170/5000 [24:29<1:02:05,  1.03step/s]INFO 2026-07-17 09:11:07 ot_train.py:677 step:1K smpl:9K ep:38 epch:0.30 loss:0.034 grdn:0.662 lr:2.2e-05 updt_s:0.966 data_s:0.005 smp/s:8 mem_gb:31.43
Training:  23%|██▎       | 1171/5000 [24:30<1:02:14,  1.03step/s]Training:  23%|██▎       | 1172/5000 [24:31<1:02:03,  1.03step/s]Training:  23%|██▎       | 1173/5000 [24:32<1:02:02,  1.03step/s]Training:  23%|██▎       | 1174/5000 [24:33<1:01:45,  1.03step/s]Training:  24%|██▎       | 1175/5000 [24:34<1:01:55,  1.03step/s]Training:  24%|██▎       | 1176/5000 [24:35<1:01:59,  1.03step/s]Training:  24%|██▎       | 1177/5000 [24:36<1:02:11,  1.02step/s]Training:  24%|██▎       | 1178/5000 [24:37<1:01:58,  1.03step/s]Training:  24%|██▎       | 1179/5000 [24:38<1:01:56,  1.03step/s]Training:  24%|██▎       | 1180/5000 [24:39<1:01:45,  1.03step/s]INFO 2026-07-17 09:11:17 ot_train.py:677 step:1K smpl:9K ep:39 epch:0.30 loss:0.023 grdn:0.614 lr:2.2e-05 updt_s:0.967 data_s:0.005 smp/s:8 mem_gb:31.43
Training:  24%|██▎       | 1181/5000 [24:40<1:02:00,  1.03step/s]Training:  24%|██▎       | 1182/5000 [24:41<1:01:45,  1.03step/s]Training:  24%|██▎       | 1183/5000 [24:42<1:02:04,  1.02step/s]Training:  24%|██▎       | 1184/5000 [24:43<1:02:02,  1.03step/s]Training:  24%|██▎       | 1185/5000 [24:44<1:01:55,  1.03step/s]Training:  24%|██▎       | 1186/5000 [24:45<1:01:49,  1.03step/s]Training:  24%|██▎       | 1187/5000 [24:46<1:01:45,  1.03step/s]Training:  24%|██▍       | 1188/5000 [24:47<1:01:42,  1.03step/s]Training:  24%|██▍       | 1189/5000 [24:48<1:01:37,  1.03step/s]Training:  24%|██▍       | 1190/5000 [24:49<1:01:34,  1.03step/s]INFO 2026-07-17 09:11:27 ot_train.py:677 step:1K smpl:10K ep:39 epch:0.30 loss:0.025 grdn:0.624 lr:2.2e-05 updt_s:0.967 data_s:0.005 smp/s:8 mem_gb:31.43
Training:  24%|██▍       | 1191/5000 [24:50<1:01:50,  1.03step/s]Training:  24%|██▍       | 1192/5000 [24:50<1:01:54,  1.03step/s]Training:  24%|██▍       | 1193/5000 [24:51<1:01:49,  1.03step/s]Training:  24%|██▍       | 1194/5000 [24:52<1:01:52,  1.03step/s]Training:  24%|██▍       | 1195/5000 [24:53<1:01:47,  1.03step/s]Training:  24%|██▍       | 1196/5000 [24:54<1:01:45,  1.03step/s]Training:  24%|██▍       | 1197/5000 [24:55<1:01:40,  1.03step/s]Training:  24%|██▍       | 1198/5000 [24:56<1:01:42,  1.03step/s]Training:  24%|██▍       | 1199/5000 [24:57<1:01:50,  1.02step/s]Training:  24%|██▍       | 1200/5000 [24:58<1:01:38,  1.03step/s]INFO 2026-07-17 09:11:36 ot_train.py:677 step:1K smpl:10K ep:39 epch:0.31 loss:0.043 grdn:0.999 lr:2.2e-05 updt_s:0.969 data_s:0.005 smp/s:8 mem_gb:31.43
Training:  24%|██▍       | 1201/5000 [24:59<1:01:53,  1.02step/s]Training:  24%|██▍       | 1202/5000 [25:00<1:01:51,  1.02step/s]Training:  24%|██▍       | 1203/5000 [25:01<1:01:43,  1.03step/s]Training:  24%|██▍       | 1204/5000 [25:02<1:01:36,  1.03step/s]Training:  24%|██▍       | 1205/5000 [25:03<1:01:30,  1.03step/s]Training:  24%|██▍       | 1206/5000 [25:04<1:01:38,  1.03step/s]Training:  24%|██▍       | 1207/5000 [25:08<1:48:28,  1.72s/step]Training:  24%|██▍       | 1208/5000 [25:09<1:34:23,  1.49s/step]Training:  24%|██▍       | 1209/5000 [25:10<1:24:23,  1.34s/step]Training:  24%|██▍       | 1210/5000 [25:10<1:17:29,  1.23s/step]INFO 2026-07-17 09:11:49 ot_train.py:677 step:1K smpl:10K ep:40 epch:0.31 loss:0.025 grdn:0.693 lr:2.2e-05 updt_s:1.216 data_s:0.005 smp/s:7 mem_gb:31.43
Training:  24%|██▍       | 1211/5000 [25:11<1:12:39,  1.15s/step]Training:  24%|██▍       | 1212/5000 [25:12<1:09:08,  1.10s/step]Training:  24%|██▍       | 1213/5000 [25:13<1:06:45,  1.06s/step]Training:  24%|██▍       | 1214/5000 [25:14<1:05:17,  1.03s/step]Training:  24%|██▍       | 1215/5000 [25:15<1:04:01,  1.02s/step]Training:  24%|██▍       | 1216/5000 [25:16<1:03:13,  1.00s/step]Training:  24%|██▍       | 1217/5000 [25:17<1:02:48,  1.00step/s]Training:  24%|██▍       | 1218/5000 [25:18<1:02:18,  1.01step/s]Training:  24%|██▍       | 1219/5000 [25:19<1:01:58,  1.02step/s]Training:  24%|██▍       | 1220/5000 [25:20<1:01:50,  1.02step/s]INFO 2026-07-17 09:11:58 ot_train.py:677 step:1K smpl:10K ep:40 epch:0.31 loss:0.031 grdn:0.695 lr:2.2e-05 updt_s:0.968 data_s:0.005 smp/s:8 mem_gb:31.43
Training:  24%|██▍       | 1221/5000 [25:21<1:01:44,  1.02step/s]Training:  24%|██▍       | 1222/5000 [25:22<1:01:32,  1.02step/s]Training:  24%|██▍       | 1223/5000 [25:23<1:01:33,  1.02step/s]Training:  24%|██▍       | 1224/5000 [25:24<1:01:26,  1.02step/s]Training:  24%|██▍       | 1225/5000 [25:25<1:01:20,  1.03step/s]Training:  25%|██▍       | 1226/5000 [25:26<1:01:14,  1.03step/s]Training:  25%|██▍       | 1227/5000 [25:27<1:01:20,  1.03step/s]Training:  25%|██▍       | 1228/5000 [25:28<1:01:06,  1.03step/s]Training:  25%|██▍       | 1229/5000 [25:29<1:01:06,  1.03step/s]Training:  25%|██▍       | 1230/5000 [25:30<1:00:58,  1.03step/s]INFO 2026-07-17 09:12:08 ot_train.py:677 step:1K smpl:10K ep:40 epch:0.31 loss:0.021 grdn:0.588 lr:2.2e-05 updt_s:0.967 data_s:0.005 smp/s:8 mem_gb:31.43
Training:  25%|██▍       | 1231/5000 [25:31<1:01:01,  1.03step/s]Training:  25%|██▍       | 1232/5000 [25:32<1:00:52,  1.03step/s]Training:  25%|██▍       | 1233/5000 [25:33<1:01:05,  1.03step/s]Training:  25%|██▍       | 1234/5000 [25:34<1:01:06,  1.03step/s]Training:  25%|██▍       | 1235/5000 [25:35<1:01:01,  1.03step/s]Training:  25%|██▍       | 1236/5000 [25:36<1:01:00,  1.03step/s]Training:  25%|██▍       | 1237/5000 [25:37<1:00:54,  1.03step/s]Training:  25%|██▍       | 1238/5000 [25:38<1:00:40,  1.03step/s]Training:  25%|██▍       | 1239/5000 [25:39<1:00:40,  1.03step/s]Training:  25%|██▍       | 1240/5000 [25:40<1:00:36,  1.03step/s]INFO 2026-07-17 09:12:18 ot_train.py:677 step:1K smpl:10K ep:41 epch:0.32 loss:0.029 grdn:0.774 lr:2.2e-05 updt_s:0.965 data_s:0.005 smp/s:8 mem_gb:31.43
Training:  25%|██▍       | 1241/5000 [25:41<1:00:42,  1.03step/s]Training:  25%|██▍       | 1242/5000 [25:42<1:00:27,  1.04step/s]Training:  25%|██▍       | 1243/5000 [25:43<1:00:41,  1.03step/s]Training:  25%|██▍       | 1244/5000 [25:44<1:00:26,  1.04step/s]Training:  25%|██▍       | 1245/5000 [25:44<1:00:21,  1.04step/s]Training:  25%|██▍       | 1246/5000 [25:45<1:00:08,  1.04step/s]Training:  25%|██▍       | 1247/5000 [25:46<1:00:22,  1.04step/s]Training:  25%|██▍       | 1248/5000 [25:47<1:00:21,  1.04step/s]Training:  25%|██▍       | 1249/5000 [25:48<1:00:24,  1.03step/s]Training:  25%|██▌       | 1250/5000 [25:49<1:00:16,  1.04step/s]INFO 2026-07-17 09:12:27 ot_train.py:677 step:1K smpl:10K ep:41 epch:0.32 loss:0.039 grdn:0.865 lr:2.2e-05 updt_s:0.960 data_s:0.004 smp/s:8 mem_gb:31.43
Training:  25%|██▌       | 1251/5000 [25:50<1:00:19,  1.04step/s]Training:  25%|██▌       | 1252/5000 [25:51<1:00:06,  1.04step/s]Training:  25%|██▌       | 1253/5000 [25:52<1:00:13,  1.04step/s]Training:  25%|██▌       | 1254/5000 [25:53<1:00:10,  1.04step/s]Training:  25%|██▌       | 1255/5000 [25:54<1:00:31,  1.03step/s]Training:  25%|██▌       | 1256/5000 [25:55<1:00:22,  1.03step/s]Training:  25%|██▌       | 1257/5000 [25:56<1:00:29,  1.03step/s]Training:  25%|██▌       | 1258/5000 [25:57<1:00:16,  1.03step/s]Training:  25%|██▌       | 1259/5000 [25:58<1:00:18,  1.03step/s]Training:  25%|██▌       | 1260/5000 [25:59<1:00:10,  1.04step/s]INFO 2026-07-17 09:12:37 ot_train.py:677 step:1K smpl:10K ep:41 epch:0.32 loss:0.025 grdn:0.695 lr:2.2e-05 updt_s:0.962 data_s:0.004 smp/s:8 mem_gb:31.43
Training:  25%|██▌       | 1261/5000 [26:01<1:22:05,  1.32s/step]Training:  25%|██▌       | 1262/5000 [26:02<1:15:33,  1.21s/step]Training:  25%|██▌       | 1263/5000 [26:03<1:11:01,  1.14s/step]Training:  25%|██▌       | 1264/5000 [26:04<1:07:35,  1.09s/step]Training:  25%|██▌       | 1265/5000 [26:05<1:05:28,  1.05s/step]Training:  25%|██▌       | 1266/5000 [26:06<1:03:43,  1.02s/step]Training:  25%|██▌       | 1267/5000 [26:07<1:02:31,  1.01s/step]Training:  25%|██▌       | 1268/5000 [26:08<1:01:40,  1.01step/s]Training:  25%|██▌       | 1269/5000 [26:09<1:01:12,  1.02step/s]Training:  25%|██▌       | 1270/5000 [26:10<1:01:01,  1.02step/s]INFO 2026-07-17 09:12:48 ot_train.py:677 step:1K smpl:10K ep:42 epch:0.32 loss:0.018 grdn:0.533 lr:2.2e-05 updt_s:1.078 data_s:0.005 smp/s:7 mem_gb:31.43
Training:  25%|██▌       | 1271/5000 [26:11<1:00:36,  1.03step/s]Training:  25%|██▌       | 1272/5000 [26:12<1:00:23,  1.03step/s]Training:  25%|██▌       | 1273/5000 [26:13<1:00:12,  1.03step/s]Training:  25%|██▌       | 1274/5000 [26:14<59:59,  1.04step/s]  Training:  26%|██▌       | 1275/5000 [26:15<59:51,  1.04step/s]Training:  26%|██▌       | 1276/5000 [26:16<59:50,  1.04step/s]Training:  26%|██▌       | 1277/5000 [26:17<59:59,  1.03step/s]Training:  26%|██▌       | 1278/5000 [26:17<59:53,  1.04step/s]Training:  26%|██▌       | 1279/5000 [26:18<59:52,  1.04step/s]Training:  26%|██▌       | 1280/5000 [26:19<59:45,  1.04step/s]INFO 2026-07-17 09:12:58 ot_train.py:677 step:1K smpl:10K ep:42 epch:0.33 loss:0.025 grdn:0.696 lr:2.2e-05 updt_s:0.958 data_s:0.005 smp/s:8 mem_gb:31.43
Training:  26%|██▌       | 1281/5000 [26:20<59:45,  1.04step/s]Training:  26%|██▌       | 1282/5000 [26:21<59:40,  1.04step/s]Training:  26%|██▌       | 1283/5000 [26:22<59:52,  1.03step/s]Training:  26%|██▌       | 1284/5000 [26:23<59:51,  1.03step/s]Training:  26%|██▌       | 1285/5000 [26:24<59:45,  1.04step/s]Training:  26%|██▌       | 1286/5000 [26:25<59:51,  1.03step/s]Training:  26%|██▌       | 1287/5000 [26:26<59:46,  1.04step/s]Training:  26%|██▌       | 1288/5000 [26:27<59:42,  1.04step/s]Training:  26%|██▌       | 1289/5000 [26:28<59:38,  1.04step/s]Training:  26%|██▌       | 1290/5000 [26:29<59:47,  1.03step/s]INFO 2026-07-17 09:13:07 ot_train.py:677 step:1K smpl:10K ep:42 epch:0.33 loss:0.022 grdn:0.628 lr:2.2e-05 updt_s:0.961 data_s:0.004 smp/s:8 mem_gb:31.43
Training:  26%|██▌       | 1291/5000 [26:30<59:38,  1.04step/s]Training:  26%|██▌       | 1292/5000 [26:31<59:35,  1.04step/s]Training:  26%|██▌       | 1293/5000 [26:32<59:45,  1.03step/s]Training:  26%|██▌       | 1294/5000 [26:33<59:41,  1.03step/s]Training:  26%|██▌       | 1295/5000 [26:34<59:46,  1.03step/s]Training:  26%|██▌       | 1296/5000 [26:35<59:43,  1.03step/s]Training:  26%|██▌       | 1297/5000 [26:36<59:56,  1.03step/s]Training:  26%|██▌       | 1298/5000 [26:37<59:48,  1.03step/s]Training:  26%|██▌       | 1299/5000 [26:38<59:46,  1.03step/s]Training:  26%|██▌       | 1300/5000 [26:39<59:51,  1.03step/s]INFO 2026-07-17 09:13:17 ot_train.py:677 step:1K smpl:10K ep:43 epch:0.33 loss:0.027 grdn:0.659 lr:2.1e-05 updt_s:0.963 data_s:0.005 smp/s:8 mem_gb:31.43
Training:  26%|██▌       | 1301/5000 [26:40<59:50,  1.03step/s]Training:  26%|██▌       | 1302/5000 [26:41<59:53,  1.03step/s]Training:  26%|██▌       | 1303/5000 [26:42<59:56,  1.03step/s]Training:  26%|██▌       | 1304/5000 [26:43<59:51,  1.03step/s]Training:  26%|██▌       | 1305/5000 [26:44<59:59,  1.03step/s]Training:  26%|██▌       | 1306/5000 [26:45<59:52,  1.03step/s]Training:  26%|██▌       | 1307/5000 [26:46<59:41,  1.03step/s]Training:  26%|██▌       | 1308/5000 [26:47<59:38,  1.03step/s]Training:  26%|██▌       | 1309/5000 [26:49<1:21:36,  1.33s/step]Training:  26%|██▌       | 1310/5000 [26:50<1:14:42,  1.21s/step]INFO 2026-07-17 09:13:28 ot_train.py:677 step:1K smpl:10K ep:43 epch:0.33 loss:0.024 grdn:0.630 lr:2.1e-05 updt_s:1.083 data_s:0.005 smp/s:7 mem_gb:31.43
Training:  26%|██▌       | 1311/5000 [26:51<1:10:00,  1.14s/step]Training:  26%|██▌       | 1312/5000 [26:52<1:06:45,  1.09s/step]Training:  26%|██▋       | 1313/5000 [26:53<1:04:36,  1.05s/step]Training:  26%|██▋       | 1314/5000 [26:54<1:03:10,  1.03s/step]Training:  26%|██▋       | 1315/5000 [26:54<1:01:55,  1.01s/step]Training:  26%|██▋       | 1316/5000 [26:55<1:01:03,  1.01step/s]Training:  26%|██▋       | 1317/5000 [26:56<1:00:38,  1.01step/s]Training:  26%|██▋       | 1318/5000 [26:57<1:00:07,  1.02step/s]Training:  26%|██▋       | 1319/5000 [26:58<59:50,  1.03step/s]  Training:  26%|██▋       | 1320/5000 [26:59<59:37,  1.03step/s]INFO 2026-07-17 09:13:37 ot_train.py:677 step:1K smpl:11K ep:43 epch:0.34 loss:0.015 grdn:0.473 lr:2.1e-05 updt_s:0.961 data_s:0.004 smp/s:8 mem_gb:31.43
Training:  26%|██▋       | 1321/5000 [27:00<59:40,  1.03step/s]Training:  26%|██▋       | 1322/5000 [27:01<59:39,  1.03step/s]Training:  26%|██▋       | 1323/5000 [27:02<59:27,  1.03step/s]Training:  26%|██▋       | 1324/5000 [27:03<59:21,  1.03step/s]Training:  26%|██▋       | 1325/5000 [27:04<59:14,  1.03step/s]Training:  27%|██▋       | 1326/5000 [27:05<59:11,  1.03step/s]Training:  27%|██▋       | 1327/5000 [27:06<59:08,  1.04step/s]Training:  27%|██▋       | 1328/5000 [27:07<59:07,  1.03step/s]Training:  27%|██▋       | 1329/5000 [27:08<59:18,  1.03step/s]Training:  27%|██▋       | 1330/5000 [27:09<59:17,  1.03step/s]INFO 2026-07-17 09:13:47 ot_train.py:677 step:1K smpl:11K ep:44 epch:0.34 loss:0.022 grdn:0.607 lr:2.1e-05 updt_s:0.963 data_s:0.004 smp/s:8 mem_gb:31.43
Training:  27%|██▋       | 1331/5000 [27:10<59:20,  1.03step/s]Training:  27%|██▋       | 1332/5000 [27:11<59:25,  1.03step/s]Training:  27%|██▋       | 1333/5000 [27:12<59:14,  1.03step/s]Training:  27%|██▋       | 1334/5000 [27:13<59:07,  1.03step/s]Training:  27%|██▋       | 1335/5000 [27:14<59:03,  1.03step/s]Training:  27%|██▋       | 1336/5000 [27:15<59:18,  1.03step/s]Training:  27%|██▋       | 1337/5000 [27:16<59:09,  1.03step/s]Training:  27%|██▋       | 1338/5000 [27:17<59:00,  1.03step/s]Training:  27%|██▋       | 1339/5000 [27:18<59:01,  1.03step/s]Training:  27%|██▋       | 1340/5000 [27:19<58:55,  1.04step/s]INFO 2026-07-17 09:13:57 ot_train.py:677 step:1K smpl:11K ep:44 epch:0.34 loss:0.042 grdn:0.985 lr:2.1e-05 updt_s:0.963 data_s:0.005 smp/s:8 mem_gb:31.43
Training:  27%|██▋       | 1341/5000 [27:20<59:04,  1.03step/s]Training:  27%|██▋       | 1342/5000 [27:21<59:19,  1.03step/s]Training:  27%|██▋       | 1343/5000 [27:22<59:14,  1.03step/s]Training:  27%|██▋       | 1344/5000 [27:23<59:11,  1.03step/s]Training:  27%|██▋       | 1345/5000 [27:24<59:21,  1.03step/s]Training:  27%|██▋       | 1346/5000 [27:25<59:05,  1.03step/s]Training:  27%|██▋       | 1347/5000 [27:25<59:09,  1.03step/s]Training:  27%|██▋       | 1348/5000 [27:26<59:19,  1.03step/s]Training:  27%|██▋       | 1349/5000 [27:27<59:20,  1.03step/s]Training:  27%|██▋       | 1350/5000 [27:28<59:20,  1.03step/s]INFO 2026-07-17 09:14:07 ot_train.py:677 step:1K smpl:11K ep:44 epch:0.34 loss:0.017 grdn:0.497 lr:2.1e-05 updt_s:0.969 data_s:0.005 smp/s:8 mem_gb:31.43
Training:  27%|██▋       | 1351/5000 [27:29<59:32,  1.02step/s]Training:  27%|██▋       | 1352/5000 [27:30<59:15,  1.03step/s]Training:  27%|██▋       | 1353/5000 [27:31<59:24,  1.02step/s]Training:  27%|██▋       | 1354/5000 [27:32<59:25,  1.02step/s]Training:  27%|██▋       | 1355/5000 [27:33<59:25,  1.02step/s]Training:  27%|██▋       | 1356/5000 [27:34<59:09,  1.03step/s]Training:  27%|██▋       | 1357/5000 [27:35<59:07,  1.03step/s]Training:  27%|██▋       | 1358/5000 [27:36<58:55,  1.03step/s]Training:  27%|██▋       | 1359/5000 [27:37<58:46,  1.03step/s]Training:  27%|██▋       | 1360/5000 [27:38<58:37,  1.03step/s]INFO 2026-07-17 09:14:16 ot_train.py:677 step:1K smpl:11K ep:45 epch:0.35 loss:0.028 grdn:0.797 lr:2.1e-05 updt_s:0.967 data_s:0.004 smp/s:8 mem_gb:31.43
Training:  27%|██▋       | 1361/5000 [27:39<58:46,  1.03step/s]Training:  27%|██▋       | 1362/5000 [27:40<58:41,  1.03step/s]Training:  27%|██▋       | 1363/5000 [27:41<58:33,  1.04step/s]Training:  27%|██▋       | 1364/5000 [27:42<58:43,  1.03step/s]Training:  27%|██▋       | 1365/5000 [27:43<58:33,  1.03step/s]Training:  27%|██▋       | 1366/5000 [27:44<58:29,  1.04step/s]Training:  27%|██▋       | 1367/5000 [27:45<58:22,  1.04step/s]Training:  27%|██▋       | 1368/5000 [27:46<58:20,  1.04step/s]Training:  27%|██▋       | 1369/5000 [27:47<58:30,  1.03step/s]Training:  27%|██▋       | 1370/5000 [27:48<58:29,  1.03step/s]INFO 2026-07-17 09:14:26 ot_train.py:677 step:1K smpl:11K ep:45 epch:0.35 loss:0.017 grdn:0.520 lr:2.1e-05 updt_s:0.962 data_s:0.005 smp/s:8 mem_gb:31.43
Training:  27%|██▋       | 1371/5000 [27:49<58:23,  1.04step/s]Training:  27%|██▋       | 1372/5000 [27:50<58:28,  1.03step/s]Training:  27%|██▋       | 1373/5000 [27:51<58:20,  1.04step/s]Training:  27%|██▋       | 1374/5000 [27:52<58:23,  1.03step/s]Training:  28%|██▊       | 1375/5000 [27:53<58:22,  1.03step/s]Training:  28%|██▊       | 1376/5000 [27:55<1:20:29,  1.33s/step]Training:  28%|██▊       | 1377/5000 [27:56<1:13:42,  1.22s/step]Training:  28%|██▊       | 1378/5000 [27:57<1:09:15,  1.15s/step]Training:  28%|██▊       | 1379/5000 [27:58<1:05:54,  1.09s/step]Training:  28%|██▊       | 1380/5000 [27:59<1:03:33,  1.05s/step]INFO 2026-07-17 09:14:37 ot_train.py:677 step:1K smpl:11K ep:45 epch:0.35 loss:0.019 grdn:0.577 lr:2.1e-05 updt_s:1.083 data_s:0.004 smp/s:7 mem_gb:31.43
Training:  28%|██▊       | 1381/5000 [28:00<1:02:10,  1.03s/step]Training:  28%|██▊       | 1382/5000 [28:01<1:00:53,  1.01s/step]Training:  28%|██▊       | 1383/5000 [28:02<59:59,  1.00step/s]  Training:  28%|██▊       | 1384/5000 [28:03<59:26,  1.01step/s]Training:  28%|██▊       | 1385/5000 [28:04<59:02,  1.02step/s]Training:  28%|██▊       | 1386/5000 [28:04<58:54,  1.02step/s]Training:  28%|██▊       | 1387/5000 [28:05<58:50,  1.02step/s]Training:  28%|██▊       | 1388/5000 [28:06<58:36,  1.03step/s]Training:  28%|██▊       | 1389/5000 [28:07<58:24,  1.03step/s]Training:  28%|██▊       | 1390/5000 [28:08<58:33,  1.03step/s]INFO 2026-07-17 09:14:47 ot_train.py:677 step:1K smpl:11K ep:46 epch:0.35 loss:0.040 grdn:0.873 lr:2.1e-05 updt_s:0.963 data_s:0.005 smp/s:8 mem_gb:31.43
Training:  28%|██▊       | 1391/5000 [28:09<58:26,  1.03step/s]Training:  28%|██▊       | 1392/5000 [28:10<58:16,  1.03step/s]Training:  28%|██▊       | 1393/5000 [28:11<58:12,  1.03step/s]Training:  28%|██▊       | 1394/5000 [28:12<58:07,  1.03step/s]Training:  28%|██▊       | 1395/5000 [28:13<58:12,  1.03step/s]Training:  28%|██▊       | 1396/5000 [28:14<58:10,  1.03step/s]Training:  28%|██▊       | 1397/5000 [28:15<58:09,  1.03step/s]Training:  28%|██▊       | 1398/5000 [28:16<58:14,  1.03step/s]Training:  28%|██▊       | 1399/5000 [28:17<58:09,  1.03step/s]Training:  28%|██▊       | 1400/5000 [28:18<58:02,  1.03step/s]INFO 2026-07-17 09:14:56 ot_train.py:677 step:1K smpl:11K ep:46 epch:0.36 loss:0.018 grdn:0.515 lr:2.1e-05 updt_s:0.962 data_s:0.005 smp/s:8 mem_gb:31.43
Training:  28%|██▊       | 1401/5000 [28:19<57:58,  1.03step/s]Training:  28%|██▊       | 1402/5000 [28:20<58:11,  1.03step/s]Training:  28%|██▊       | 1403/5000 [28:21<58:18,  1.03step/s]Training:  28%|██▊       | 1404/5000 [28:22<58:13,  1.03step/s]Training:  28%|██▊       | 1405/5000 [28:23<58:06,  1.03step/s]Training:  28%|██▊       | 1406/5000 [28:24<58:04,  1.03step/s]Training:  28%|██▊       | 1407/5000 [28:25<57:57,  1.03step/s]Training:  28%|██▊       | 1408/5000 [28:26<57:54,  1.03step/s]Training:  28%|██▊       | 1409/5000 [28:27<57:50,  1.03step/s]Training:  28%|██▊       | 1410/5000 [28:28<57:59,  1.03step/s]INFO 2026-07-17 09:15:06 ot_train.py:677 step:1K smpl:11K ep:46 epch:0.36 loss:0.026 grdn:0.683 lr:2.1e-05 updt_s:0.964 data_s:0.005 smp/s:8 mem_gb:31.43
Training:  28%|██▊       | 1411/5000 [28:29<57:52,  1.03step/s]Training:  28%|██▊       | 1412/5000 [28:30<57:53,  1.03step/s]Training:  28%|██▊       | 1413/5000 [28:31<58:02,  1.03step/s]Training:  28%|██▊       | 1414/5000 [28:32<57:56,  1.03step/s]Training:  28%|██▊       | 1415/5000 [28:33<57:48,  1.03step/s]Training:  28%|██▊       | 1416/5000 [28:34<57:46,  1.03step/s]Training:  28%|██▊       | 1417/5000 [28:35<57:53,  1.03step/s]Training:  28%|██▊       | 1418/5000 [28:35<57:48,  1.03step/s]Training:  28%|██▊       | 1419/5000 [28:36<57:50,  1.03step/s]Training:  28%|██▊       | 1420/5000 [28:37<57:49,  1.03step/s]INFO 2026-07-17 09:15:16 ot_train.py:677 step:1K smpl:11K ep:47 epch:0.36 loss:0.014 grdn:0.492 lr:2.1e-05 updt_s:0.963 data_s:0.005 smp/s:8 mem_gb:31.43
Training:  28%|██▊       | 1421/5000 [28:38<57:40,  1.03step/s]Training:  28%|██▊       | 1422/5000 [28:39<57:36,  1.04step/s]Training:  28%|██▊       | 1423/5000 [28:40<57:39,  1.03step/s]Training:  28%|██▊       | 1424/5000 [28:41<57:45,  1.03step/s]Training:  28%|██▊       | 1425/5000 [28:42<57:36,  1.03step/s]Training:  29%|██▊       | 1426/5000 [28:43<57:25,  1.04step/s]Training:  29%|██▊       | 1427/5000 [28:44<57:33,  1.03step/s]Training:  29%|██▊       | 1428/5000 [28:45<57:15,  1.04step/s]Training:  29%|██▊       | 1429/5000 [28:46<56:59,  1.04step/s]Training:  29%|██▊       | 1430/5000 [28:47<56:50,  1.05step/s]INFO 2026-07-17 09:15:25 ot_train.py:677 step:1K smpl:11K ep:47 epch:0.36 loss:0.018 grdn:0.509 lr:2.1e-05 updt_s:0.955 data_s:0.005 smp/s:8 mem_gb:31.43
Training:  29%|██▊       | 1431/5000 [28:48<57:12,  1.04step/s]Training:  29%|██▊       | 1432/5000 [28:49<57:19,  1.04step/s]Training:  29%|██▊       | 1433/5000 [28:50<57:11,  1.04step/s]Training:  29%|██▊       | 1434/5000 [28:51<57:09,  1.04step/s]Training:  29%|██▊       | 1435/5000 [28:54<1:40:15,  1.69s/step]Training:  29%|██▊       | 1436/5000 [28:55<1:27:16,  1.47s/step]Training:  29%|██▊       | 1437/5000 [28:56<1:18:09,  1.32s/step]Training:  29%|██▉       | 1438/5000 [28:57<1:11:39,  1.21s/step]Training:  29%|██▉       | 1439/5000 [28:58<1:07:11,  1.13s/step]Training:  29%|██▉       | 1440/5000 [28:59<1:04:22,  1.08s/step]INFO 2026-07-17 09:15:37 ot_train.py:677 step:1K smpl:12K ep:47 epch:0.37 loss:0.020 grdn:0.519 lr:2.1e-05 updt_s:1.199 data_s:0.005 smp/s:7 mem_gb:31.43
Training:  29%|██▉       | 1441/5000 [29:00<1:02:02,  1.05s/step]Training:  29%|██▉       | 1442/5000 [29:01<1:00:28,  1.02s/step]Training:  29%|██▉       | 1443/5000 [29:02<59:32,  1.00s/step]  Training:  29%|██▉       | 1444/5000 [29:03<58:38,  1.01step/s]Training:  29%|██▉       | 1445/5000 [29:04<58:05,  1.02step/s]Training:  29%|██▉       | 1446/5000 [29:05<57:53,  1.02step/s]Training:  29%|██▉       | 1447/5000 [29:06<57:45,  1.03step/s]Training:  29%|██▉       | 1448/5000 [29:07<57:40,  1.03step/s]Training:  29%|██▉       | 1449/5000 [29:08<57:29,  1.03step/s]Training:  29%|██▉       | 1450/5000 [29:09<57:46,  1.02step/s]INFO 2026-07-17 09:15:47 ot_train.py:677 step:1K smpl:12K ep:48 epch:0.37 loss:0.024 grdn:0.586 lr:2.1e-05 updt_s:0.961 data_s:0.005 smp/s:8 mem_gb:31.43
Training:  29%|██▉       | 1451/5000 [29:10<57:30,  1.03step/s]Training:  29%|██▉       | 1452/5000 [29:11<57:24,  1.03step/s]Training:  29%|██▉       | 1453/5000 [29:12<57:25,  1.03step/s]Training:  29%|██▉       | 1454/5000 [29:13<57:38,  1.03step/s]Training:  29%|██▉       | 1455/5000 [29:14<57:20,  1.03step/s]Training:  29%|██▉       | 1456/5000 [29:15<57:20,  1.03step/s]Training:  29%|██▉       | 1457/5000 [29:16<57:07,  1.03step/s]Training:  29%|██▉       | 1458/5000 [29:17<57:12,  1.03step/s]Training:  29%|██▉       | 1459/5000 [29:17<56:57,  1.04step/s]Training:  29%|██▉       | 1460/5000 [29:18<57:11,  1.03step/s]INFO 2026-07-17 09:15:57 ot_train.py:677 step:1K smpl:12K ep:48 epch:0.37 loss:0.018 grdn:0.562 lr:2.1e-05 updt_s:0.964 data_s:0.005 smp/s:8 mem_gb:31.43
Training:  29%|██▉       | 1461/5000 [29:19<57:03,  1.03step/s]Training:  29%|██▉       | 1462/5000 [29:20<57:03,  1.03step/s]Training:  29%|██▉       | 1463/5000 [29:21<57:06,  1.03step/s]Training:  29%|██▉       | 1464/5000 [29:22<57:08,  1.03step/s]Training:  29%|██▉       | 1465/5000 [29:23<57:04,  1.03step/s]Training:  29%|██▉       | 1466/5000 [29:24<57:13,  1.03step/s]Training:  29%|██▉       | 1467/5000 [29:25<57:05,  1.03step/s]Training:  29%|██▉       | 1468/5000 [29:26<57:04,  1.03step/s]Training:  29%|██▉       | 1469/5000 [29:27<57:06,  1.03step/s]Training:  29%|██▉       | 1470/5000 [29:28<57:01,  1.03step/s]INFO 2026-07-17 09:16:06 ot_train.py:677 step:1K smpl:12K ep:48 epch:0.37 loss:0.025 grdn:0.664 lr:2.1e-05 updt_s:0.964 data_s:0.004 smp/s:8 mem_gb:31.43
Training:  29%|██▉       | 1471/5000 [29:29<56:52,  1.03step/s]Training:  29%|██▉       | 1472/5000 [29:30<57:08,  1.03step/s]Training:  29%|██▉       | 1473/5000 [29:31<56:57,  1.03step/s]Training:  29%|██▉       | 1474/5000 [29:32<57:03,  1.03step/s]Training:  30%|██▉       | 1475/5000 [29:33<56:53,  1.03step/s]Training:  30%|██▉       | 1476/5000 [29:34<56:50,  1.03step/s]Training:  30%|██▉       | 1477/5000 [29:35<56:49,  1.03step/s]Training:  30%|██▉       | 1478/5000 [29:36<56:52,  1.03step/s]Training:  30%|██▉       | 1479/5000 [29:37<56:46,  1.03step/s]Training:  30%|██▉       | 1480/5000 [29:38<57:00,  1.03step/s]INFO 2026-07-17 09:16:16 ot_train.py:677 step:1K smpl:12K ep:49 epch:0.38 loss:0.026 grdn:0.654 lr:2.1e-05 updt_s:0.964 data_s:0.005 smp/s:8 mem_gb:31.43
Training:  30%|██▉       | 1481/5000 [29:39<56:46,  1.03step/s]Training:  30%|██▉       | 1482/5000 [29:40<56:45,  1.03step/s]Training:  30%|██▉       | 1483/5000 [29:41<56:39,  1.03step/s]Training:  30%|██▉       | 1484/5000 [29:42<56:52,  1.03step/s]Training:  30%|██▉       | 1485/5000 [29:43<56:36,  1.04step/s]Training:  30%|██▉       | 1486/5000 [29:44<56:50,  1.03step/s]Training:  30%|██▉       | 1487/5000 [29:45<56:54,  1.03step/s]Training:  30%|██▉       | 1488/5000 [29:46<56:58,  1.03step/s]Training:  30%|██▉       | 1489/5000 [29:49<1:32:48,  1.59s/step]Training:  30%|██▉       | 1490/5000 [29:50<1:22:01,  1.40s/step]INFO 2026-07-17 09:16:28 ot_train.py:677 step:1K smpl:12K ep:49 epch:0.38 loss:0.021 grdn:0.544 lr:2.0e-05 updt_s:1.169 data_s:0.005 smp/s:7 mem_gb:31.43
Training:  30%|██▉       | 1491/5000 [29:51<1:14:28,  1.27s/step]Training:  30%|██▉       | 1492/5000 [29:52<1:09:18,  1.19s/step]Training:  30%|██▉       | 1493/5000 [29:52<1:05:27,  1.12s/step]Training:  30%|██▉       | 1494/5000 [29:53<1:02:49,  1.08s/step]Training:  30%|██▉       | 1495/5000 [29:54<1:00:58,  1.04s/step]Training:  30%|██▉       | 1496/5000 [29:55<59:36,  1.02s/step]  Training:  30%|██▉       | 1497/5000 [29:56<58:39,  1.00s/step]Training:  30%|██▉       | 1498/5000 [29:57<58:03,  1.01step/s]Training:  30%|██▉       | 1499/5000 [29:58<57:45,  1.01step/s]Training:  30%|███       | 1500/5000 [29:59<57:18,  1.02step/s]INFO 2026-07-17 09:16:37 ot_train.py:677 step:2K smpl:12K ep:49 epch:0.38 loss:0.028 grdn:0.625 lr:2.0e-05 updt_s:0.965 data_s:0.006 smp/s:8 mem_gb:31.43
Training:  30%|███       | 1501/5000 [30:00<56:58,  1.02step/s]Training:  30%|███       | 1502/5000 [30:01<56:50,  1.03step/s]Training:  30%|███       | 1503/5000 [30:02<56:38,  1.03step/s]Training:  30%|███       | 1504/5000 [30:03<56:31,  1.03step/s]Training:  30%|███       | 1505/5000 [30:04<56:22,  1.03step/s]Training:  30%|███       | 1506/5000 [30:05<56:32,  1.03step/s]Training:  30%|███       | 1507/5000 [30:06<56:22,  1.03step/s]Training:  30%|███       | 1508/5000 [30:07<56:24,  1.03step/s]Training:  30%|███       | 1509/5000 [30:08<56:20,  1.03step/s]Training:  30%|███       | 1510/5000 [30:09<56:19,  1.03step/s]INFO 2026-07-17 09:16:47 ot_train.py:677 step:2K smpl:12K ep:50 epch:0.39 loss:0.024 grdn:0.707 lr:2.0e-05 updt_s:0.962 data_s:0.005 smp/s:8 mem_gb:31.43
Training:  30%|███       | 1511/5000 [30:10<56:28,  1.03step/s]Training:  30%|███       | 1512/5000 [30:11<56:26,  1.03step/s]Training:  30%|███       | 1513/5000 [30:12<56:31,  1.03step/s]Training:  30%|███       | 1514/5000 [30:13<56:31,  1.03step/s]Training:  30%|███       | 1515/5000 [30:14<56:23,  1.03step/s]Training:  30%|███       | 1516/5000 [30:15<56:21,  1.03step/s]Training:  30%|███       | 1517/5000 [30:16<56:20,  1.03step/s]Training:  30%|███       | 1518/5000 [30:17<56:20,  1.03step/s]Training:  30%|███       | 1519/5000 [30:18<56:24,  1.03step/s]Training:  30%|███       | 1520/5000 [30:19<56:23,  1.03step/s]INFO 2026-07-17 09:16:57 ot_train.py:677 step:2K smpl:12K ep:50 epch:0.39 loss:0.017 grdn:0.481 lr:2.0e-05 updt_s:0.967 data_s:0.004 smp/s:8 mem_gb:31.43
Training:  30%|███       | 1521/5000 [30:20<56:11,  1.03step/s]Training:  30%|███       | 1522/5000 [30:21<56:18,  1.03step/s]Training:  30%|███       | 1523/5000 [30:22<56:05,  1.03step/s]Training:  30%|███       | 1524/5000 [30:23<56:18,  1.03step/s]Training:  30%|███       | 1525/5000 [30:24<56:21,  1.03step/s]Training:  31%|███       | 1526/5000 [30:25<56:19,  1.03step/s]Training:  31%|███       | 1527/5000 [30:25<56:09,  1.03step/s]Training:  31%|███       | 1528/5000 [30:26<56:19,  1.03step/s]Training:  31%|███       | 1529/5000 [30:27<56:07,  1.03step/s]Training:  31%|███       | 1530/5000 [30:28<56:12,  1.03step/s]INFO 2026-07-17 09:17:07 ot_train.py:677 step:2K smpl:12K ep:50 epch:0.39 loss:0.023 grdn:0.571 lr:2.0e-05 updt_s:0.966 data_s:0.005 smp/s:8 mem_gb:31.43
Training:  31%|███       | 1531/5000 [30:29<56:11,  1.03step/s]Training:  31%|███       | 1532/5000 [30:30<56:10,  1.03step/s]Training:  31%|███       | 1533/5000 [30:31<56:00,  1.03step/s]Training:  31%|███       | 1534/5000 [30:32<56:00,  1.03step/s]Training:  31%|███       | 1535/5000 [30:33<56:07,  1.03step/s]Training:  31%|███       | 1536/5000 [30:34<56:03,  1.03step/s]Training:  31%|███       | 1537/5000 [30:35<56:00,  1.03step/s]Training:  31%|███       | 1538/5000 [30:36<55:58,  1.03step/s]Training:  31%|███       | 1539/5000 [30:37<55:42,  1.04step/s]Training:  31%|███       | 1540/5000 [30:38<55:48,  1.03step/s]INFO 2026-07-17 09:17:16 ot_train.py:677 step:2K smpl:12K ep:51 epch:0.39 loss:0.020 grdn:0.490 lr:2.0e-05 updt_s:0.964 data_s:0.005 smp/s:8 mem_gb:31.43
Training:  31%|███       | 1541/5000 [30:39<55:41,  1.04step/s]Training:  31%|███       | 1542/5000 [30:40<55:48,  1.03step/s]Training:  31%|███       | 1543/5000 [30:41<55:41,  1.03step/s]Training:  31%|███       | 1544/5000 [30:42<55:56,  1.03step/s]Training:  31%|███       | 1545/5000 [30:43<55:43,  1.03step/s]Training:  31%|███       | 1546/5000 [30:44<55:40,  1.03step/s]Training:  31%|███       | 1547/5000 [30:45<55:43,  1.03step/s]Training:  31%|███       | 1548/5000 [30:46<55:44,  1.03step/s]Training:  31%|███       | 1549/5000 [30:49<1:32:54,  1.62s/step]Training:  31%|███       | 1550/5000 [30:50<1:21:36,  1.42s/step]INFO 2026-07-17 09:17:28 ot_train.py:677 step:2K smpl:12K ep:51 epch:0.40 loss:0.035 grdn:0.814 lr:2.0e-05 updt_s:1.178 data_s:0.005 smp/s:7 mem_gb:31.43
Training:  31%|███       | 1551/5000 [30:51<1:13:56,  1.29s/step]Training:  31%|███       | 1552/5000 [30:52<1:08:29,  1.19s/step]Training:  31%|███       | 1553/5000 [30:53<1:04:30,  1.12s/step]Training:  31%|███       | 1554/5000 [30:54<1:01:59,  1.08s/step]Training:  31%|███       | 1555/5000 [30:55<1:00:00,  1.05s/step]Training:  31%|███       | 1556/5000 [30:56<58:42,  1.02s/step]  Training:  31%|███       | 1557/5000 [30:57<57:41,  1.01s/step]Training:  31%|███       | 1558/5000 [30:58<57:14,  1.00step/s]Training:  31%|███       | 1559/5000 [30:59<56:47,  1.01step/s]Training:  31%|███       | 1560/5000 [31:00<56:34,  1.01step/s]INFO 2026-07-17 09:17:38 ot_train.py:677 step:2K smpl:12K ep:51 epch:0.40 loss:0.023 grdn:0.608 lr:2.0e-05 updt_s:0.966 data_s:0.005 smp/s:8 mem_gb:31.43
Training:  31%|███       | 1561/5000 [31:01<56:09,  1.02step/s]Training:  31%|███       | 1562/5000 [31:02<56:02,  1.02step/s]Training:  31%|███▏      | 1563/5000 [31:03<55:43,  1.03step/s]Training:  31%|███▏      | 1564/5000 [31:04<55:37,  1.03step/s]Training:  31%|███▏      | 1565/5000 [31:04<55:25,  1.03step/s]Training:  31%|███▏      | 1566/5000 [31:05<55:31,  1.03step/s]Training:  31%|███▏      | 1567/5000 [31:06<55:27,  1.03step/s]Training:  31%|███▏      | 1568/5000 [31:07<55:26,  1.03step/s]Training:  31%|███▏      | 1569/5000 [31:08<55:23,  1.03step/s]Training:  31%|███▏      | 1570/5000 [31:09<55:23,  1.03step/s]INFO 2026-07-17 09:17:47 ot_train.py:677 step:2K smpl:13K ep:52 epch:0.40 loss:0.018 grdn:0.545 lr:2.0e-05 updt_s:0.962 data_s:0.005 smp/s:8 mem_gb:31.43
Training:  31%|███▏      | 1571/5000 [31:10<55:17,  1.03step/s]Training:  31%|███▏      | 1572/5000 [31:11<55:20,  1.03step/s]Training:  31%|███▏      | 1573/5000 [31:12<55:07,  1.04step/s]Training:  31%|███▏      | 1574/5000 [31:13<55:19,  1.03step/s]Training:  32%|███▏      | 1575/5000 [31:14<55:08,  1.04step/s]Training:  32%|███▏      | 1576/5000 [31:15<55:10,  1.03step/s]Training:  32%|███▏      | 1577/5000 [31:16<55:25,  1.03step/s]Training:  32%|███▏      | 1578/5000 [31:17<55:27,  1.03step/s]Training:  32%|███▏      | 1579/5000 [31:18<55:15,  1.03step/s]Training:  32%|███▏      | 1580/5000 [31:19<55:17,  1.03step/s]INFO 2026-07-17 09:17:57 ot_train.py:677 step:2K smpl:13K ep:52 epch:0.40 loss:0.018 grdn:0.527 lr:2.0e-05 updt_s:0.964 data_s:0.005 smp/s:8 mem_gb:31.43
Training:  32%|███▏      | 1581/5000 [31:20<55:24,  1.03step/s]Training:  32%|███▏      | 1582/5000 [31:21<55:29,  1.03step/s]Training:  32%|███▏      | 1583/5000 [31:22<55:14,  1.03step/s]Training:  32%|███▏      | 1584/5000 [31:23<55:19,  1.03step/s]Training:  32%|███▏      | 1585/5000 [31:24<55:10,  1.03step/s]Training:  32%|███▏      | 1586/5000 [31:25<55:05,  1.03step/s]Training:  32%|███▏      | 1587/5000 [31:26<54:58,  1.03step/s]Training:  32%|███▏      | 1588/5000 [31:27<55:03,  1.03step/s]Training:  32%|███▏      | 1589/5000 [31:28<54:58,  1.03step/s]Training:  32%|███▏      | 1590/5000 [31:29<54:51,  1.04step/s]INFO 2026-07-17 09:18:07 ot_train.py:677 step:2K smpl:13K ep:52 epch:0.41 loss:0.017 grdn:0.532 lr:2.0e-05 updt_s:0.963 data_s:0.004 smp/s:8 mem_gb:31.43
Training:  32%|███▏      | 1591/5000 [31:30<54:59,  1.03step/s]Training:  32%|███▏      | 1592/5000 [31:31<54:56,  1.03step/s]Training:  32%|███▏      | 1593/5000 [31:32<54:50,  1.04step/s]Training:  32%|███▏      | 1594/5000 [31:33<54:53,  1.03step/s]Training:  32%|███▏      | 1595/5000 [31:34<54:56,  1.03step/s]Training:  32%|███▏      | 1596/5000 [31:34<54:51,  1.03step/s]Training:  32%|███▏      | 1597/5000 [31:35<54:46,  1.04step/s]Training:  32%|███▏      | 1598/5000 [31:36<54:52,  1.03step/s]Training:  32%|███▏      | 1599/5000 [31:37<54:46,  1.03step/s]Training:  32%|███▏      | 1600/5000 [31:38<54:43,  1.04step/s]INFO 2026-07-17 09:18:17 ot_train.py:677 step:2K smpl:13K ep:53 epch:0.41 loss:0.010 grdn:0.390 lr:2.0e-05 updt_s:0.962 data_s:0.004 smp/s:8 mem_gb:31.43
Training:  32%|███▏      | 1601/5000 [31:39<54:44,  1.03step/s]Training:  32%|███▏      | 1602/5000 [31:40<54:48,  1.03step/s]Training:  32%|███▏      | 1603/5000 [31:42<1:14:44,  1.32s/step]Training:  32%|███▏      | 1604/5000 [31:43<1:08:31,  1.21s/step]Training:  32%|███▏      | 1605/5000 [31:44<1:04:16,  1.14s/step]Training:  32%|███▏      | 1606/5000 [31:45<1:01:31,  1.09s/step]Training:  32%|███▏      | 1607/5000 [31:46<59:22,  1.05s/step]  Training:  32%|███▏      | 1608/5000 [31:47<57:54,  1.02s/step]Training:  32%|███▏      | 1609/5000 [31:48<56:50,  1.01s/step]Training:  32%|███▏      | 1610/5000 [31:49<56:07,  1.01step/s]INFO 2026-07-17 09:18:27 ot_train.py:677 step:2K smpl:13K ep:53 epch:0.41 loss:0.031 grdn:0.826 lr:2.0e-05 updt_s:1.078 data_s:0.004 smp/s:7 mem_gb:31.43
Training:  32%|███▏      | 1611/5000 [31:50<55:54,  1.01step/s]Training:  32%|███▏      | 1612/5000 [31:51<55:35,  1.02step/s]Training:  32%|███▏      | 1613/5000 [31:52<55:12,  1.02step/s]Training:  32%|███▏      | 1614/5000 [31:53<54:57,  1.03step/s]Training:  32%|███▏      | 1615/5000 [31:54<54:53,  1.03step/s]Training:  32%|███▏      | 1616/5000 [31:55<54:46,  1.03step/s]Training:  32%|███▏      | 1617/5000 [31:56<54:37,  1.03step/s]Training:  32%|███▏      | 1618/5000 [31:57<54:29,  1.03step/s]Training:  32%|███▏      | 1619/5000 [31:58<54:32,  1.03step/s]Training:  32%|███▏      | 1620/5000 [31:59<54:36,  1.03step/s]INFO 2026-07-17 09:18:37 ot_train.py:677 step:2K smpl:13K ep:53 epch:0.41 loss:0.021 grdn:0.530 lr:2.0e-05 updt_s:0.963 data_s:0.005 smp/s:8 mem_gb:31.43
Training:  32%|███▏      | 1621/5000 [32:00<54:35,  1.03step/s]Training:  32%|███▏      | 1622/5000 [32:01<54:35,  1.03step/s]Training:  32%|███▏      | 1623/5000 [32:02<54:40,  1.03step/s]Training:  32%|███▏      | 1624/5000 [32:03<54:35,  1.03step/s]Training:  32%|███▎      | 1625/5000 [32:04<54:37,  1.03step/s]Training:  33%|███▎      | 1626/5000 [32:05<54:34,  1.03step/s]Training:  33%|███▎      | 1627/5000 [32:06<54:30,  1.03step/s]Training:  33%|███▎      | 1628/5000 [32:07<54:33,  1.03step/s]Training:  33%|███▎      | 1629/5000 [32:08<54:34,  1.03step/s]Training:  33%|███▎      | 1630/5000 [32:09<54:28,  1.03step/s]INFO 2026-07-17 09:18:47 ot_train.py:677 step:2K smpl:13K ep:54 epch:0.42 loss:0.025 grdn:0.636 lr:2.0e-05 updt_s:0.965 data_s:0.005 smp/s:8 mem_gb:31.43
Training:  33%|███▎      | 1631/5000 [32:10<54:19,  1.03step/s]Training:  33%|███▎      | 1632/5000 [32:11<54:23,  1.03step/s]Training:  33%|███▎      | 1633/5000 [32:11<54:18,  1.03step/s]Training:  33%|███▎      | 1634/5000 [32:12<54:15,  1.03step/s]Training:  33%|███▎      | 1635/5000 [32:13<54:13,  1.03step/s]Training:  33%|███▎      | 1636/5000 [32:14<54:21,  1.03step/s]Training:  33%|███▎      | 1637/5000 [32:15<54:11,  1.03step/s]Training:  33%|███▎      | 1638/5000 [32:16<54:10,  1.03step/s]Training:  33%|███▎      | 1639/5000 [32:17<54:13,  1.03step/s]Training:  33%|███▎      | 1640/5000 [32:18<54:10,  1.03step/s]INFO 2026-07-17 09:18:56 ot_train.py:677 step:2K smpl:13K ep:54 epch:0.42 loss:0.023 grdn:0.612 lr:2.0e-05 updt_s:0.962 data_s:0.005 smp/s:8 mem_gb:31.43
Training:  33%|███▎      | 1641/5000 [32:19<54:03,  1.04step/s]Training:  33%|███▎      | 1642/5000 [32:20<54:00,  1.04step/s]Training:  33%|███▎      | 1643/5000 [32:21<54:12,  1.03step/s]Training:  33%|███▎      | 1644/5000 [32:22<54:06,  1.03step/s]Training:  33%|███▎      | 1645/5000 [32:23<54:06,  1.03step/s]Training:  33%|███▎      | 1646/5000 [32:24<54:00,  1.04step/s]Training:  33%|███▎      | 1647/5000 [32:25<53:58,  1.04step/s]Training:  33%|███▎      | 1648/5000 [32:26<53:57,  1.04step/s]Training:  33%|███▎      | 1649/5000 [32:27<53:58,  1.03step/s]Training:  33%|███▎      | 1650/5000 [32:28<54:09,  1.03step/s]INFO 2026-07-17 09:19:06 ot_train.py:677 step:2K smpl:13K ep:54 epch:0.42 loss:0.017 grdn:0.503 lr:2.0e-05 updt_s:0.962 data_s:0.005 smp/s:8 mem_gb:31.43
Training:  33%|███▎      | 1651/5000 [32:31<1:30:41,  1.62s/step]Training:  33%|███▎      | 1652/5000 [32:32<1:19:39,  1.43s/step]Training:  33%|███▎      | 1653/5000 [32:33<1:12:00,  1.29s/step]Training:  33%|███▎      | 1654/5000 [32:34<1:06:30,  1.19s/step]Training:  33%|███▎      | 1655/5000 [32:35<1:02:57,  1.13s/step]Training:  33%|███▎      | 1656/5000 [32:36<1:00:19,  1.08s/step]Training:  33%|███▎      | 1657/5000 [32:37<58:24,  1.05s/step]  Training:  33%|███▎      | 1658/5000 [32:38<57:03,  1.02s/step]Training:  33%|███▎      | 1659/5000 [32:39<56:12,  1.01s/step]Training:  33%|███▎      | 1660/5000 [32:40<55:27,  1.00step/s]INFO 2026-07-17 09:19:18 ot_train.py:677 step:2K smpl:13K ep:55 epch:0.42 loss:0.021 grdn:0.530 lr:1.9e-05 updt_s:1.183 data_s:0.005 smp/s:7 mem_gb:31.43
Training:  33%|███▎      | 1661/5000 [32:41<54:56,  1.01step/s]Training:  33%|███▎      | 1662/5000 [32:42<54:35,  1.02step/s]Training:  33%|███▎      | 1663/5000 [32:43<54:35,  1.02step/s]Training:  33%|███▎      | 1664/5000 [32:44<54:25,  1.02step/s]Training:  33%|███▎      | 1665/5000 [32:45<54:11,  1.03step/s]Training:  33%|███▎      | 1666/5000 [32:46<54:07,  1.03step/s]Training:  33%|███▎      | 1667/5000 [32:47<54:03,  1.03step/s]Training:  33%|███▎      | 1668/5000 [32:48<53:59,  1.03step/s]Training:  33%|███▎      | 1669/5000 [32:49<53:54,  1.03step/s]Training:  33%|███▎      | 1670/5000 [32:50<53:50,  1.03step/s]INFO 2026-07-17 09:19:28 ot_train.py:677 step:2K smpl:13K ep:55 epch:0.43 loss:0.031 grdn:0.777 lr:1.9e-05 updt_s:0.965 data_s:0.005 smp/s:8 mem_gb:31.43
Training:  33%|███▎      | 1671/5000 [32:50<53:56,  1.03step/s]Training:  33%|███▎      | 1672/5000 [32:51<54:00,  1.03step/s]Training:  33%|███▎      | 1673/5000 [32:52<53:57,  1.03step/s]Training:  33%|███▎      | 1674/5000 [32:53<53:50,  1.03step/s]Training:  34%|███▎      | 1675/5000 [32:54<53:49,  1.03step/s]Training:  34%|███▎      | 1676/5000 [32:55<53:42,  1.03step/s]Training:  34%|███▎      | 1677/5000 [32:56<53:36,  1.03step/s]Training:  34%|███▎      | 1678/5000 [32:57<53:35,  1.03step/s]Training:  34%|███▎      | 1679/5000 [32:58<53:57,  1.03step/s]Training:  34%|███▎      | 1680/5000 [32:59<54:03,  1.02step/s]INFO 2026-07-17 09:19:37 ot_train.py:677 step:2K smpl:13K ep:55 epch:0.43 loss:0.018 grdn:0.479 lr:1.9e-05 updt_s:0.968 data_s:0.005 smp/s:8 mem_gb:31.43
Training:  34%|███▎      | 1681/5000 [33:00<53:53,  1.03step/s]Training:  34%|███▎      | 1682/5000 [33:01<53:45,  1.03step/s]Training:  34%|███▎      | 1683/5000 [33:02<53:53,  1.03step/s]Training:  34%|███▎      | 1684/5000 [33:03<53:48,  1.03step/s]Training:  34%|███▎      | 1685/5000 [33:04<53:39,  1.03step/s]Training:  34%|███▎      | 1686/5000 [33:05<53:35,  1.03step/s]Training:  34%|███▎      | 1687/5000 [33:06<53:40,  1.03step/s]Training:  34%|███▍      | 1688/5000 [33:07<53:47,  1.03step/s]Training:  34%|███▍      | 1689/5000 [33:08<53:35,  1.03step/s]Training:  34%|███▍      | 1690/5000 [33:09<53:36,  1.03step/s]INFO 2026-07-17 09:19:47 ot_train.py:677 step:2K smpl:14K ep:56 epch:0.43 loss:0.019 grdn:0.548 lr:1.9e-05 updt_s:0.966 data_s:0.005 smp/s:8 mem_gb:31.43
Training:  34%|███▍      | 1691/5000 [33:10<53:32,  1.03step/s]Training:  34%|███▍      | 1692/5000 [33:11<53:27,  1.03step/s]Training:  34%|███▍      | 1693/5000 [33:12<53:21,  1.03step/s]Training:  34%|███▍      | 1694/5000 [33:13<53:26,  1.03step/s]Training:  34%|███▍      | 1695/5000 [33:14<53:33,  1.03step/s]Training:  34%|███▍      | 1696/5000 [33:15<53:26,  1.03step/s]Training:  34%|███▍      | 1697/5000 [33:16<53:19,  1.03step/s]Training:  34%|███▍      | 1698/5000 [33:17<53:20,  1.03step/s]Training:  34%|███▍      | 1699/5000 [33:18<53:19,  1.03step/s]Training:  34%|███▍      | 1700/5000 [33:19<53:16,  1.03step/s]INFO 2026-07-17 09:19:57 ot_train.py:677 step:2K smpl:14K ep:56 epch:0.43 loss:0.022 grdn:0.519 lr:1.9e-05 updt_s:0.963 data_s:0.005 smp/s:8 mem_gb:31.43
Training:  34%|███▍      | 1701/5000 [33:20<53:10,  1.03step/s]Training:  34%|███▍      | 1702/5000 [33:21<53:19,  1.03step/s]Training:  34%|███▍      | 1703/5000 [33:22<53:07,  1.03step/s]Training:  34%|███▍      | 1704/5000 [33:23<53:08,  1.03step/s]Training:  34%|███▍      | 1705/5000 [33:23<53:08,  1.03step/s]Training:  34%|███▍      | 1706/5000 [33:24<53:02,  1.04step/s]Training:  34%|███▍      | 1707/5000 [33:25<52:55,  1.04step/s]Training:  34%|███▍      | 1708/5000 [33:26<53:09,  1.03step/s]Training:  34%|███▍      | 1709/5000 [33:27<53:05,  1.03step/s]Training:  34%|███▍      | 1710/5000 [33:28<53:05,  1.03step/s]INFO 2026-07-17 09:20:07 ot_train.py:677 step:2K smpl:14K ep:56 epch:0.44 loss:0.028 grdn:0.662 lr:1.9e-05 updt_s:0.962 data_s:0.005 smp/s:8 mem_gb:31.43
Training:  34%|███▍      | 1711/5000 [33:29<53:10,  1.03step/s]Training:  34%|███▍      | 1712/5000 [33:30<53:03,  1.03step/s]Training:  34%|███▍      | 1713/5000 [33:31<52:58,  1.03step/s]Training:  34%|███▍      | 1714/5000 [33:32<53:06,  1.03step/s]Training:  34%|███▍      | 1715/5000 [33:33<53:06,  1.03step/s]Training:  34%|███▍      | 1716/5000 [33:34<53:00,  1.03step/s]Training:  34%|███▍      | 1717/5000 [33:35<53:01,  1.03step/s]Training:  34%|███▍      | 1718/5000 [33:38<1:31:32,  1.67s/step]Training:  34%|███▍      | 1719/5000 [33:39<1:19:50,  1.46s/step]Training:  34%|███▍      | 1720/5000 [33:40<1:11:43,  1.31s/step]INFO 2026-07-17 09:20:19 ot_train.py:677 step:2K smpl:14K ep:57 epch:0.44 loss:0.014 grdn:0.440 lr:1.9e-05 updt_s:1.197 data_s:0.005 smp/s:7 mem_gb:31.43
Training:  34%|███▍      | 1721/5000 [33:41<1:05:56,  1.21s/step]Training:  34%|███▍      | 1722/5000 [33:42<1:02:04,  1.14s/step]Training:  34%|███▍      | 1723/5000 [33:43<59:22,  1.09s/step]  Training:  34%|███▍      | 1724/5000 [33:44<57:21,  1.05s/step]Training:  34%|███▍      | 1725/5000 [33:45<55:58,  1.03s/step]Training:  35%|███▍      | 1726/5000 [33:46<54:55,  1.01s/step]Training:  35%|███▍      | 1727/5000 [33:47<54:11,  1.01step/s]Training:  35%|███▍      | 1728/5000 [33:48<53:42,  1.02step/s]Training:  35%|███▍      | 1729/5000 [33:49<53:19,  1.02step/s]Training:  35%|███▍      | 1730/5000 [33:50<53:08,  1.03step/s]INFO 2026-07-17 09:20:28 ot_train.py:677 step:2K smpl:14K ep:57 epch:0.44 loss:0.020 grdn:0.547 lr:1.9e-05 updt_s:0.961 data_s:0.005 smp/s:8 mem_gb:31.43
Training:  35%|███▍      | 1731/5000 [33:51<53:04,  1.03step/s]Training:  35%|███▍      | 1732/5000 [33:52<52:50,  1.03step/s]Training:  35%|███▍      | 1733/5000 [33:53<52:48,  1.03step/s]Training:  35%|███▍      | 1734/5000 [33:54<52:49,  1.03step/s]Training:  35%|███▍      | 1735/5000 [33:55<52:39,  1.03step/s]Training:  35%|███▍      | 1736/5000 [33:56<52:33,  1.04step/s]Training:  35%|███▍      | 1737/5000 [33:57<52:27,  1.04step/s]Training:  35%|███▍      | 1738/5000 [33:58<52:24,  1.04step/s]Training:  35%|███▍      | 1739/5000 [33:59<52:32,  1.03step/s]Training:  35%|███▍      | 1740/5000 [34:00<52:31,  1.03step/s]INFO 2026-07-17 09:20:38 ot_train.py:677 step:2K smpl:14K ep:57 epch:0.44 loss:0.025 grdn:0.661 lr:1.9e-05 updt_s:0.961 data_s:0.004 smp/s:8 mem_gb:31.43
Training:  35%|███▍      | 1741/5000 [34:01<52:27,  1.04step/s]Training:  35%|███▍      | 1742/5000 [34:02<52:34,  1.03step/s]Training:  35%|███▍      | 1743/5000 [34:03<52:23,  1.04step/s]Training:  35%|███▍      | 1744/5000 [34:04<52:22,  1.04step/s]Training:  35%|███▍      | 1745/5000 [34:04<52:19,  1.04step/s]Training:  35%|███▍      | 1746/5000 [34:05<52:17,  1.04step/s]Training:  35%|███▍      | 1747/5000 [34:06<52:26,  1.03step/s]Training:  35%|███▍      | 1748/5000 [34:07<52:23,  1.03step/s]Training:  35%|███▍      | 1749/5000 [34:08<52:19,  1.04step/s]Training:  35%|███▌      | 1750/5000 [34:09<52:23,  1.03step/s]INFO 2026-07-17 09:20:48 ot_train.py:677 step:2K smpl:14K ep:58 epch:0.45 loss:0.032 grdn:0.669 lr:1.9e-05 updt_s:0.961 data_s:0.005 smp/s:8 mem_gb:31.43
Training:  35%|███▌      | 1751/5000 [34:10<52:18,  1.04step/s]Training:  35%|███▌      | 1752/5000 [34:11<52:15,  1.04step/s]Training:  35%|███▌      | 1753/5000 [34:12<52:11,  1.04step/s]Training:  35%|███▌      | 1754/5000 [34:13<52:20,  1.03step/s]Training:  35%|███▌      | 1755/5000 [34:14<52:28,  1.03step/s]Training:  35%|███▌      | 1756/5000 [34:15<52:18,  1.03step/s]Training:  35%|███▌      | 1757/5000 [34:16<52:17,  1.03step/s]Training:  35%|███▌      | 1758/5000 [34:17<52:10,  1.04step/s]Training:  35%|███▌      | 1759/5000 [34:18<52:03,  1.04step/s]Training:  35%|███▌      | 1760/5000 [34:19<52:03,  1.04step/s]INFO 2026-07-17 09:20:57 ot_train.py:677 step:2K smpl:14K ep:58 epch:0.45 loss:0.016 grdn:0.480 lr:1.9e-05 updt_s:0.960 data_s:0.005 smp/s:8 mem_gb:31.43
Training:  35%|███▌      | 1761/5000 [34:20<52:04,  1.04step/s]Training:  35%|███▌      | 1762/5000 [34:21<52:12,  1.03step/s]Training:  35%|███▌      | 1763/5000 [34:22<52:08,  1.03step/s]Training:  35%|███▌      | 1764/5000 [34:23<52:05,  1.04step/s]Training:  35%|███▌      | 1765/5000 [34:24<52:06,  1.03step/s]Training:  35%|███▌      | 1766/5000 [34:25<52:18,  1.03step/s]Training:  35%|███▌      | 1767/5000 [34:26<52:10,  1.03step/s]Training:  35%|███▌      | 1768/5000 [34:27<52:08,  1.03step/s]Training:  35%|███▌      | 1769/5000 [34:28<52:11,  1.03step/s]Training:  35%|███▌      | 1770/5000 [34:29<52:08,  1.03step/s]INFO 2026-07-17 09:21:07 ot_train.py:677 step:2K smpl:14K ep:58 epch:0.45 loss:0.022 grdn:0.550 lr:1.9e-05 updt_s:0.964 data_s:0.004 smp/s:8 mem_gb:31.43
Training:  35%|███▌      | 1771/5000 [34:30<52:04,  1.03step/s]Training:  35%|███▌      | 1772/5000 [34:31<52:12,  1.03step/s]Training:  35%|███▌      | 1773/5000 [34:32<52:02,  1.03step/s]Training:  35%|███▌      | 1774/5000 [34:33<51:57,  1.03step/s]Training:  36%|███▌      | 1775/5000 [34:34<51:53,  1.04step/s]Training:  36%|███▌      | 1776/5000 [34:36<1:22:42,  1.54s/step]Training:  36%|███▌      | 1777/5000 [34:37<1:13:22,  1.37s/step]Training:  36%|███▌      | 1778/5000 [34:38<1:06:52,  1.25s/step]Training:  36%|███▌      | 1779/5000 [34:39<1:02:28,  1.16s/step]Training:  36%|███▌      | 1780/5000 [34:40<59:15,  1.10s/step]  INFO 2026-07-17 09:21:18 ot_train.py:677 step:2K smpl:14K ep:59 epch:0.45 loss:0.028 grdn:0.787 lr:1.9e-05 updt_s:1.152 data_s:0.004 smp/s:7 mem_gb:31.43
Training:  36%|███▌      | 1781/5000 [34:41<57:10,  1.07s/step]Training:  36%|███▌      | 1782/5000 [34:42<55:41,  1.04s/step]Training:  36%|███▌      | 1783/5000 [34:43<54:24,  1.01s/step]Training:  36%|███▌      | 1784/5000 [34:44<53:34,  1.00step/s]Training:  36%|███▌      | 1785/5000 [34:45<53:02,  1.01step/s]Training:  36%|███▌      | 1786/5000 [34:46<52:35,  1.02step/s]Training:  36%|███▌      | 1787/5000 [34:47<52:21,  1.02step/s]Training:  36%|███▌      | 1788/5000 [34:48<52:10,  1.03step/s]Training:  36%|███▌      | 1789/5000 [34:49<52:00,  1.03step/s]Training:  36%|███▌      | 1790/5000 [34:50<52:00,  1.03step/s]INFO 2026-07-17 09:21:28 ot_train.py:677 step:2K smpl:14K ep:59 epch:0.46 loss:0.024 grdn:0.706 lr:1.9e-05 updt_s:0.963 data_s:0.005 smp/s:8 mem_gb:31.43
Training:  36%|███▌      | 1791/5000 [34:51<52:02,  1.03step/s]Training:  36%|███▌      | 1792/5000 [34:52<51:53,  1.03step/s]Training:  36%|███▌      | 1793/5000 [34:53<51:46,  1.03step/s]Training:  36%|███▌      | 1794/5000 [34:54<51:49,  1.03step/s]Training:  36%|███▌      | 1795/5000 [34:55<51:43,  1.03step/s]Training:  36%|███▌      | 1796/5000 [34:56<51:39,  1.03step/s]Training:  36%|███▌      | 1797/5000 [34:57<51:34,  1.04step/s]Training:  36%|███▌      | 1798/5000 [34:58<51:37,  1.03step/s]Training:  36%|███▌      | 1799/5000 [34:59<51:42,  1.03step/s]Training:  36%|███▌      | 1800/5000 [35:00<51:37,  1.03step/s]INFO 2026-07-17 09:21:38 ot_train.py:677 step:2K smpl:14K ep:59 epch:0.46 loss:0.014 grdn:0.463 lr:1.9e-05 updt_s:0.963 data_s:0.004 smp/s:8 mem_gb:31.43
Training:  36%|███▌      | 1801/5000 [35:01<51:47,  1.03step/s]Training:  36%|███▌      | 1802/5000 [35:02<51:46,  1.03step/s]Training:  36%|███▌      | 1803/5000 [35:03<51:38,  1.03step/s]Training:  36%|███▌      | 1804/5000 [35:03<51:29,  1.03step/s]Training:  36%|███▌      | 1805/5000 [35:04<51:23,  1.04step/s]Training:  36%|███▌      | 1806/5000 [35:05<51:22,  1.04step/s]Training:  36%|███▌      | 1807/5000 [35:06<51:27,  1.03step/s]Training:  36%|███▌      | 1808/5000 [35:07<51:21,  1.04step/s]Training:  36%|███▌      | 1809/5000 [35:08<51:26,  1.03step/s]Training:  36%|███▌      | 1810/5000 [35:09<51:36,  1.03step/s]INFO 2026-07-17 09:21:47 ot_train.py:677 step:2K smpl:14K ep:60 epch:0.46 loss:0.024 grdn:0.632 lr:1.9e-05 updt_s:0.964 data_s:0.004 smp/s:8 mem_gb:31.43
Training:  36%|███▌      | 1811/5000 [35:10<51:27,  1.03step/s]Training:  36%|███▌      | 1812/5000 [35:11<51:18,  1.04step/s]Training:  36%|███▋      | 1813/5000 [35:12<51:12,  1.04step/s]Training:  36%|███▋      | 1814/5000 [35:13<51:11,  1.04step/s]Training:  36%|███▋      | 1815/5000 [35:14<51:17,  1.03step/s]Training:  36%|███▋      | 1816/5000 [35:15<51:14,  1.04step/s]Training:  36%|███▋      | 1817/5000 [35:16<51:13,  1.04step/s]Training:  36%|███▋      | 1818/5000 [35:17<51:23,  1.03step/s]Training:  36%|███▋      | 1819/5000 [35:18<51:16,  1.03step/s]Training:  36%|███▋      | 1820/5000 [35:19<51:10,  1.04step/s]INFO 2026-07-17 09:21:57 ot_train.py:677 step:2K smpl:15K ep:60 epch:0.46 loss:0.016 grdn:0.474 lr:1.8e-05 updt_s:0.960 data_s:0.004 smp/s:8 mem_gb:31.43
Training:  36%|███▋      | 1821/5000 [35:20<51:09,  1.04step/s]Training:  36%|███▋      | 1822/5000 [35:21<51:15,  1.03step/s]Training:  36%|███▋      | 1823/5000 [35:22<51:10,  1.03step/s]Training:  36%|███▋      | 1824/5000 [35:23<51:04,  1.04step/s]Training:  36%|███▋      | 1825/5000 [35:24<51:12,  1.03step/s]Training:  37%|███▋      | 1826/5000 [35:25<51:06,  1.04step/s]Training:  37%|███▋      | 1827/5000 [35:26<51:06,  1.03step/s]Training:  37%|███▋      | 1828/5000 [35:27<51:03,  1.04step/s]Training:  37%|███▋      | 1829/5000 [35:28<51:10,  1.03step/s]Training:  37%|███▋      | 1830/5000 [35:29<51:11,  1.03step/s]INFO 2026-07-17 09:22:07 ot_train.py:677 step:2K smpl:15K ep:60 epch:0.47 loss:0.022 grdn:0.590 lr:1.8e-05 updt_s:0.963 data_s:0.005 smp/s:8 mem_gb:31.43
Training:  37%|███▋      | 1831/5000 [35:32<1:27:34,  1.66s/step]Training:  37%|███▋      | 1832/5000 [35:33<1:16:39,  1.45s/step]Training:  37%|███▋      | 1833/5000 [35:34<1:09:01,  1.31s/step]Training:  37%|███▋      | 1834/5000 [35:35<1:03:32,  1.20s/step]Training:  37%|███▋      | 1835/5000 [35:36<59:47,  1.13s/step]  Training:  37%|███▋      | 1836/5000 [35:37<57:10,  1.08s/step]Training:  37%|███▋      | 1837/5000 [35:38<55:31,  1.05s/step]Training:  37%|███▋      | 1838/5000 [35:39<54:03,  1.03s/step]Training:  37%|███▋      | 1839/5000 [35:40<53:13,  1.01s/step]Training:  37%|███▋      | 1840/5000 [35:41<52:29,  1.00step/s]INFO 2026-07-17 09:22:19 ot_train.py:677 step:2K smpl:15K ep:61 epch:0.47 loss:0.013 grdn:0.395 lr:1.8e-05 updt_s:1.194 data_s:0.005 smp/s:7 mem_gb:31.43
Training:  37%|███▋      | 1841/5000 [35:42<51:56,  1.01step/s]Training:  37%|███▋      | 1842/5000 [35:43<51:34,  1.02step/s]Training:  37%|███▋      | 1843/5000 [35:43<51:15,  1.03step/s]Training:  37%|███▋      | 1844/5000 [35:44<51:11,  1.03step/s]Training:  37%|███▋      | 1845/5000 [35:45<51:06,  1.03step/s]Training:  37%|███▋      | 1846/5000 [35:46<50:57,  1.03step/s]Training:  37%|███▋      | 1847/5000 [35:47<50:46,  1.04step/s]Training:  37%|███▋      | 1848/5000 [35:48<50:49,  1.03step/s]Training:  37%|███▋      | 1849/5000 [35:49<50:55,  1.03step/s]Training:  37%|███▋      | 1850/5000 [35:50<50:52,  1.03step/s]INFO 2026-07-17 09:22:28 ot_train.py:677 step:2K smpl:15K ep:61 epch:0.47 loss:0.022 grdn:0.529 lr:1.8e-05 updt_s:0.961 data_s:0.005 smp/s:8 mem_gb:31.43
Training:  37%|███▋      | 1851/5000 [35:51<50:46,  1.03step/s]Training:  37%|███▋      | 1852/5000 [35:52<50:45,  1.03step/s]Training:  37%|███▋      | 1853/5000 [35:53<50:53,  1.03step/s]Training:  37%|███▋      | 1854/5000 [35:54<50:54,  1.03step/s]Training:  37%|███▋      | 1855/5000 [35:55<50:49,  1.03step/s]Training:  37%|███▋      | 1856/5000 [35:56<50:48,  1.03step/s]Training:  37%|███▋      | 1857/5000 [35:57<50:45,  1.03step/s]Training:  37%|███▋      | 1858/5000 [35:58<50:38,  1.03step/s]Training:  37%|███▋      | 1859/5000 [35:59<50:33,  1.04step/s]Training:  37%|███▋      | 1860/5000 [36:00<50:31,  1.04step/s]INFO 2026-07-17 09:22:38 ot_train.py:677 step:2K smpl:15K ep:61 epch:0.47 loss:0.021 grdn:0.559 lr:1.8e-05 updt_s:0.962 data_s:0.005 smp/s:8 mem_gb:31.43
Training:  37%|███▋      | 1861/5000 [36:01<50:37,  1.03step/s]Training:  37%|███▋      | 1862/5000 [36:02<50:44,  1.03step/s]Training:  37%|███▋      | 1863/5000 [36:03<50:38,  1.03step/s]Training:  37%|███▋      | 1864/5000 [36:04<50:35,  1.03step/s]Training:  37%|███▋      | 1865/5000 [36:05<50:41,  1.03step/s]Training:  37%|███▋      | 1866/5000 [36:06<50:33,  1.03step/s]Training:  37%|███▋      | 1867/5000 [36:07<50:27,  1.04step/s]Training:  37%|███▋      | 1868/5000 [36:08<50:24,  1.04step/s]Training:  37%|███▋      | 1869/5000 [36:09<50:30,  1.03step/s]Training:  37%|███▋      | 1870/5000 [36:10<50:37,  1.03step/s]INFO 2026-07-17 09:22:48 ot_train.py:677 step:2K smpl:15K ep:62 epch:0.48 loss:0.018 grdn:0.551 lr:1.8e-05 updt_s:0.964 data_s:0.005 smp/s:8 mem_gb:31.43
Training:  37%|███▋      | 1871/5000 [36:11<50:32,  1.03step/s]Training:  37%|███▋      | 1872/5000 [36:12<50:28,  1.03step/s]Training:  37%|███▋      | 1873/5000 [36:13<50:25,  1.03step/s]Training:  37%|███▋      | 1874/5000 [36:13<50:21,  1.03step/s]Training:  38%|███▊      | 1875/5000 [36:14<50:15,  1.04step/s]Training:  38%|███▊      | 1876/5000 [36:15<50:15,  1.04step/s]Training:  38%|███▊      | 1877/5000 [36:16<50:22,  1.03step/s]Training:  38%|███▊      | 1878/5000 [36:17<50:25,  1.03step/s]Training:  38%|███▊      | 1879/5000 [36:18<50:18,  1.03step/s]Training:  38%|███▊      | 1880/5000 [36:19<50:20,  1.03step/s]INFO 2026-07-17 09:22:57 ot_train.py:677 step:2K smpl:15K ep:62 epch:0.48 loss:0.019 grdn:0.525 lr:1.8e-05 updt_s:0.961 data_s:0.005 smp/s:8 mem_gb:31.43
Training:  38%|███▊      | 1881/5000 [36:20<50:12,  1.04step/s]Training:  38%|███▊      | 1882/5000 [36:21<50:10,  1.04step/s]Training:  38%|███▊      | 1883/5000 [36:22<50:07,  1.04step/s]Training:  38%|███▊      | 1884/5000 [36:23<50:18,  1.03step/s]Training:  38%|███▊      | 1885/5000 [36:24<50:18,  1.03step/s]Training:  38%|███▊      | 1886/5000 [36:25<50:12,  1.03step/s]Training:  38%|███▊      | 1887/5000 [36:26<50:26,  1.03step/s]Training:  38%|███▊      | 1888/5000 [36:27<50:17,  1.03step/s]Training:  38%|███▊      | 1889/5000 [36:28<50:12,  1.03step/s]Training:  38%|███▊      | 1890/5000 [36:29<50:07,  1.03step/s]INFO 2026-07-17 09:23:07 ot_train.py:677 step:2K smpl:15K ep:62 epch:0.48 loss:0.011 grdn:0.426 lr:1.8e-05 updt_s:0.962 data_s:0.005 smp/s:8 mem_gb:31.43
Training:  38%|███▊      | 1891/5000 [36:32<1:27:58,  1.70s/step]Training:  38%|███▊      | 1892/5000 [36:33<1:16:36,  1.48s/step]Training:  38%|███▊      | 1893/5000 [36:34<1:08:49,  1.33s/step]Training:  38%|███▊      | 1894/5000 [36:35<1:03:02,  1.22s/step]Training:  38%|███▊      | 1895/5000 [36:36<58:59,  1.14s/step]  Training:  38%|███▊      | 1896/5000 [36:37<56:14,  1.09s/step]Training:  38%|███▊      | 1897/5000 [36:38<54:24,  1.05s/step]Training:  38%|███▊      | 1898/5000 [36:39<52:59,  1.03s/step]Training:  38%|███▊      | 1899/5000 [36:40<52:15,  1.01s/step]Training:  38%|███▊      | 1900/5000 [36:41<51:43,  1.00s/step]INFO 2026-07-17 09:23:19 ot_train.py:677 step:2K smpl:15K ep:63 epch:0.48 loss:0.013 grdn:0.444 lr:1.8e-05 updt_s:1.207 data_s:0.005 smp/s:7 mem_gb:31.43
Training:  38%|███▊      | 1901/5000 [36:42<51:25,  1.00step/s]Training:  38%|███▊      | 1902/5000 [36:43<50:50,  1.02step/s]Training:  38%|███▊      | 1903/5000 [36:44<50:29,  1.02step/s]Training:  38%|███▊      | 1904/5000 [36:45<50:11,  1.03step/s]Training:  38%|███▊      | 1905/5000 [36:46<50:04,  1.03step/s]Training:  38%|███▊      | 1906/5000 [36:47<50:12,  1.03step/s]Training:  38%|███▊      | 1907/5000 [36:48<50:03,  1.03step/s]Training:  38%|███▊      | 1908/5000 [36:49<49:58,  1.03step/s]Training:  38%|███▊      | 1909/5000 [36:50<49:56,  1.03step/s]Training:  38%|███▊      | 1910/5000 [36:51<49:48,  1.03step/s]INFO 2026-07-17 09:23:29 ot_train.py:677 step:2K smpl:15K ep:63 epch:0.49 loss:0.021 grdn:0.548 lr:1.8e-05 updt_s:0.962 data_s:0.005 smp/s:8 mem_gb:31.43
Training:  38%|███▊      | 1911/5000 [36:52<49:40,  1.04step/s]Training:  38%|███▊      | 1912/5000 [36:53<49:31,  1.04step/s]Training:  38%|███▊      | 1913/5000 [36:54<49:31,  1.04step/s]Training:  38%|███▊      | 1914/5000 [36:55<49:26,  1.04step/s]Training:  38%|███▊      | 1915/5000 [36:56<49:25,  1.04step/s]Training:  38%|███▊      | 1916/5000 [36:57<49:47,  1.03step/s]Training:  38%|███▊      | 1917/5000 [36:58<49:53,  1.03step/s]Training:  38%|███▊      | 1918/5000 [36:59<49:56,  1.03step/s]Training:  38%|███▊      | 1919/5000 [36:59<50:00,  1.03step/s]Training:  38%|███▊      | 1920/5000 [37:00<49:51,  1.03step/s]INFO 2026-07-17 09:23:39 ot_train.py:677 step:2K smpl:15K ep:63 epch:0.49 loss:0.015 grdn:0.537 lr:1.8e-05 updt_s:0.962 data_s:0.005 smp/s:8 mem_gb:31.43
Training:  38%|███▊      | 1921/5000 [37:01<49:50,  1.03step/s]Training:  38%|███▊      | 1922/5000 [37:02<49:40,  1.03step/s]Training:  38%|███▊      | 1923/5000 [37:03<49:56,  1.03step/s]Training:  38%|███▊      | 1924/5000 [37:04<49:54,  1.03step/s]Training:  38%|███▊      | 1925/5000 [37:05<49:48,  1.03step/s]Training:  39%|███▊      | 1926/5000 [37:06<49:44,  1.03step/s]Training:  39%|███▊      | 1927/5000 [37:07<49:47,  1.03step/s]Training:  39%|███▊      | 1928/5000 [37:08<49:34,  1.03step/s]Training:  39%|███▊      | 1929/5000 [37:09<49:29,  1.03step/s]Training:  39%|███▊      | 1930/5000 [37:10<49:19,  1.04step/s]INFO 2026-07-17 09:23:48 ot_train.py:677 step:2K smpl:15K ep:64 epch:0.49 loss:0.017 grdn:0.510 lr:1.8e-05 updt_s:0.963 data_s:0.005 smp/s:8 mem_gb:31.43
Training:  39%|███▊      | 1931/5000 [37:11<49:24,  1.04step/s]Training:  39%|███▊      | 1932/5000 [37:12<49:17,  1.04step/s]Training:  39%|███▊      | 1933/5000 [37:13<49:09,  1.04step/s]Training:  39%|███▊      | 1934/5000 [37:14<49:12,  1.04step/s]Training:  39%|███▊      | 1935/5000 [37:15<49:08,  1.04step/s]Training:  39%|███▊      | 1936/5000 [37:16<49:03,  1.04step/s]Training:  39%|███▊      | 1937/5000 [37:17<49:00,  1.04step/s]Training:  39%|███▉      | 1938/5000 [37:18<49:12,  1.04step/s]Training:  39%|███▉      | 1939/5000 [37:19<49:04,  1.04step/s]Training:  39%|███▉      | 1940/5000 [37:20<48:57,  1.04step/s]INFO 2026-07-17 09:23:58 ot_train.py:677 step:2K smpl:16K ep:64 epch:0.49 loss:0.022 grdn:0.591 lr:1.8e-05 updt_s:0.956 data_s:0.005 smp/s:8 mem_gb:31.43
Training:  39%|███▉      | 1941/5000 [37:21<49:03,  1.04step/s]Training:  39%|███▉      | 1942/5000 [37:22<48:59,  1.04step/s]Training:  39%|███▉      | 1943/5000 [37:23<48:54,  1.04step/s]Training:  39%|███▉      | 1944/5000 [37:24<1:01:39,  1.21s/step]Training:  39%|███▉      | 1945/5000 [37:25<57:41,  1.13s/step]  Training:  39%|███▉      | 1946/5000 [37:26<55:12,  1.08s/step]Training:  39%|███▉      | 1947/5000 [37:27<53:17,  1.05s/step]Training:  39%|███▉      | 1948/5000 [37:28<52:00,  1.02s/step]Training:  39%|███▉      | 1949/5000 [37:29<51:13,  1.01s/step]Training:  39%|███▉      | 1950/5000 [37:30<50:32,  1.01step/s]INFO 2026-07-17 09:24:08 ot_train.py:677 step:2K smpl:16K ep:64 epch:0.50 loss:0.016 grdn:0.497 lr:1.8e-05 updt_s:1.041 data_s:0.005 smp/s:8 mem_gb:31.43
Training:  39%|███▉      | 1951/5000 [37:31<50:01,  1.02step/s]Training:  39%|███▉      | 1952/5000 [37:32<49:39,  1.02step/s]Training:  39%|███▉      | 1953/5000 [37:33<49:24,  1.03step/s]Training:  39%|███▉      | 1954/5000 [37:34<49:12,  1.03step/s]Training:  39%|███▉      | 1955/5000 [37:35<49:09,  1.03step/s]Training:  39%|███▉      | 1956/5000 [37:36<49:14,  1.03step/s]Training:  39%|███▉      | 1957/5000 [37:37<49:10,  1.03step/s]Training:  39%|███▉      | 1958/5000 [37:38<49:06,  1.03step/s]Training:  39%|███▉      | 1959/5000 [37:39<49:06,  1.03step/s]Training:  39%|███▉      | 1960/5000 [37:40<49:05,  1.03step/s]INFO 2026-07-17 09:24:18 ot_train.py:677 step:2K smpl:16K ep:64 epch:0.50 loss:0.015 grdn:0.476 lr:1.8e-05 updt_s:0.961 data_s:0.004 smp/s:8 mem_gb:31.43
Training:  39%|███▉      | 1961/5000 [37:41<49:12,  1.03step/s]Training:  39%|███▉      | 1962/5000 [37:42<49:04,  1.03step/s]Training:  39%|███▉      | 1963/5000 [37:43<49:11,  1.03step/s]Training:  39%|███▉      | 1964/5000 [37:44<49:12,  1.03step/s]Training:  39%|███▉      | 1965/5000 [37:45<49:03,  1.03step/s]Training:  39%|███▉      | 1966/5000 [37:46<48:56,  1.03step/s]Training:  39%|███▉      | 1967/5000 [37:47<48:56,  1.03step/s]Training:  39%|███▉      | 1968/5000 [37:48<48:50,  1.03step/s]Training:  39%|███▉      | 1969/5000 [37:49<48:46,  1.04step/s]Training:  39%|███▉      | 1970/5000 [37:50<48:43,  1.04step/s]INFO 2026-07-17 09:24:28 ot_train.py:677 step:2K smpl:16K ep:65 epch:0.50 loss:0.023 grdn:0.599 lr:1.7e-05 updt_s:0.963 data_s:0.005 smp/s:8 mem_gb:31.43
Training:  39%|███▉      | 1971/5000 [37:51<48:39,  1.04step/s]Training:  39%|███▉      | 1972/5000 [37:51<48:47,  1.03step/s]Training:  39%|███▉      | 1973/5000 [37:52<48:41,  1.04step/s]Training:  39%|███▉      | 1974/5000 [37:53<48:38,  1.04step/s]Training:  40%|███▉      | 1975/5000 [37:54<48:46,  1.03step/s]Training:  40%|███▉      | 1976/5000 [37:55<48:40,  1.04step/s]Training:  40%|███▉      | 1977/5000 [37:56<48:37,  1.04step/s]Training:  40%|███▉      | 1978/5000 [37:57<48:32,  1.04step/s]Training:  40%|███▉      | 1979/5000 [37:58<48:38,  1.04step/s]Training:  40%|███▉      | 1980/5000 [37:59<48:40,  1.03step/s]INFO 2026-07-17 09:24:37 ot_train.py:677 step:2K smpl:16K ep:65 epch:0.51 loss:0.013 grdn:0.465 lr:1.7e-05 updt_s:0.961 data_s:0.005 smp/s:8 mem_gb:31.43
Training:  40%|███▉      | 1981/5000 [38:00<48:49,  1.03step/s]Training:  40%|███▉      | 1982/5000 [38:01<48:43,  1.03step/s]Training:  40%|███▉      | 1983/5000 [38:02<48:39,  1.03step/s]Training:  40%|███▉      | 1984/5000 [38:03<48:36,  1.03step/s]Training:  40%|███▉      | 1985/5000 [38:04<48:33,  1.03step/s]Training:  40%|███▉      | 1986/5000 [38:05<48:31,  1.04step/s]Training:  40%|███▉      | 1987/5000 [38:06<48:28,  1.04step/s]Training:  40%|███▉      | 1988/5000 [38:07<48:33,  1.03step/s]Training:  40%|███▉      | 1989/5000 [38:08<48:37,  1.03step/s]Training:  40%|███▉      | 1990/5000 [38:09<48:28,  1.03step/s]INFO 2026-07-17 09:24:47 ot_train.py:677 step:2K smpl:16K ep:65 epch:0.51 loss:0.018 grdn:0.516 lr:1.7e-05 updt_s:0.962 data_s:0.004 smp/s:8 mem_gb:31.43
Training:  40%|███▉      | 1991/5000 [38:10<48:31,  1.03step/s]Training:  40%|███▉      | 1992/5000 [38:11<48:24,  1.04step/s]Training:  40%|███▉      | 1993/5000 [38:13<1:06:33,  1.33s/step]Training:  40%|███▉      | 1994/5000 [38:14<1:00:57,  1.22s/step]Training:  40%|███▉      | 1995/5000 [38:15<57:12,  1.14s/step]  Training:  40%|███▉      | 1996/5000 [38:16<54:41,  1.09s/step]Training:  40%|███▉      | 1997/5000 [38:17<52:43,  1.05s/step]Training:  40%|███▉      | 1998/5000 [38:18<51:23,  1.03s/step]Training:  40%|███▉      | 1999/5000 [38:19<50:35,  1.01s/step]Training:  40%|████      | 2000/5000 [38:20<49:44,  1.01step/s]INFO 2026-07-17 09:24:58 ot_train.py:677 step:2K smpl:16K ep:66 epch:0.51 loss:0.020 grdn:0.554 lr:1.7e-05 updt_s:1.082 data_s:0.004 smp/s:7 mem_gb:31.43
INFO 2026-07-17 09:24:58 ot_train.py:722 Checkpoint policy after step 2000
Training:  40%|████      | 2001/5000 [38:42<6:14:01,  7.48s/step]Training:  40%|████      | 2002/5000 [38:43<4:35:48,  5.52s/step]Training:  40%|████      | 2003/5000 [38:44<3:27:02,  4.15s/step]Training:  40%|████      | 2004/5000 [38:45<2:39:02,  3.19s/step]Training:  40%|████      | 2005/5000 [38:46<2:05:19,  2.51s/step]Training:  40%|████      | 2006/5000 [38:47<1:42:19,  2.05s/step]Training:  40%|████      | 2007/5000 [38:48<1:25:44,  1.72s/step]Training:  40%|████      | 2008/5000 [38:49<1:14:06,  1.49s/step]Training:  40%|████      | 2009/5000 [38:50<1:05:57,  1.32s/step]Training:  40%|████      | 2010/5000 [38:51<1:00:22,  1.21s/step]INFO 2026-07-17 09:25:29 ot_train.py:677 step:2K smpl:16K ep:66 epch:0.51 loss:0.013 grdn:0.406 lr:1.7e-05 updt_s:0.943 data_s:0.004 smp/s:8 mem_gb:31.43
Training:  40%|████      | 2011/5000 [38:52<56:16,  1.13s/step]  Training:  40%|████      | 2012/5000 [38:53<53:54,  1.08s/step]Training:  40%|████      | 2013/5000 [38:54<52:03,  1.05s/step]Training:  40%|████      | 2014/5000 [38:55<51:01,  1.03s/step]Training:  40%|████      | 2015/5000 [38:56<49:58,  1.00s/step]Training:  40%|████      | 2016/5000 [38:57<49:36,  1.00step/s]Training:  40%|████      | 2017/5000 [38:58<49:07,  1.01step/s]Training:  40%|████      | 2018/5000 [38:59<48:56,  1.02step/s]Training:  40%|████      | 2019/5000 [39:00<48:47,  1.02step/s]Training:  40%|████      | 2020/5000 [39:01<48:36,  1.02step/s]INFO 2026-07-17 09:25:39 ot_train.py:677 step:2K smpl:16K ep:66 epch:0.52 loss:0.019 grdn:0.565 lr:1.7e-05 updt_s:0.962 data_s:0.005 smp/s:8 mem_gb:31.43
Training:  40%|████      | 2021/5000 [39:02<48:26,  1.02step/s]Training:  40%|████      | 2022/5000 [39:02<48:19,  1.03step/s]Training:  40%|████      | 2023/5000 [39:03<48:09,  1.03step/s]Training:  40%|████      | 2024/5000 [39:04<48:09,  1.03step/s]Training:  40%|████      | 2025/5000 [39:05<48:08,  1.03step/s]Training:  41%|████      | 2026/5000 [39:06<48:08,  1.03step/s]Training:  41%|████      | 2027/5000 [39:07<47:54,  1.03step/s]Training:  41%|████      | 2028/5000 [39:08<47:55,  1.03step/s]Training:  41%|████      | 2029/5000 [39:09<47:48,  1.04step/s]Training:  41%|████      | 2030/5000 [39:10<47:50,  1.03step/s]INFO 2026-07-17 09:25:48 ot_train.py:677 step:2K smpl:16K ep:67 epch:0.52 loss:0.019 grdn:0.563 lr:1.7e-05 updt_s:0.962 data_s:0.004 smp/s:8 mem_gb:31.43
Training:  41%|████      | 2031/5000 [39:11<47:50,  1.03step/s]Training:  41%|████      | 2032/5000 [39:12<47:52,  1.03step/s]Training:  41%|████      | 2033/5000 [39:13<47:42,  1.04step/s]Training:  41%|████      | 2034/5000 [39:14<47:43,  1.04step/s]Training:  41%|████      | 2035/5000 [39:15<47:25,  1.04step/s]Training:  41%|████      | 2036/5000 [39:16<47:10,  1.05step/s]Training:  41%|████      | 2037/5000 [39:17<47:13,  1.05step/s]Training:  41%|████      | 2038/5000 [39:18<47:08,  1.05step/s]Training:  41%|████      | 2039/5000 [39:19<47:06,  1.05step/s]Training:  41%|████      | 2040/5000 [39:20<47:05,  1.05step/s]INFO 2026-07-17 09:25:58 ot_train.py:677 step:2K smpl:16K ep:67 epch:0.52 loss:0.017 grdn:0.509 lr:1.7e-05 updt_s:0.952 data_s:0.004 smp/s:8 mem_gb:31.43
Training:  41%|████      | 2041/5000 [39:21<46:56,  1.05step/s]Training:  41%|████      | 2042/5000 [39:22<47:00,  1.05step/s]Training:  41%|████      | 2043/5000 [39:23<46:48,  1.05step/s]Training:  41%|████      | 2044/5000 [39:24<46:52,  1.05step/s]Training:  41%|████      | 2045/5000 [39:25<46:42,  1.05step/s]Training:  41%|████      | 2046/5000 [39:27<1:04:19,  1.31s/step]Training:  41%|████      | 2047/5000 [39:28<59:06,  1.20s/step]  Training:  41%|████      | 2048/5000 [39:29<55:18,  1.12s/step]Training:  41%|████      | 2049/5000 [39:30<52:41,  1.07s/step]Training:  41%|████      | 2050/5000 [39:30<50:46,  1.03s/step]INFO 2026-07-17 09:26:09 ot_train.py:677 step:2K smpl:16K ep:67 epch:0.52 loss:0.024 grdn:0.560 lr:1.7e-05 updt_s:1.063 data_s:0.004 smp/s:7 mem_gb:31.43
Training:  41%|████      | 2051/5000 [39:31<49:31,  1.01s/step]Training:  41%|████      | 2052/5000 [39:32<48:42,  1.01step/s]Training:  41%|████      | 2053/5000 [39:33<47:56,  1.02step/s]Training:  41%|████      | 2054/5000 [39:34<47:26,  1.03step/s]Training:  41%|████      | 2055/5000 [39:35<47:03,  1.04step/s]Training:  41%|████      | 2056/5000 [39:36<46:49,  1.05step/s]Training:  41%|████      | 2057/5000 [39:37<46:37,  1.05step/s]Training:  41%|████      | 2058/5000 [39:38<46:36,  1.05step/s]Training:  41%|████      | 2059/5000 [39:39<46:26,  1.06step/s]Training:  41%|████      | 2060/5000 [39:40<46:31,  1.05step/s]INFO 2026-07-17 09:26:18 ot_train.py:677 step:2K smpl:16K ep:68 epch:0.53 loss:0.022 grdn:0.602 lr:1.7e-05 updt_s:0.941 data_s:0.004 smp/s:8 mem_gb:31.43
Training:  41%|████      | 2061/5000 [39:41<46:20,  1.06step/s]Training:  41%|████      | 2062/5000 [39:42<46:18,  1.06step/s]Training:  41%|████▏     | 2063/5000 [39:43<46:12,  1.06step/s]Training:  41%|████▏     | 2064/5000 [39:44<46:21,  1.06step/s]Training:  41%|████▏     | 2065/5000 [39:45<46:12,  1.06step/s]Training:  41%|████▏     | 2066/5000 [39:46<46:09,  1.06step/s]Training:  41%|████▏     | 2067/5000 [39:47<46:02,  1.06step/s]Training:  41%|████▏     | 2068/5000 [39:47<46:03,  1.06step/s]Training:  41%|████▏     | 2069/5000 [39:48<46:32,  1.05step/s]Training:  41%|████▏     | 2070/5000 [39:49<46:38,  1.05step/s]INFO 2026-07-17 09:26:28 ot_train.py:677 step:2K smpl:17K ep:68 epch:0.53 loss:0.011 grdn:0.460 lr:1.7e-05 updt_s:0.943 data_s:0.005 smp/s:8 mem_gb:31.43
Training:  41%|████▏     | 2071/5000 [39:50<47:00,  1.04step/s]Training:  41%|████▏     | 2072/5000 [39:51<47:03,  1.04step/s]Training:  41%|████▏     | 2073/5000 [39:52<47:02,  1.04step/s]Training:  41%|████▏     | 2074/5000 [39:53<47:07,  1.03step/s]Training:  42%|████▏     | 2075/5000 [39:54<47:01,  1.04step/s]Training:  42%|████▏     | 2076/5000 [39:55<47:05,  1.03step/s]Training:  42%|████▏     | 2077/5000 [39:56<46:58,  1.04step/s]Training:  42%|████▏     | 2078/5000 [39:57<47:04,  1.03step/s]Training:  42%|████▏     | 2079/5000 [39:58<46:57,  1.04step/s]Training:  42%|████▏     | 2080/5000 [39:59<47:00,  1.04step/s]INFO 2026-07-17 09:26:37 ot_train.py:677 step:2K smpl:17K ep:68 epch:0.53 loss:0.016 grdn:0.482 lr:1.7e-05 updt_s:0.961 data_s:0.006 smp/s:8 mem_gb:31.43
Training:  42%|████▏     | 2081/5000 [40:00<47:03,  1.03step/s]Training:  42%|████▏     | 2082/5000 [40:01<46:54,  1.04step/s]Training:  42%|████▏     | 2083/5000 [40:02<46:52,  1.04step/s]Training:  42%|████▏     | 2084/5000 [40:03<47:00,  1.03step/s]Training:  42%|████▏     | 2085/5000 [40:04<47:07,  1.03step/s]Training:  42%|████▏     | 2086/5000 [40:05<47:02,  1.03step/s]Training:  42%|████▏     | 2087/5000 [40:06<46:57,  1.03step/s]Training:  42%|████▏     | 2088/5000 [40:07<47:11,  1.03step/s]Training:  42%|████▏     | 2089/5000 [40:08<47:09,  1.03step/s]Training:  42%|████▏     | 2090/5000 [40:09<47:04,  1.03step/s]INFO 2026-07-17 09:26:47 ot_train.py:677 step:2K smpl:17K ep:69 epch:0.53 loss:0.020 grdn:0.549 lr:1.7e-05 updt_s:0.964 data_s:0.005 smp/s:8 mem_gb:31.43
Training:  42%|████▏     | 2091/5000 [40:10<46:58,  1.03step/s]Training:  42%|████▏     | 2092/5000 [40:11<47:10,  1.03step/s]Training:  42%|████▏     | 2093/5000 [40:12<47:03,  1.03step/s]Training:  42%|████▏     | 2094/5000 [40:15<1:22:54,  1.71s/step]Training:  42%|████▏     | 2095/5000 [40:16<1:12:07,  1.49s/step]Training:  42%|████▏     | 2096/5000 [40:17<1:04:31,  1.33s/step]Training:  42%|████▏     | 2097/5000 [40:18<59:13,  1.22s/step]  Training:  42%|████▏     | 2098/5000 [40:19<55:30,  1.15s/step]Training:  42%|████▏     | 2099/5000 [40:20<53:18,  1.10s/step]Training:  42%|████▏     | 2100/5000 [40:21<51:21,  1.06s/step]INFO 2026-07-17 09:26:59 ot_train.py:677 step:2K smpl:17K ep:69 epch:0.54 loss:0.017 grdn:0.522 lr:1.7e-05 updt_s:1.214 data_s:0.005 smp/s:7 mem_gb:31.43
Training:  42%|████▏     | 2101/5000 [40:22<50:01,  1.04s/step]Training:  42%|████▏     | 2102/5000 [40:23<49:00,  1.01s/step]Training:  42%|████▏     | 2103/5000 [40:24<48:14,  1.00step/s]Training:  42%|████▏     | 2104/5000 [40:25<47:48,  1.01step/s]Training:  42%|████▏     | 2105/5000 [40:26<47:32,  1.01step/s]Training:  42%|████▏     | 2106/5000 [40:27<47:15,  1.02step/s]Training:  42%|████▏     | 2107/5000 [40:28<47:06,  1.02step/s]Training:  42%|████▏     | 2108/5000 [40:29<46:56,  1.03step/s]Training:  42%|████▏     | 2109/5000 [40:30<46:42,  1.03step/s]Training:  42%|████▏     | 2110/5000 [40:31<46:38,  1.03step/s]INFO 2026-07-17 09:27:09 ot_train.py:677 step:2K smpl:17K ep:69 epch:0.54 loss:0.018 grdn:0.537 lr:1.7e-05 updt_s:0.962 data_s:0.005 smp/s:8 mem_gb:31.43
Training:  42%|████▏     | 2111/5000 [40:32<46:37,  1.03step/s]Training:  42%|████▏     | 2112/5000 [40:33<46:33,  1.03step/s]Training:  42%|████▏     | 2113/5000 [40:34<46:29,  1.04step/s]Training:  42%|████▏     | 2114/5000 [40:35<46:27,  1.04step/s]Training:  42%|████▏     | 2115/5000 [40:35<46:15,  1.04step/s]Training:  42%|████▏     | 2116/5000 [40:36<46:07,  1.04step/s]Training:  42%|████▏     | 2117/5000 [40:37<46:14,  1.04step/s]Training:  42%|████▏     | 2118/5000 [40:38<46:21,  1.04step/s]Training:  42%|████▏     | 2119/5000 [40:39<46:13,  1.04step/s]Training:  42%|████▏     | 2120/5000 [40:40<46:08,  1.04step/s]INFO 2026-07-17 09:27:18 ot_train.py:677 step:2K smpl:17K ep:70 epch:0.54 loss:0.011 grdn:0.414 lr:1.6e-05 updt_s:0.957 data_s:0.005 smp/s:8 mem_gb:31.43
Training:  42%|████▏     | 2121/5000 [40:41<46:04,  1.04step/s]Training:  42%|████▏     | 2122/5000 [40:42<46:03,  1.04step/s]Training:  42%|████▏     | 2123/5000 [40:43<45:58,  1.04step/s]Training:  42%|████▏     | 2124/5000 [40:44<46:08,  1.04step/s]Training:  42%|████▎     | 2125/5000 [40:45<46:20,  1.03step/s]Training:  43%|████▎     | 2126/5000 [40:46<46:35,  1.03step/s]Training:  43%|████▎     | 2127/5000 [40:47<46:32,  1.03step/s]Training:  43%|████▎     | 2128/5000 [40:48<46:29,  1.03step/s]Training:  43%|████▎     | 2129/5000 [40:49<46:32,  1.03step/s]Training:  43%|████▎     | 2130/5000 [40:50<46:26,  1.03step/s]INFO 2026-07-17 09:27:28 ot_train.py:677 step:2K smpl:17K ep:70 epch:0.54 loss:0.016 grdn:0.516 lr:1.6e-05 updt_s:0.964 data_s:0.005 smp/s:8 mem_gb:31.43
Training:  43%|████▎     | 2131/5000 [40:51<46:20,  1.03step/s]Training:  43%|████▎     | 2132/5000 [40:52<46:17,  1.03step/s]Training:  43%|████▎     | 2133/5000 [40:53<46:22,  1.03step/s]Training:  43%|████▎     | 2134/5000 [40:54<46:27,  1.03step/s]Training:  43%|████▎     | 2135/5000 [40:55<46:38,  1.02step/s]Training:  43%|████▎     | 2136/5000 [40:56<46:25,  1.03step/s]Training:  43%|████▎     | 2137/5000 [40:57<46:22,  1.03step/s]Training:  43%|████▎     | 2138/5000 [40:58<46:15,  1.03step/s]Training:  43%|████▎     | 2139/5000 [40:59<46:12,  1.03step/s]Training:  43%|████▎     | 2140/5000 [41:00<46:11,  1.03step/s]INFO 2026-07-17 09:27:38 ot_train.py:677 step:2K smpl:17K ep:70 epch:0.55 loss:0.015 grdn:0.553 lr:1.6e-05 updt_s:0.965 data_s:0.005 smp/s:8 mem_gb:31.43
Training:  43%|████▎     | 2141/5000 [41:01<46:01,  1.04step/s]Training:  43%|████▎     | 2142/5000 [41:02<46:05,  1.03step/s]Training:  43%|████▎     | 2143/5000 [41:03<46:22,  1.03step/s]Training:  43%|████▎     | 2144/5000 [41:04<46:19,  1.03step/s]Training:  43%|████▎     | 2145/5000 [41:05<46:10,  1.03step/s]Training:  43%|████▎     | 2146/5000 [41:06<46:11,  1.03step/s]Training:  43%|████▎     | 2147/5000 [41:06<46:05,  1.03step/s]Training:  43%|████▎     | 2148/5000 [41:07<46:04,  1.03step/s]Training:  43%|████▎     | 2149/5000 [41:08<46:05,  1.03step/s]Training:  43%|████▎     | 2150/5000 [41:09<46:01,  1.03step/s]INFO 2026-07-17 09:27:48 ot_train.py:677 step:2K smpl:17K ep:71 epch:0.55 loss:0.014 grdn:0.497 lr:1.6e-05 updt_s:0.965 data_s:0.005 smp/s:8 mem_gb:31.43
Training:  43%|████▎     | 2151/5000 [41:10<46:16,  1.03step/s]Training:  43%|████▎     | 2152/5000 [41:11<46:08,  1.03step/s]Training:  43%|████▎     | 2153/5000 [41:12<46:00,  1.03step/s]Training:  43%|████▎     | 2154/5000 [41:13<45:58,  1.03step/s]Training:  43%|████▎     | 2155/5000 [41:14<45:54,  1.03step/s]Training:  43%|████▎     | 2156/5000 [41:15<45:49,  1.03step/s]Training:  43%|████▎     | 2157/5000 [41:16<45:44,  1.04step/s]Training:  43%|████▎     | 2158/5000 [41:17<45:55,  1.03step/s]Training:  43%|████▎     | 2159/5000 [41:18<45:50,  1.03step/s]Training:  43%|████▎     | 2160/5000 [41:19<45:47,  1.03step/s]INFO 2026-07-17 09:27:57 ot_train.py:677 step:2K smpl:17K ep:71 epch:0.55 loss:0.012 grdn:0.431 lr:1.6e-05 updt_s:0.964 data_s:0.005 smp/s:8 mem_gb:31.43
Training:  43%|████▎     | 2161/5000 [41:21<1:01:54,  1.31s/step]Training:  43%|████▎     | 2162/5000 [41:22<57:00,  1.21s/step]  Training:  43%|████▎     | 2163/5000 [41:23<53:38,  1.13s/step]Training:  43%|████▎     | 2164/5000 [41:24<51:19,  1.09s/step]Training:  43%|████▎     | 2165/5000 [41:25<49:39,  1.05s/step]Training:  43%|████▎     | 2166/5000 [41:26<48:21,  1.02s/step]Training:  43%|████▎     | 2167/5000 [41:27<47:34,  1.01s/step]Training:  43%|████▎     | 2168/5000 [41:28<46:55,  1.01step/s]Training:  43%|████▎     | 2169/5000 [41:29<46:28,  1.02step/s]Training:  43%|████▎     | 2170/5000 [41:30<46:13,  1.02step/s]INFO 2026-07-17 09:28:08 ot_train.py:677 step:2K smpl:17K ep:71 epch:0.55 loss:0.019 grdn:0.562 lr:1.6e-05 updt_s:1.076 data_s:0.004 smp/s:7 mem_gb:31.43
Training:  43%|████▎     | 2171/5000 [41:31<46:08,  1.02step/s]Training:  43%|████▎     | 2172/5000 [41:32<45:55,  1.03step/s]Training:  43%|████▎     | 2173/5000 [41:33<45:57,  1.03step/s]Training:  43%|████▎     | 2174/5000 [41:34<45:43,  1.03step/s]Training:  44%|████▎     | 2175/5000 [41:35<45:41,  1.03step/s]Training:  44%|████▎     | 2176/5000 [41:36<45:36,  1.03step/s]Training:  44%|████▎     | 2177/5000 [41:37<45:39,  1.03step/s]Training:  44%|████▎     | 2178/5000 [41:38<45:45,  1.03step/s]Training:  44%|████▎     | 2179/5000 [41:39<45:42,  1.03step/s]Training:  44%|████▎     | 2180/5000 [41:40<45:40,  1.03step/s]INFO 2026-07-17 09:28:18 ot_train.py:677 step:2K smpl:17K ep:72 epch:0.56 loss:0.016 grdn:0.502 lr:1.6e-05 updt_s:0.965 data_s:0.005 smp/s:8 mem_gb:31.43
Training:  44%|████▎     | 2181/5000 [41:41<45:41,  1.03step/s]Training:  44%|████▎     | 2182/5000 [41:42<45:30,  1.03step/s]Training:  44%|████▎     | 2183/5000 [41:42<45:30,  1.03step/s]Training:  44%|████▎     | 2184/5000 [41:43<45:24,  1.03step/s]Training:  44%|████▎     | 2185/5000 [41:44<45:23,  1.03step/s]Training:  44%|████▎     | 2186/5000 [41:45<45:21,  1.03step/s]Training:  44%|████▎     | 2187/5000 [41:46<45:03,  1.04step/s]Training:  44%|████▍     | 2188/5000 [41:47<44:46,  1.05step/s]Training:  44%|████▍     | 2189/5000 [41:48<44:41,  1.05step/s]Training:  44%|████▍     | 2190/5000 [41:49<44:31,  1.05step/s]INFO 2026-07-17 09:28:27 ot_train.py:677 step:2K smpl:18K ep:72 epch:0.56 loss:0.021 grdn:0.710 lr:1.6e-05 updt_s:0.954 data_s:0.004 smp/s:8 mem_gb:31.43
Training:  44%|████▍     | 2191/5000 [41:50<44:28,  1.05step/s]Training:  44%|████▍     | 2192/5000 [41:51<44:22,  1.05step/s]Training:  44%|████▍     | 2193/5000 [41:52<44:31,  1.05step/s]Training:  44%|████▍     | 2194/5000 [41:53<44:27,  1.05step/s]Training:  44%|████▍     | 2195/5000 [41:54<44:24,  1.05step/s]Training:  44%|████▍     | 2196/5000 [41:55<44:22,  1.05step/s]Training:  44%|████▍     | 2197/5000 [41:56<44:22,  1.05step/s]Training:  44%|████▍     | 2198/5000 [41:57<44:20,  1.05step/s]Training:  44%|████▍     | 2199/5000 [41:58<44:21,  1.05step/s]Training:  44%|████▍     | 2200/5000 [41:59<44:27,  1.05step/s]INFO 2026-07-17 09:28:37 ot_train.py:677 step:2K smpl:18K ep:72 epch:0.56 loss:0.013 grdn:0.454 lr:1.6e-05 updt_s:0.946 data_s:0.004 smp/s:8 mem_gb:31.43
Training:  44%|████▍     | 2201/5000 [42:00<44:23,  1.05step/s]Training:  44%|████▍     | 2202/5000 [42:01<44:22,  1.05step/s]Training:  44%|████▍     | 2203/5000 [42:02<44:17,  1.05step/s]Training:  44%|████▍     | 2204/5000 [42:02<44:12,  1.05step/s]Training:  44%|████▍     | 2205/5000 [42:03<44:10,  1.05step/s]Training:  44%|████▍     | 2206/5000 [42:04<44:12,  1.05step/s]Training:  44%|████▍     | 2207/5000 [42:05<44:18,  1.05step/s]Training:  44%|████▍     | 2208/5000 [42:06<44:15,  1.05step/s]Training:  44%|████▍     | 2209/5000 [42:07<44:13,  1.05step/s]Training:  44%|████▍     | 2210/5000 [42:08<44:10,  1.05step/s]INFO 2026-07-17 09:28:46 ot_train.py:677 step:2K smpl:18K ep:73 epch:0.56 loss:0.012 grdn:0.410 lr:1.6e-05 updt_s:0.945 data_s:0.004 smp/s:8 mem_gb:31.43
Training:  44%|████▍     | 2211/5000 [42:09<44:05,  1.05step/s]Training:  44%|████▍     | 2212/5000 [42:10<44:01,  1.06step/s]Training:  44%|████▍     | 2213/5000 [42:11<44:07,  1.05step/s]Training:  44%|████▍     | 2214/5000 [42:12<44:08,  1.05step/s]Training:  44%|████▍     | 2215/5000 [42:13<44:07,  1.05step/s]Training:  44%|████▍     | 2216/5000 [42:14<44:13,  1.05step/s]Training:  44%|████▍     | 2217/5000 [42:15<44:07,  1.05step/s]Training:  44%|████▍     | 2218/5000 [42:16<44:05,  1.05step/s]Training:  44%|████▍     | 2219/5000 [42:17<44:04,  1.05step/s]Training:  44%|████▍     | 2220/5000 [42:19<1:00:22,  1.30s/step]INFO 2026-07-17 09:28:57 ot_train.py:677 step:2K smpl:18K ep:73 epch:0.57 loss:0.016 grdn:0.483 lr:1.6e-05 updt_s:1.063 data_s:0.004 smp/s:7 mem_gb:31.43
Training:  44%|████▍     | 2221/5000 [42:20<55:36,  1.20s/step]  Training:  44%|████▍     | 2222/5000 [42:21<52:20,  1.13s/step]Training:  44%|████▍     | 2223/5000 [42:22<49:57,  1.08s/step]Training:  44%|████▍     | 2224/5000 [42:23<48:17,  1.04s/step]Training:  44%|████▍     | 2225/5000 [42:24<47:01,  1.02s/step]Training:  45%|████▍     | 2226/5000 [42:25<46:26,  1.00s/step]Training:  45%|████▍     | 2227/5000 [42:26<45:38,  1.01step/s]Training:  45%|████▍     | 2228/5000 [42:27<45:03,  1.03step/s]Training:  45%|████▍     | 2229/5000 [42:27<44:32,  1.04step/s]Training:  45%|████▍     | 2230/5000 [42:28<44:08,  1.05step/s]INFO 2026-07-17 09:29:07 ot_train.py:677 step:2K smpl:18K ep:73 epch:0.57 loss:0.012 grdn:0.448 lr:1.6e-05 updt_s:0.950 data_s:0.005 smp/s:8 mem_gb:31.43
Training:  45%|████▍     | 2231/5000 [42:29<43:54,  1.05step/s]Training:  45%|████▍     | 2232/5000 [42:30<43:53,  1.05step/s]Training:  45%|████▍     | 2233/5000 [42:31<43:41,  1.06step/s]Training:  45%|████▍     | 2234/5000 [42:32<43:36,  1.06step/s]Training:  45%|████▍     | 2235/5000 [42:33<43:32,  1.06step/s]Training:  45%|████▍     | 2236/5000 [42:34<43:29,  1.06step/s]Training:  45%|████▍     | 2237/5000 [42:35<43:29,  1.06step/s]Training:  45%|████▍     | 2238/5000 [42:36<43:39,  1.05step/s]Training:  45%|████▍     | 2239/5000 [42:37<43:34,  1.06step/s]Training:  45%|████▍     | 2240/5000 [42:38<43:27,  1.06step/s]INFO 2026-07-17 09:29:16 ot_train.py:677 step:2K smpl:18K ep:74 epch:0.57 loss:0.012 grdn:0.421 lr:1.6e-05 updt_s:0.939 data_s:0.004 smp/s:8 mem_gb:31.43
Training:  45%|████▍     | 2241/5000 [42:39<43:29,  1.06step/s]Training:  45%|████▍     | 2242/5000 [42:40<43:24,  1.06step/s]Training:  45%|████▍     | 2243/5000 [42:41<43:24,  1.06step/s]Training:  45%|████▍     | 2244/5000 [42:42<43:23,  1.06step/s]Training:  45%|████▍     | 2245/5000 [42:43<43:33,  1.05step/s]Training:  45%|████▍     | 2246/5000 [42:44<43:28,  1.06step/s]Training:  45%|████▍     | 2247/5000 [42:44<43:41,  1.05step/s]Training:  45%|████▍     | 2248/5000 [42:45<43:43,  1.05step/s]Training:  45%|████▍     | 2249/5000 [42:46<43:54,  1.04step/s]Training:  45%|████▌     | 2250/5000 [42:47<43:52,  1.04step/s]INFO 2026-07-17 09:29:26 ot_train.py:677 step:2K smpl:18K ep:74 epch:0.57 loss:0.017 grdn:0.643 lr:1.6e-05 updt_s:0.947 data_s:0.005 smp/s:8 mem_gb:31.43
Training:  45%|████▌     | 2251/5000 [42:48<43:57,  1.04step/s]Training:  45%|████▌     | 2252/5000 [42:49<43:58,  1.04step/s]Training:  45%|████▌     | 2253/5000 [42:50<44:06,  1.04step/s]Training:  45%|████▌     | 2254/5000 [42:51<44:03,  1.04step/s]Training:  45%|████▌     | 2255/5000 [42:52<44:06,  1.04step/s]Training:  45%|████▌     | 2256/5000 [42:53<43:56,  1.04step/s]Training:  45%|████▌     | 2257/5000 [42:54<43:58,  1.04step/s]Training:  45%|████▌     | 2258/5000 [42:55<43:56,  1.04step/s]Training:  45%|████▌     | 2259/5000 [42:56<44:01,  1.04step/s]Training:  45%|████▌     | 2260/5000 [42:57<44:07,  1.03step/s]INFO 2026-07-17 09:29:35 ot_train.py:677 step:2K smpl:18K ep:74 epch:0.58 loss:0.014 grdn:0.488 lr:1.5e-05 updt_s:0.959 data_s:0.005 smp/s:8 mem_gb:31.43
Training:  45%|████▌     | 2261/5000 [42:58<44:01,  1.04step/s]Training:  45%|████▌     | 2262/5000 [42:59<43:57,  1.04step/s]Training:  45%|████▌     | 2263/5000 [43:00<44:03,  1.04step/s]Training:  45%|████▌     | 2264/5000 [43:01<44:00,  1.04step/s]Training:  45%|████▌     | 2265/5000 [43:02<43:54,  1.04step/s]Training:  45%|████▌     | 2266/5000 [43:03<43:51,  1.04step/s]Training:  45%|████▌     | 2267/5000 [43:04<44:00,  1.03step/s]Training:  45%|████▌     | 2268/5000 [43:05<44:01,  1.03step/s]Training:  45%|████▌     | 2269/5000 [43:06<43:53,  1.04step/s]Training:  45%|████▌     | 2270/5000 [43:07<43:53,  1.04step/s]INFO 2026-07-17 09:29:45 ot_train.py:677 step:2K smpl:18K ep:75 epch:0.58 loss:0.022 grdn:0.839 lr:1.5e-05 updt_s:0.959 data_s:0.005 smp/s:8 mem_gb:31.43
Training:  45%|████▌     | 2271/5000 [43:08<43:49,  1.04step/s]Training:  45%|████▌     | 2272/5000 [43:09<43:47,  1.04step/s]Training:  45%|████▌     | 2273/5000 [43:10<43:47,  1.04step/s]Training:  45%|████▌     | 2274/5000 [43:11<55:08,  1.21s/step]Training:  46%|████▌     | 2275/5000 [43:12<51:33,  1.14s/step]Training:  46%|████▌     | 2276/5000 [43:13<49:08,  1.08s/step]Training:  46%|████▌     | 2277/5000 [43:14<47:25,  1.05s/step]Training:  46%|████▌     | 2278/5000 [43:15<46:14,  1.02s/step]Training:  46%|████▌     | 2279/5000 [43:16<45:28,  1.00s/step]Training:  46%|████▌     | 2280/5000 [43:17<45:01,  1.01step/s]INFO 2026-07-17 09:29:55 ot_train.py:677 step:2K smpl:18K ep:75 epch:0.58 loss:0.009 grdn:0.370 lr:1.5e-05 updt_s:1.040 data_s:0.005 smp/s:8 mem_gb:31.43
Training:  46%|████▌     | 2281/5000 [43:18<44:32,  1.02step/s]Training:  46%|████▌     | 2282/5000 [43:19<44:15,  1.02step/s]Training:  46%|████▌     | 2283/5000 [43:20<43:57,  1.03step/s]Training:  46%|████▌     | 2284/5000 [43:21<43:47,  1.03step/s]Training:  46%|████▌     | 2285/5000 [43:22<43:39,  1.04step/s]Training:  46%|████▌     | 2286/5000 [43:23<43:45,  1.03step/s]Training:  46%|████▌     | 2287/5000 [43:24<43:38,  1.04step/s]Training:  46%|████▌     | 2288/5000 [43:25<43:32,  1.04step/s]Training:  46%|████▌     | 2289/5000 [43:26<43:27,  1.04step/s]Training:  46%|████▌     | 2290/5000 [43:27<43:24,  1.04step/s]INFO 2026-07-17 09:30:05 ot_train.py:677 step:2K smpl:18K ep:75 epch:0.58 loss:0.020 grdn:0.638 lr:1.5e-05 updt_s:0.955 data_s:0.005 smp/s:8 mem_gb:31.43
Training:  46%|████▌     | 2291/5000 [43:28<43:21,  1.04step/s]Training:  46%|████▌     | 2292/5000 [43:29<43:30,  1.04step/s]Training:  46%|████▌     | 2293/5000 [43:30<43:25,  1.04step/s]Training:  46%|████▌     | 2294/5000 [43:31<43:22,  1.04step/s]Training:  46%|████▌     | 2295/5000 [43:32<43:18,  1.04step/s]Training:  46%|████▌     | 2296/5000 [43:32<43:15,  1.04step/s]Training:  46%|████▌     | 2297/5000 [43:33<43:14,  1.04step/s]Training:  46%|████▌     | 2298/5000 [43:34<43:25,  1.04step/s]Training:  46%|████▌     | 2299/5000 [43:35<43:28,  1.04step/s]Training:  46%|████▌     | 2300/5000 [43:36<43:23,  1.04step/s]INFO 2026-07-17 09:30:15 ot_train.py:677 step:2K smpl:18K ep:76 epch:0.59 loss:0.010 grdn:0.349 lr:1.5e-05 updt_s:0.958 data_s:0.005 smp/s:8 mem_gb:31.43
Training:  46%|████▌     | 2301/5000 [43:37<43:27,  1.04step/s]Training:  46%|████▌     | 2302/5000 [43:38<43:21,  1.04step/s]Training:  46%|████▌     | 2303/5000 [43:39<43:15,  1.04step/s]Training:  46%|████▌     | 2304/5000 [43:40<43:15,  1.04step/s]Training:  46%|████▌     | 2305/5000 [43:41<43:15,  1.04step/s]Training:  46%|████▌     | 2306/5000 [43:42<43:24,  1.03step/s]Training:  46%|████▌     | 2307/5000 [43:43<43:17,  1.04step/s]Training:  46%|████▌     | 2308/5000 [43:44<43:18,  1.04step/s]Training:  46%|████▌     | 2309/5000 [43:45<43:11,  1.04step/s]Training:  46%|████▌     | 2310/5000 [43:46<43:07,  1.04step/s]INFO 2026-07-17 09:30:24 ot_train.py:677 step:2K smpl:18K ep:76 epch:0.59 loss:0.016 grdn:0.449 lr:1.5e-05 updt_s:0.958 data_s:0.005 smp/s:8 mem_gb:31.43
Training:  46%|████▌     | 2311/5000 [43:47<43:04,  1.04step/s]Training:  46%|████▌     | 2312/5000 [43:48<43:05,  1.04step/s]Training:  46%|████▋     | 2313/5000 [43:49<43:16,  1.03step/s]Training:  46%|████▋     | 2314/5000 [43:50<43:18,  1.03step/s]Training:  46%|████▋     | 2315/5000 [43:51<43:09,  1.04step/s]Training:  46%|████▋     | 2316/5000 [43:52<43:13,  1.03step/s]Training:  46%|████▋     | 2317/5000 [43:53<43:06,  1.04step/s]Training:  46%|████▋     | 2318/5000 [43:54<43:06,  1.04step/s]Training:  46%|████▋     | 2319/5000 [43:55<43:01,  1.04step/s]Training:  46%|████▋     | 2320/5000 [43:56<43:03,  1.04step/s]INFO 2026-07-17 09:30:34 ot_train.py:677 step:2K smpl:19K ep:76 epch:0.59 loss:0.020 grdn:0.610 lr:1.5e-05 updt_s:0.959 data_s:0.005 smp/s:8 mem_gb:31.43
Training:  46%|████▋     | 2321/5000 [43:57<43:11,  1.03step/s]Training:  46%|████▋     | 2322/5000 [43:58<43:03,  1.04step/s]Training:  46%|████▋     | 2323/5000 [43:59<43:01,  1.04step/s]Training:  46%|████▋     | 2324/5000 [43:59<42:55,  1.04step/s]Training:  46%|████▋     | 2325/5000 [44:00<42:52,  1.04step/s]Training:  47%|████▋     | 2326/5000 [44:01<42:49,  1.04step/s]Training:  47%|████▋     | 2327/5000 [44:02<42:49,  1.04step/s]Training:  47%|████▋     | 2328/5000 [44:03<42:57,  1.04step/s]Training:  47%|████▋     | 2329/5000 [44:04<42:52,  1.04step/s]Training:  47%|████▋     | 2330/5000 [44:05<42:51,  1.04step/s]INFO 2026-07-17 09:30:43 ot_train.py:677 step:2K smpl:19K ep:77 epch:0.59 loss:0.012 grdn:0.436 lr:1.5e-05 updt_s:0.958 data_s:0.005 smp/s:8 mem_gb:31.43
Training:  47%|████▋     | 2331/5000 [44:06<42:47,  1.04step/s]Training:  47%|████▋     | 2332/5000 [44:07<42:44,  1.04step/s]Training:  47%|████▋     | 2333/5000 [44:08<42:42,  1.04step/s]Training:  47%|████▋     | 2334/5000 [44:10<53:36,  1.21s/step]Training:  47%|████▋     | 2335/5000 [44:11<50:14,  1.13s/step]Training:  47%|████▋     | 2336/5000 [44:12<47:54,  1.08s/step]Training:  47%|████▋     | 2337/5000 [44:13<46:22,  1.04s/step]Training:  47%|████▋     | 2338/5000 [44:14<45:18,  1.02s/step]Training:  47%|████▋     | 2339/5000 [44:15<44:38,  1.01s/step]Training:  47%|████▋     | 2340/5000 [44:16<44:00,  1.01step/s]INFO 2026-07-17 09:30:54 ot_train.py:677 step:2K smpl:19K ep:77 epch:0.60 loss:0.023 grdn:0.623 lr:1.5e-05 updt_s:1.038 data_s:0.005 smp/s:8 mem_gb:31.43
Training:  47%|████▋     | 2341/5000 [44:17<43:32,  1.02step/s]Training:  47%|████▋     | 2342/5000 [44:18<43:14,  1.02step/s]Training:  47%|████▋     | 2343/5000 [44:19<42:58,  1.03step/s]Training:  47%|████▋     | 2344/5000 [44:20<42:48,  1.03step/s]Training:  47%|████▋     | 2345/5000 [44:20<42:47,  1.03step/s]Training:  47%|████▋     | 2346/5000 [44:21<42:44,  1.04step/s]Training:  47%|████▋     | 2347/5000 [44:22<42:39,  1.04step/s]Training:  47%|████▋     | 2348/5000 [44:23<42:39,  1.04step/s]Training:  47%|████▋     | 2349/5000 [44:24<42:30,  1.04step/s]Training:  47%|████▋     | 2350/5000 [44:25<42:36,  1.04step/s]INFO 2026-07-17 09:31:03 ot_train.py:677 step:2K smpl:19K ep:77 epch:0.60 loss:0.017 grdn:0.504 lr:1.5e-05 updt_s:0.956 data_s:0.005 smp/s:8 mem_gb:31.43
Training:  47%|████▋     | 2351/5000 [44:26<42:27,  1.04step/s]Training:  47%|████▋     | 2352/5000 [44:27<42:28,  1.04step/s]Training:  47%|████▋     | 2353/5000 [44:28<42:25,  1.04step/s]Training:  47%|████▋     | 2354/5000 [44:29<42:26,  1.04step/s]Training:  47%|████▋     | 2355/5000 [44:30<42:24,  1.04step/s]Training:  47%|████▋     | 2356/5000 [44:31<42:25,  1.04step/s]Training:  47%|████▋     | 2357/5000 [44:32<42:22,  1.04step/s]Training:  47%|████▋     | 2358/5000 [44:33<42:21,  1.04step/s]Training:  47%|████▋     | 2359/5000 [44:34<42:22,  1.04step/s]Training:  47%|████▋     | 2360/5000 [44:35<42:25,  1.04step/s]INFO 2026-07-17 09:31:13 ot_train.py:677 step:2K smpl:19K ep:78 epch:0.60 loss:0.014 grdn:0.475 lr:1.5e-05 updt_s:0.957 data_s:0.005 smp/s:8 mem_gb:31.43
Training:  47%|████▋     | 2361/5000 [44:36<42:27,  1.04step/s]Training:  47%|████▋     | 2362/5000 [44:37<42:25,  1.04step/s]Training:  47%|████▋     | 2363/5000 [44:38<42:22,  1.04step/s]Training:  47%|████▋     | 2364/5000 [44:39<42:18,  1.04step/s]Training:  47%|████▋     | 2365/5000 [44:40<42:13,  1.04step/s]Training:  47%|████▋     | 2366/5000 [44:41<42:17,  1.04step/s]Training:  47%|████▋     | 2367/5000 [44:42<42:20,  1.04step/s]Training:  47%|████▋     | 2368/5000 [44:43<42:13,  1.04step/s]Training:  47%|████▋     | 2369/5000 [44:44<42:00,  1.04step/s]Training:  47%|████▋     | 2370/5000 [44:45<41:49,  1.05step/s]INFO 2026-07-17 09:31:23 ot_train.py:677 step:2K smpl:19K ep:78 epch:0.60 loss:0.013 grdn:0.467 lr:1.5e-05 updt_s:0.954 data_s:0.005 smp/s:8 mem_gb:31.43
Training:  47%|████▋     | 2371/5000 [44:45<41:43,  1.05step/s]Training:  47%|████▋     | 2372/5000 [44:46<41:38,  1.05step/s]Training:  47%|████▋     | 2373/5000 [44:47<41:33,  1.05step/s]Training:  47%|████▋     | 2374/5000 [44:48<41:40,  1.05step/s]Training:  48%|████▊     | 2375/5000 [44:49<41:30,  1.05step/s]Training:  48%|████▊     | 2376/5000 [44:50<41:26,  1.06step/s]Training:  48%|████▊     | 2377/5000 [44:51<41:20,  1.06step/s]Training:  48%|████▊     | 2378/5000 [44:52<41:20,  1.06step/s]Training:  48%|████▊     | 2379/5000 [44:53<41:19,  1.06step/s]Training:  48%|████▊     | 2380/5000 [44:54<41:27,  1.05step/s]INFO 2026-07-17 09:31:32 ot_train.py:677 step:2K smpl:19K ep:78 epch:0.61 loss:0.023 grdn:0.586 lr:1.5e-05 updt_s:0.943 data_s:0.004 smp/s:8 mem_gb:31.43
Training:  48%|████▊     | 2381/5000 [44:55<41:18,  1.06step/s]Training:  48%|████▊     | 2382/5000 [44:56<41:26,  1.05step/s]Training:  48%|████▊     | 2383/5000 [44:57<41:18,  1.06step/s]Training:  48%|████▊     | 2384/5000 [44:58<41:14,  1.06step/s]Training:  48%|████▊     | 2385/5000 [44:59<41:21,  1.05step/s]Training:  48%|████▊     | 2386/5000 [45:00<41:14,  1.06step/s]Training:  48%|████▊     | 2387/5000 [45:01<41:09,  1.06step/s]Training:  48%|████▊     | 2388/5000 [45:02<52:08,  1.20s/step]Training:  48%|████▊     | 2389/5000 [45:03<48:41,  1.12s/step]Training:  48%|████▊     | 2390/5000 [45:04<46:29,  1.07s/step]INFO 2026-07-17 09:31:42 ot_train.py:677 step:2K smpl:19K ep:79 epch:0.61 loss:0.011 grdn:0.429 lr:1.5e-05 updt_s:1.025 data_s:0.004 smp/s:8 mem_gb:31.43
Training:  48%|████▊     | 2391/5000 [45:05<44:43,  1.03s/step]Training:  48%|████▊     | 2392/5000 [45:06<43:35,  1.00s/step]Training:  48%|████▊     | 2393/5000 [45:07<42:42,  1.02step/s]Training:  48%|████▊     | 2394/5000 [45:08<42:37,  1.02step/s]Training:  48%|████▊     | 2395/5000 [45:09<42:21,  1.03step/s]Training:  48%|████▊     | 2396/5000 [45:10<42:12,  1.03step/s]Training:  48%|████▊     | 2397/5000 [45:11<41:48,  1.04step/s]Training:  48%|████▊     | 2398/5000 [45:12<41:35,  1.04step/s]Training:  48%|████▊     | 2399/5000 [45:13<41:20,  1.05step/s]Training:  48%|████▊     | 2400/5000 [45:14<41:17,  1.05step/s]INFO 2026-07-17 09:31:52 ot_train.py:677 step:2K smpl:19K ep:79 epch:0.61 loss:0.011 grdn:0.426 lr:1.4e-05 updt_s:0.946 data_s:0.004 smp/s:8 mem_gb:31.43
Training:  48%|████▊     | 2401/5000 [45:15<41:06,  1.05step/s]Training:  48%|████▊     | 2402/5000 [45:16<41:11,  1.05step/s]Training:  48%|████▊     | 2403/5000 [45:17<41:03,  1.05step/s]Training:  48%|████▊     | 2404/5000 [45:18<41:07,  1.05step/s]Training:  48%|████▊     | 2405/5000 [45:19<41:00,  1.05step/s]Training:  48%|████▊     | 2406/5000 [45:19<41:00,  1.05step/s]Training:  48%|████▊     | 2407/5000 [45:20<41:07,  1.05step/s]Training:  48%|████▊     | 2408/5000 [45:21<41:04,  1.05step/s]Training:  48%|████▊     | 2409/5000 [45:22<40:57,  1.05step/s]Training:  48%|████▊     | 2410/5000 [45:23<40:55,  1.05step/s]INFO 2026-07-17 09:32:01 ot_train.py:677 step:2K smpl:19K ep:79 epch:0.61 loss:0.014 grdn:0.529 lr:1.4e-05 updt_s:0.943 data_s:0.004 smp/s:8 mem_gb:31.43
Training:  48%|████▊     | 2411/5000 [45:24<40:55,  1.05step/s]Training:  48%|████▊     | 2412/5000 [45:25<41:09,  1.05step/s]Training:  48%|████▊     | 2413/5000 [45:26<41:29,  1.04step/s]Training:  48%|████▊     | 2414/5000 [45:27<41:30,  1.04step/s]Training:  48%|████▊     | 2415/5000 [45:28<41:28,  1.04step/s]Training:  48%|████▊     | 2416/5000 [45:29<41:28,  1.04step/s]Training:  48%|████▊     | 2417/5000 [45:30<41:28,  1.04step/s]Training:  48%|████▊     | 2418/5000 [45:31<41:25,  1.04step/s]Training:  48%|████▊     | 2419/5000 [45:32<41:40,  1.03step/s]Training:  48%|████▊     | 2420/5000 [45:33<41:33,  1.03step/s]INFO 2026-07-17 09:32:11 ot_train.py:677 step:2K smpl:19K ep:80 epch:0.62 loss:0.021 grdn:0.690 lr:1.4e-05 updt_s:0.960 data_s:0.005 smp/s:8 mem_gb:31.43
Training:  48%|████▊     | 2421/5000 [45:34<41:34,  1.03step/s]Training:  48%|████▊     | 2422/5000 [45:35<41:26,  1.04step/s]Training:  48%|████▊     | 2423/5000 [45:36<41:21,  1.04step/s]Training:  48%|████▊     | 2424/5000 [45:37<41:18,  1.04step/s]Training:  48%|████▊     | 2425/5000 [45:38<41:24,  1.04step/s]Training:  49%|████▊     | 2426/5000 [45:39<41:24,  1.04step/s]Training:  49%|████▊     | 2427/5000 [45:40<41:21,  1.04step/s]Training:  49%|████▊     | 2428/5000 [45:41<41:15,  1.04step/s]Training:  49%|████▊     | 2429/5000 [45:42<41:11,  1.04step/s]Training:  49%|████▊     | 2430/5000 [45:43<41:11,  1.04step/s]INFO 2026-07-17 09:32:21 ot_train.py:677 step:2K smpl:19K ep:80 epch:0.62 loss:0.011 grdn:0.422 lr:1.4e-05 updt_s:0.957 data_s:0.005 smp/s:8 mem_gb:31.43
Training:  49%|████▊     | 2431/5000 [45:44<41:15,  1.04step/s]Training:  49%|████▊     | 2432/5000 [45:45<41:16,  1.04step/s]Training:  49%|████▊     | 2433/5000 [45:45<41:11,  1.04step/s]Training:  49%|████▊     | 2434/5000 [45:46<41:14,  1.04step/s]Training:  49%|████▊     | 2435/5000 [45:47<41:10,  1.04step/s]Training:  49%|████▊     | 2436/5000 [45:48<41:09,  1.04step/s]Training:  49%|████▊     | 2437/5000 [45:52<1:10:19,  1.65s/step]Training:  49%|████▉     | 2438/5000 [45:53<1:01:26,  1.44s/step]Training:  49%|████▉     | 2439/5000 [45:54<55:21,  1.30s/step]  Training:  49%|████▉     | 2440/5000 [45:54<51:02,  1.20s/step]INFO 2026-07-17 09:32:33 ot_train.py:677 step:2K smpl:20K ep:80 epch:0.62 loss:0.011 grdn:0.444 lr:1.4e-05 updt_s:1.185 data_s:0.005 smp/s:7 mem_gb:31.43
Training:  49%|████▉     | 2441/5000 [45:55<48:01,  1.13s/step]Training:  49%|████▉     | 2442/5000 [45:56<45:54,  1.08s/step]Training:  49%|████▉     | 2443/5000 [45:57<44:25,  1.04s/step]Training:  49%|████▉     | 2444/5000 [45:58<43:23,  1.02s/step]Training:  49%|████▉     | 2445/5000 [45:59<42:36,  1.00s/step]Training:  49%|████▉     | 2446/5000 [46:00<42:17,  1.01step/s]Training:  49%|████▉     | 2447/5000 [46:01<41:52,  1.02step/s]Training:  49%|████▉     | 2448/5000 [46:02<41:31,  1.02step/s]Training:  49%|████▉     | 2449/5000 [46:03<41:23,  1.03step/s]Training:  49%|████▉     | 2450/5000 [46:04<41:13,  1.03step/s]INFO 2026-07-17 09:32:42 ot_train.py:677 step:2K smpl:20K ep:81 epch:0.62 loss:0.018 grdn:0.498 lr:1.4e-05 updt_s:0.957 data_s:0.005 smp/s:8 mem_gb:31.43
Training:  49%|████▉     | 2451/5000 [46:05<41:05,  1.03step/s]Training:  49%|████▉     | 2452/5000 [46:06<41:01,  1.04step/s]Training:  49%|████▉     | 2453/5000 [46:07<41:01,  1.03step/s]Training:  49%|████▉     | 2454/5000 [46:08<40:59,  1.04step/s]Training:  49%|████▉     | 2455/5000 [46:09<40:47,  1.04step/s]Training:  49%|████▉     | 2456/5000 [46:10<40:51,  1.04step/s]Training:  49%|████▉     | 2457/5000 [46:11<40:36,  1.04step/s]Training:  49%|████▉     | 2458/5000 [46:12<40:30,  1.05step/s]Training:  49%|████▉     | 2459/5000 [46:13<40:19,  1.05step/s]Training:  49%|████▉     | 2460/5000 [46:14<40:21,  1.05step/s]INFO 2026-07-17 09:32:52 ot_train.py:677 step:2K smpl:20K ep:81 epch:0.63 loss:0.010 grdn:0.397 lr:1.4e-05 updt_s:0.952 data_s:0.005 smp/s:8 mem_gb:31.43
Training:  49%|████▉     | 2461/5000 [46:15<40:25,  1.05step/s]Training:  49%|████▉     | 2462/5000 [46:16<40:32,  1.04step/s]Training:  49%|████▉     | 2463/5000 [46:17<40:30,  1.04step/s]Training:  49%|████▉     | 2464/5000 [46:18<40:33,  1.04step/s]Training:  49%|████▉     | 2465/5000 [46:18<40:33,  1.04step/s]Training:  49%|████▉     | 2466/5000 [46:19<40:41,  1.04step/s]Training:  49%|████▉     | 2467/5000 [46:20<40:43,  1.04step/s]Training:  49%|████▉     | 2468/5000 [46:21<40:40,  1.04step/s]Training:  49%|████▉     | 2469/5000 [46:22<40:40,  1.04step/s]Training:  49%|████▉     | 2470/5000 [46:23<40:40,  1.04step/s]INFO 2026-07-17 09:33:02 ot_train.py:677 step:2K smpl:20K ep:81 epch:0.63 loss:0.015 grdn:0.493 lr:1.4e-05 updt_s:0.958 data_s:0.005 smp/s:8 mem_gb:31.43
Training:  49%|████▉     | 2471/5000 [46:24<40:31,  1.04step/s]Training:  49%|████▉     | 2472/5000 [46:25<40:33,  1.04step/s]Training:  49%|████▉     | 2473/5000 [46:26<40:38,  1.04step/s]Training:  49%|████▉     | 2474/5000 [46:27<40:40,  1.04step/s]Training:  50%|████▉     | 2475/5000 [46:28<40:30,  1.04step/s]Training:  50%|████▉     | 2476/5000 [46:29<40:39,  1.03step/s]Training:  50%|████▉     | 2477/5000 [46:30<40:29,  1.04step/s]Training:  50%|████▉     | 2478/5000 [46:31<40:27,  1.04step/s]Training:  50%|████▉     | 2479/5000 [46:32<40:30,  1.04step/s]Training:  50%|████▉     | 2480/5000 [46:33<40:35,  1.03step/s]INFO 2026-07-17 09:33:11 ot_train.py:677 step:2K smpl:20K ep:82 epch:0.63 loss:0.011 grdn:0.475 lr:1.4e-05 updt_s:0.959 data_s:0.005 smp/s:8 mem_gb:31.43
Training:  50%|████▉     | 2481/5000 [46:34<40:27,  1.04step/s]Training:  50%|████▉     | 2482/5000 [46:35<40:32,  1.04step/s]Training:  50%|████▉     | 2483/5000 [46:36<40:22,  1.04step/s]Training:  50%|████▉     | 2484/5000 [46:37<40:21,  1.04step/s]Training:  50%|████▉     | 2485/5000 [46:38<40:13,  1.04step/s]Training:  50%|████▉     | 2486/5000 [46:39<40:26,  1.04step/s]Training:  50%|████▉     | 2487/5000 [46:40<40:17,  1.04step/s]Training:  50%|████▉     | 2488/5000 [46:41<40:15,  1.04step/s]Training:  50%|████▉     | 2489/5000 [46:42<40:06,  1.04step/s]Training:  50%|████▉     | 2490/5000 [46:43<40:01,  1.05step/s]INFO 2026-07-17 09:33:21 ot_train.py:677 step:2K smpl:20K ep:82 epch:0.64 loss:0.010 grdn:0.370 lr:1.4e-05 updt_s:0.954 data_s:0.005 smp/s:8 mem_gb:31.43
Training:  50%|████▉     | 2491/5000 [46:44<39:52,  1.05step/s]Training:  50%|████▉     | 2492/5000 [46:44<39:49,  1.05step/s]Training:  50%|████▉     | 2493/5000 [46:45<39:52,  1.05step/s]Training:  50%|████▉     | 2494/5000 [46:46<39:45,  1.05step/s]Training:  50%|████▉     | 2495/5000 [46:47<39:41,  1.05step/s]Training:  50%|████▉     | 2496/5000 [46:48<39:40,  1.05step/s]Training:  50%|████▉     | 2497/5000 [46:49<39:35,  1.05step/s]Training:  50%|████▉     | 2498/5000 [46:50<39:33,  1.05step/s]Training:  50%|████▉     | 2499/5000 [46:51<39:35,  1.05step/s]Training:  50%|█████     | 2500/5000 [46:52<39:41,  1.05step/s]INFO 2026-07-17 09:33:30 ot_train.py:677 step:2K smpl:20K ep:82 epch:0.64 loss:0.011 grdn:0.443 lr:1.4e-05 updt_s:0.945 data_s:0.005 smp/s:8 mem_gb:31.43
Training:  50%|█████     | 2501/5000 [46:53<39:32,  1.05step/s]Training:  50%|█████     | 2502/5000 [46:54<39:33,  1.05step/s]Training:  50%|█████     | 2503/5000 [46:55<39:25,  1.06step/s]Training:  50%|█████     | 2504/5000 [46:57<54:30,  1.31s/step]Training:  50%|█████     | 2505/5000 [46:58<49:51,  1.20s/step]Training:  50%|█████     | 2506/5000 [46:59<46:39,  1.12s/step]Training:  50%|█████     | 2507/5000 [47:00<44:32,  1.07s/step]Training:  50%|█████     | 2508/5000 [47:01<42:56,  1.03s/step]Training:  50%|█████     | 2509/5000 [47:02<41:49,  1.01s/step]Training:  50%|█████     | 2510/5000 [47:03<41:02,  1.01step/s]INFO 2026-07-17 09:33:41 ot_train.py:677 step:3K smpl:20K ep:83 epch:0.64 loss:0.013 grdn:0.431 lr:1.4e-05 updt_s:1.062 data_s:0.004 smp/s:8 mem_gb:31.43
Training:  50%|█████     | 2511/5000 [47:04<40:29,  1.02step/s]Training:  50%|█████     | 2512/5000 [47:05<40:06,  1.03step/s]Training:  50%|█████     | 2513/5000 [47:06<39:58,  1.04step/s]Training:  50%|█████     | 2514/5000 [47:07<39:44,  1.04step/s]Training:  50%|█████     | 2515/5000 [47:07<39:31,  1.05step/s]Training:  50%|█████     | 2516/5000 [47:08<39:31,  1.05step/s]Training:  50%|█████     | 2517/5000 [47:09<39:28,  1.05step/s]Training:  50%|█████     | 2518/5000 [47:10<39:25,  1.05step/s]Training:  50%|█████     | 2519/5000 [47:11<39:21,  1.05step/s]Training:  50%|█████     | 2520/5000 [47:12<39:23,  1.05step/s]INFO 2026-07-17 09:33:50 ot_train.py:677 step:3K smpl:20K ep:83 epch:0.64 loss:0.015 grdn:0.483 lr:1.4e-05 updt_s:0.945 data_s:0.005 smp/s:8 mem_gb:31.43
Training:  50%|█████     | 2521/5000 [47:13<39:15,  1.05step/s]Training:  50%|█████     | 2522/5000 [47:14<39:15,  1.05step/s]Training:  50%|█████     | 2523/5000 [47:15<39:06,  1.06step/s]Training:  50%|█████     | 2524/5000 [47:16<39:04,  1.06step/s]Training:  50%|█████     | 2525/5000 [47:17<39:00,  1.06step/s]Training:  51%|█████     | 2526/5000 [47:18<39:08,  1.05step/s]Training:  51%|█████     | 2527/5000 [47:19<39:04,  1.05step/s]Training:  51%|█████     | 2528/5000 [47:20<39:05,  1.05step/s]Training:  51%|█████     | 2529/5000 [47:21<38:59,  1.06step/s]Training:  51%|█████     | 2530/5000 [47:22<38:53,  1.06step/s]INFO 2026-07-17 09:34:00 ot_train.py:677 step:3K smpl:20K ep:83 epch:0.65 loss:0.017 grdn:0.514 lr:1.4e-05 updt_s:0.941 data_s:0.004 smp/s:8 mem_gb:31.43
Training:  51%|█████     | 2531/5000 [47:23<38:53,  1.06step/s]Training:  51%|█████     | 2532/5000 [47:24<38:55,  1.06step/s]Training:  51%|█████     | 2533/5000 [47:25<38:52,  1.06step/s]Training:  51%|█████     | 2534/5000 [47:25<38:56,  1.06step/s]Training:  51%|█████     | 2535/5000 [47:26<38:51,  1.06step/s]Training:  51%|█████     | 2536/5000 [47:27<38:50,  1.06step/s]Training:  51%|█████     | 2537/5000 [47:28<39:01,  1.05step/s]Training:  51%|█████     | 2538/5000 [47:29<38:53,  1.05step/s]Training:  51%|█████     | 2539/5000 [47:30<38:52,  1.06step/s]Training:  51%|█████     | 2540/5000 [47:31<38:50,  1.06step/s]INFO 2026-07-17 09:34:09 ot_train.py:677 step:3K smpl:20K ep:84 epch:0.65 loss:0.009 grdn:0.419 lr:1.3e-05 updt_s:0.943 data_s:0.004 smp/s:8 mem_gb:31.43
Training:  51%|█████     | 2541/5000 [47:32<38:51,  1.05step/s]Training:  51%|█████     | 2542/5000 [47:33<38:57,  1.05step/s]Training:  51%|█████     | 2543/5000 [47:34<38:54,  1.05step/s]Training:  51%|█████     | 2544/5000 [47:35<38:48,  1.05step/s]Training:  51%|█████     | 2545/5000 [47:36<38:48,  1.05step/s]Training:  51%|█████     | 2546/5000 [47:37<38:44,  1.06step/s]Training:  51%|█████     | 2547/5000 [47:38<38:42,  1.06step/s]Training:  51%|█████     | 2548/5000 [47:39<38:51,  1.05step/s]Training:  51%|█████     | 2549/5000 [47:40<38:46,  1.05step/s]Training:  51%|█████     | 2550/5000 [47:41<38:41,  1.06step/s]INFO 2026-07-17 09:34:19 ot_train.py:677 step:3K smpl:20K ep:84 epch:0.65 loss:0.010 grdn:0.370 lr:1.3e-05 updt_s:0.944 data_s:0.004 smp/s:8 mem_gb:31.43
Training:  51%|█████     | 2551/5000 [47:42<38:43,  1.05step/s]Training:  51%|█████     | 2552/5000 [47:43<38:41,  1.05step/s]Training:  51%|█████     | 2553/5000 [47:43<38:38,  1.06step/s]Training:  51%|█████     | 2554/5000 [47:44<38:31,  1.06step/s]Training:  51%|█████     | 2555/5000 [47:45<38:38,  1.05step/s]Training:  51%|█████     | 2556/5000 [47:46<38:37,  1.05step/s]Training:  51%|█████     | 2557/5000 [47:47<38:33,  1.06step/s]Training:  51%|█████     | 2558/5000 [47:48<38:31,  1.06step/s]Training:  51%|█████     | 2559/5000 [47:49<38:26,  1.06step/s]Training:  51%|█████     | 2560/5000 [47:50<38:20,  1.06step/s]INFO 2026-07-17 09:34:28 ot_train.py:677 step:3K smpl:20K ep:84 epch:0.65 loss:0.018 grdn:0.504 lr:1.3e-05 updt_s:0.941 data_s:0.004 smp/s:8 mem_gb:31.43
Training:  51%|█████     | 2561/5000 [47:51<38:21,  1.06step/s]Training:  51%|█████     | 2562/5000 [47:52<38:25,  1.06step/s]Training:  51%|█████▏    | 2563/5000 [47:54<52:46,  1.30s/step]Training:  51%|█████▏    | 2564/5000 [47:55<48:22,  1.19s/step]Training:  51%|█████▏    | 2565/5000 [47:56<45:24,  1.12s/step]Training:  51%|█████▏    | 2566/5000 [47:57<43:13,  1.07s/step]Training:  51%|█████▏    | 2567/5000 [47:58<41:43,  1.03s/step]Training:  51%|█████▏    | 2568/5000 [47:59<40:38,  1.00s/step]Training:  51%|█████▏    | 2569/5000 [48:00<40:01,  1.01step/s]Training:  51%|█████▏    | 2570/5000 [48:01<39:27,  1.03step/s]INFO 2026-07-17 09:34:39 ot_train.py:677 step:3K smpl:21K ep:85 epch:0.66 loss:0.013 grdn:0.531 lr:1.3e-05 updt_s:1.059 data_s:0.004 smp/s:8 mem_gb:31.43
Training:  51%|█████▏    | 2571/5000 [48:02<39:03,  1.04step/s]Training:  51%|█████▏    | 2572/5000 [48:03<38:53,  1.04step/s]Training:  51%|█████▏    | 2573/5000 [48:04<38:40,  1.05step/s]Training:  51%|█████▏    | 2574/5000 [48:05<38:37,  1.05step/s]Training:  52%|█████▏    | 2575/5000 [48:05<38:29,  1.05step/s]Training:  52%|█████▏    | 2576/5000 [48:06<38:28,  1.05step/s]Training:  52%|█████▏    | 2577/5000 [48:07<38:25,  1.05step/s]Training:  52%|█████▏    | 2578/5000 [48:08<38:17,  1.05step/s]Training:  52%|█████▏    | 2579/5000 [48:09<38:21,  1.05step/s]Training:  52%|█████▏    | 2580/5000 [48:10<38:18,  1.05step/s]INFO 2026-07-17 09:34:48 ot_train.py:677 step:3K smpl:21K ep:85 epch:0.66 loss:0.015 grdn:0.485 lr:1.3e-05 updt_s:0.944 data_s:0.004 smp/s:8 mem_gb:31.43
Training:  52%|█████▏    | 2581/5000 [48:11<38:13,  1.05step/s]Training:  52%|█████▏    | 2582/5000 [48:12<38:08,  1.06step/s]Training:  52%|█████▏    | 2583/5000 [48:13<38:13,  1.05step/s]Training:  52%|█████▏    | 2584/5000 [48:14<38:11,  1.05step/s]Training:  52%|█████▏    | 2585/5000 [48:15<38:09,  1.06step/s]Training:  52%|█████▏    | 2586/5000 [48:16<38:11,  1.05step/s]Training:  52%|█████▏    | 2587/5000 [48:17<38:19,  1.05step/s]Training:  52%|█████▏    | 2588/5000 [48:18<38:17,  1.05step/s]Training:  52%|█████▏    | 2589/5000 [48:19<38:18,  1.05step/s]Training:  52%|█████▏    | 2590/5000 [48:20<38:25,  1.05step/s]INFO 2026-07-17 09:34:58 ot_train.py:677 step:3K smpl:21K ep:85 epch:0.66 loss:0.014 grdn:0.483 lr:1.3e-05 updt_s:0.947 data_s:0.004 smp/s:8 mem_gb:31.43
Training:  52%|█████▏    | 2591/5000 [48:21<38:18,  1.05step/s]Training:  52%|█████▏    | 2592/5000 [48:22<38:14,  1.05step/s]Training:  52%|█████▏    | 2593/5000 [48:23<38:09,  1.05step/s]Training:  52%|█████▏    | 2594/5000 [48:24<38:05,  1.05step/s]Training:  52%|█████▏    | 2595/5000 [48:24<38:02,  1.05step/s]Training:  52%|█████▏    | 2596/5000 [48:25<38:07,  1.05step/s]Training:  52%|█████▏    | 2597/5000 [48:26<38:20,  1.04step/s]Training:  52%|█████▏    | 2598/5000 [48:27<38:24,  1.04step/s]Training:  52%|█████▏    | 2599/5000 [48:28<38:29,  1.04step/s]Training:  52%|█████▏    | 2600/5000 [48:29<38:33,  1.04step/s]INFO 2026-07-17 09:35:08 ot_train.py:677 step:3K smpl:21K ep:86 epch:0.66 loss:0.012 grdn:0.400 lr:1.3e-05 updt_s:0.952 data_s:0.004 smp/s:8 mem_gb:31.43
Training:  52%|█████▏    | 2601/5000 [48:30<38:30,  1.04step/s]Training:  52%|█████▏    | 2602/5000 [48:31<38:30,  1.04step/s]Training:  52%|█████▏    | 2603/5000 [48:32<38:39,  1.03step/s]Training:  52%|█████▏    | 2604/5000 [48:33<38:39,  1.03step/s]Training:  52%|█████▏    | 2605/5000 [48:34<38:30,  1.04step/s]Training:  52%|█████▏    | 2606/5000 [48:35<38:29,  1.04step/s]Training:  52%|█████▏    | 2607/5000 [48:36<38:21,  1.04step/s]Training:  52%|█████▏    | 2608/5000 [48:37<38:18,  1.04step/s]Training:  52%|█████▏    | 2609/5000 [48:38<38:16,  1.04step/s]Training:  52%|█████▏    | 2610/5000 [48:39<38:22,  1.04step/s]INFO 2026-07-17 09:35:17 ot_train.py:677 step:3K smpl:21K ep:86 epch:0.67 loss:0.010 grdn:0.436 lr:1.3e-05 updt_s:0.958 data_s:0.005 smp/s:8 mem_gb:31.43
Training:  52%|█████▏    | 2611/5000 [48:40<38:06,  1.04step/s]Training:  52%|█████▏    | 2612/5000 [48:41<37:55,  1.05step/s]Training:  52%|█████▏    | 2613/5000 [48:42<37:59,  1.05step/s]Training:  52%|█████▏    | 2614/5000 [48:43<38:07,  1.04step/s]Training:  52%|█████▏    | 2615/5000 [48:44<38:10,  1.04step/s]Training:  52%|█████▏    | 2616/5000 [48:45<38:15,  1.04step/s]Training:  52%|█████▏    | 2617/5000 [48:48<1:03:08,  1.59s/step]Training:  52%|█████▏    | 2618/5000 [48:49<55:39,  1.40s/step]  Training:  52%|█████▏    | 2619/5000 [48:50<50:28,  1.27s/step]Training:  52%|█████▏    | 2620/5000 [48:51<47:01,  1.19s/step]INFO 2026-07-17 09:35:29 ot_train.py:677 step:3K smpl:21K ep:86 epch:0.67 loss:0.010 grdn:0.408 lr:1.3e-05 updt_s:1.166 data_s:0.005 smp/s:7 mem_gb:31.43
Training:  52%|█████▏    | 2621/5000 [48:52<44:24,  1.12s/step]Training:  52%|█████▏    | 2622/5000 [48:53<42:53,  1.08s/step]Training:  52%|█████▏    | 2623/5000 [48:54<41:51,  1.06s/step]Training:  52%|█████▏    | 2624/5000 [48:55<41:09,  1.04s/step]Training:  52%|█████▎    | 2625/5000 [48:56<40:21,  1.02s/step]Training:  53%|█████▎    | 2626/5000 [48:57<40:09,  1.02s/step]Training:  53%|█████▎    | 2627/5000 [48:58<39:47,  1.01s/step]Training:  53%|█████▎    | 2628/5000 [48:59<39:20,  1.00step/s]Training:  53%|█████▎    | 2629/5000 [49:00<38:59,  1.01step/s]Training:  53%|█████▎    | 2630/5000 [49:01<38:52,  1.02step/s]INFO 2026-07-17 09:35:39 ot_train.py:677 step:3K smpl:21K ep:87 epch:0.67 loss:0.010 grdn:0.424 lr:1.3e-05 updt_s:0.977 data_s:0.005 smp/s:8 mem_gb:31.43
Training:  53%|█████▎    | 2631/5000 [49:02<39:01,  1.01step/s]Training:  53%|█████▎    | 2632/5000 [49:02<38:46,  1.02step/s]Training:  53%|█████▎    | 2633/5000 [49:03<38:45,  1.02step/s]Training:  53%|█████▎    | 2634/5000 [49:04<38:46,  1.02step/s]Training:  53%|█████▎    | 2635/5000 [49:05<38:36,  1.02step/s]Training:  53%|█████▎    | 2636/5000 [49:06<38:34,  1.02step/s]Training:  53%|█████▎    | 2637/5000 [49:07<38:40,  1.02step/s]Training:  53%|█████▎    | 2638/5000 [49:08<38:36,  1.02step/s]Training:  53%|█████▎    | 2639/5000 [49:09<38:39,  1.02step/s]Training:  53%|█████▎    | 2640/5000 [49:10<38:28,  1.02step/s]INFO 2026-07-17 09:35:48 ot_train.py:677 step:3K smpl:21K ep:87 epch:0.67 loss:0.010 grdn:0.427 lr:1.3e-05 updt_s:0.975 data_s:0.005 smp/s:8 mem_gb:31.43
Training:  53%|█████▎    | 2641/5000 [49:11<38:28,  1.02step/s]Training:  53%|█████▎    | 2642/5000 [49:12<38:18,  1.03step/s]Training:  53%|█████▎    | 2643/5000 [49:13<38:16,  1.03step/s]Training:  53%|█████▎    | 2644/5000 [49:14<38:14,  1.03step/s]Training:  53%|█████▎    | 2645/5000 [49:15<38:17,  1.03step/s]Training:  53%|█████▎    | 2646/5000 [49:16<38:19,  1.02step/s]Training:  53%|█████▎    | 2647/5000 [49:17<38:15,  1.02step/s]Training:  53%|█████▎    | 2648/5000 [49:18<38:09,  1.03step/s]Training:  53%|█████▎    | 2649/5000 [49:19<38:07,  1.03step/s]Training:  53%|█████▎    | 2650/5000 [49:20<38:03,  1.03step/s]INFO 2026-07-17 09:35:58 ot_train.py:677 step:3K smpl:21K ep:87 epch:0.68 loss:0.013 grdn:0.492 lr:1.3e-05 updt_s:0.967 data_s:0.005 smp/s:8 mem_gb:31.43
Training:  53%|█████▎    | 2651/5000 [49:21<38:03,  1.03step/s]Training:  53%|█████▎    | 2652/5000 [49:22<38:02,  1.03step/s]Training:  53%|█████▎    | 2653/5000 [49:23<38:04,  1.03step/s]Training:  53%|█████▎    | 2654/5000 [49:24<38:04,  1.03step/s]Training:  53%|█████▎    | 2655/5000 [49:25<38:04,  1.03step/s]Training:  53%|█████▎    | 2656/5000 [49:26<38:01,  1.03step/s]Training:  53%|█████▎    | 2657/5000 [49:27<38:02,  1.03step/s]Training:  53%|█████▎    | 2658/5000 [49:28<38:04,  1.03step/s]Training:  53%|█████▎    | 2659/5000 [49:29<38:02,  1.03step/s]Training:  53%|█████▎    | 2660/5000 [49:30<37:57,  1.03step/s]INFO 2026-07-17 09:36:08 ot_train.py:677 step:3K smpl:21K ep:88 epch:0.68 loss:0.012 grdn:0.434 lr:1.3e-05 updt_s:0.968 data_s:0.005 smp/s:8 mem_gb:31.43
Training:  53%|█████▎    | 2661/5000 [49:31<38:00,  1.03step/s]Training:  53%|█████▎    | 2662/5000 [49:32<38:00,  1.03step/s]Training:  53%|█████▎    | 2663/5000 [49:33<38:02,  1.02step/s]Training:  53%|█████▎    | 2664/5000 [49:34<38:05,  1.02step/s]Training:  53%|█████▎    | 2665/5000 [49:35<38:12,  1.02step/s]Training:  53%|█████▎    | 2666/5000 [49:36<38:03,  1.02step/s]Training:  53%|█████▎    | 2667/5000 [49:37<37:59,  1.02step/s]Training:  53%|█████▎    | 2668/5000 [49:38<37:52,  1.03step/s]Training:  53%|█████▎    | 2669/5000 [49:39<37:54,  1.02step/s]Training:  53%|█████▎    | 2670/5000 [49:40<37:50,  1.03step/s]INFO 2026-07-17 09:36:18 ot_train.py:677 step:3K smpl:21K ep:88 epch:0.68 loss:0.011 grdn:0.438 lr:1.3e-05 updt_s:0.971 data_s:0.005 smp/s:8 mem_gb:31.43
Training:  53%|█████▎    | 2671/5000 [49:41<37:45,  1.03step/s]Training:  53%|█████▎    | 2672/5000 [49:41<37:45,  1.03step/s]Training:  53%|█████▎    | 2673/5000 [49:42<37:41,  1.03step/s]Training:  53%|█████▎    | 2674/5000 [49:43<37:33,  1.03step/s]Training:  54%|█████▎    | 2675/5000 [49:44<37:37,  1.03step/s]Training:  54%|█████▎    | 2676/5000 [49:45<37:33,  1.03step/s]Training:  54%|█████▎    | 2677/5000 [49:49<1:02:54,  1.62s/step]Training:  54%|█████▎    | 2678/5000 [49:49<55:15,  1.43s/step]  Training:  54%|█████▎    | 2679/5000 [49:50<49:58,  1.29s/step]Training:  54%|█████▎    | 2680/5000 [49:51<46:16,  1.20s/step]INFO 2026-07-17 09:36:30 ot_train.py:677 step:3K smpl:21K ep:88 epch:0.68 loss:0.015 grdn:0.477 lr:1.3e-05 updt_s:1.183 data_s:0.005 smp/s:7 mem_gb:31.43
Training:  54%|█████▎    | 2681/5000 [49:52<43:49,  1.13s/step]Training:  54%|█████▎    | 2682/5000 [49:53<41:51,  1.08s/step]Training:  54%|█████▎    | 2683/5000 [49:54<40:33,  1.05s/step]Training:  54%|█████▎    | 2684/5000 [49:55<39:41,  1.03s/step]Training:  54%|█████▎    | 2685/5000 [49:56<39:03,  1.01s/step]Training:  54%|█████▎    | 2686/5000 [49:57<38:30,  1.00step/s]Training:  54%|█████▎    | 2687/5000 [49:58<38:12,  1.01step/s]Training:  54%|█████▍    | 2688/5000 [49:59<37:55,  1.02step/s]Training:  54%|█████▍    | 2689/5000 [50:00<37:53,  1.02step/s]Training:  54%|█████▍    | 2690/5000 [50:01<37:39,  1.02step/s]INFO 2026-07-17 09:36:39 ot_train.py:677 step:3K smpl:22K ep:89 epch:0.69 loss:0.011 grdn:0.425 lr:1.2e-05 updt_s:0.968 data_s:0.005 smp/s:8 mem_gb:31.43
Training:  54%|█████▍    | 2691/5000 [50:02<37:39,  1.02step/s]Training:  54%|█████▍    | 2692/5000 [50:03<37:35,  1.02step/s]Training:  54%|█████▍    | 2693/5000 [50:04<37:32,  1.02step/s]Training:  54%|█████▍    | 2694/5000 [50:05<37:24,  1.03step/s]Training:  54%|█████▍    | 2695/5000 [50:06<37:32,  1.02step/s]Training:  54%|█████▍    | 2696/5000 [50:07<37:34,  1.02step/s]Training:  54%|█████▍    | 2697/5000 [50:08<37:34,  1.02step/s]Training:  54%|█████▍    | 2698/5000 [50:09<37:25,  1.03step/s]Training:  54%|█████▍    | 2699/5000 [50:10<37:24,  1.03step/s]Training:  54%|█████▍    | 2700/5000 [50:11<37:25,  1.02step/s]INFO 2026-07-17 09:36:49 ot_train.py:677 step:3K smpl:22K ep:89 epch:0.69 loss:0.010 grdn:0.348 lr:1.2e-05 updt_s:0.971 data_s:0.005 smp/s:8 mem_gb:31.43
Training:  54%|█████▍    | 2701/5000 [50:12<37:24,  1.02step/s]Training:  54%|█████▍    | 2702/5000 [50:13<37:20,  1.03step/s]Training:  54%|█████▍    | 2703/5000 [50:14<37:20,  1.03step/s]Training:  54%|█████▍    | 2704/5000 [50:15<37:24,  1.02step/s]Training:  54%|█████▍    | 2705/5000 [50:16<37:20,  1.02step/s]Training:  54%|█████▍    | 2706/5000 [50:17<37:17,  1.03step/s]Training:  54%|█████▍    | 2707/5000 [50:18<37:17,  1.02step/s]Training:  54%|█████▍    | 2708/5000 [50:19<37:09,  1.03step/s]Training:  54%|█████▍    | 2709/5000 [50:20<37:08,  1.03step/s]Training:  54%|█████▍    | 2710/5000 [50:21<37:03,  1.03step/s]INFO 2026-07-17 09:36:59 ot_train.py:677 step:3K smpl:22K ep:89 epch:0.69 loss:0.007 grdn:0.362 lr:1.2e-05 updt_s:0.968 data_s:0.005 smp/s:8 mem_gb:31.43
Training:  54%|█████▍    | 2711/5000 [50:22<37:11,  1.03step/s]Training:  54%|█████▍    | 2712/5000 [50:23<36:59,  1.03step/s]Training:  54%|█████▍    | 2713/5000 [50:24<37:03,  1.03step/s]Training:  54%|█████▍    | 2714/5000 [50:25<36:51,  1.03step/s]Training:  54%|█████▍    | 2715/5000 [50:26<36:47,  1.04step/s]Training:  54%|█████▍    | 2716/5000 [50:26<36:53,  1.03step/s]Training:  54%|█████▍    | 2717/5000 [50:27<37:00,  1.03step/s]Training:  54%|█████▍    | 2718/5000 [50:28<36:58,  1.03step/s]Training:  54%|█████▍    | 2719/5000 [50:29<36:53,  1.03step/s]Training:  54%|█████▍    | 2720/5000 [50:30<36:58,  1.03step/s]INFO 2026-07-17 09:37:09 ot_train.py:677 step:3K smpl:22K ep:89 epch:0.69 loss:0.016 grdn:0.563 lr:1.2e-05 updt_s:0.965 data_s:0.005 smp/s:8 mem_gb:31.43
Training:  54%|█████▍    | 2721/5000 [50:31<36:55,  1.03step/s]Training:  54%|█████▍    | 2722/5000 [50:32<36:54,  1.03step/s]Training:  54%|█████▍    | 2723/5000 [50:33<36:59,  1.03step/s]Training:  54%|█████▍    | 2724/5000 [50:34<36:56,  1.03step/s]Training:  55%|█████▍    | 2725/5000 [50:35<36:51,  1.03step/s]Training:  55%|█████▍    | 2726/5000 [50:36<36:54,  1.03step/s]Training:  55%|█████▍    | 2727/5000 [50:37<36:49,  1.03step/s]Training:  55%|█████▍    | 2728/5000 [50:38<36:49,  1.03step/s]Training:  55%|█████▍    | 2729/5000 [50:39<36:51,  1.03step/s]Training:  55%|█████▍    | 2730/5000 [50:40<36:56,  1.02step/s]INFO 2026-07-17 09:37:18 ot_train.py:677 step:3K smpl:22K ep:90 epch:0.70 loss:0.012 grdn:0.462 lr:1.2e-05 updt_s:0.968 data_s:0.006 smp/s:8 mem_gb:31.43
Training:  55%|█████▍    | 2731/5000 [50:43<1:01:06,  1.62s/step]Training:  55%|█████▍    | 2732/5000 [50:44<53:44,  1.42s/step]  Training:  55%|█████▍    | 2733/5000 [50:45<48:30,  1.28s/step]Training:  55%|█████▍    | 2734/5000 [50:46<44:53,  1.19s/step]Training:  55%|█████▍    | 2735/5000 [50:47<42:29,  1.13s/step]Training:  55%|█████▍    | 2736/5000 [50:48<40:53,  1.08s/step]Training:  55%|█████▍    | 2737/5000 [50:49<39:36,  1.05s/step]Training:  55%|█████▍    | 2738/5000 [50:50<38:44,  1.03s/step]Training:  55%|█████▍    | 2739/5000 [50:51<38:08,  1.01s/step]Training:  55%|█████▍    | 2740/5000 [50:52<37:42,  1.00s/step]INFO 2026-07-17 09:37:30 ot_train.py:677 step:3K smpl:22K ep:90 epch:0.70 loss:0.008 grdn:0.365 lr:1.2e-05 updt_s:1.181 data_s:0.006 smp/s:7 mem_gb:31.43
Training:  55%|█████▍    | 2741/5000 [50:53<37:19,  1.01step/s]Training:  55%|█████▍    | 2742/5000 [50:54<37:07,  1.01step/s]Training:  55%|█████▍    | 2743/5000 [50:55<36:58,  1.02step/s]Training:  55%|█████▍    | 2744/5000 [50:56<36:59,  1.02step/s]Training:  55%|█████▍    | 2745/5000 [50:57<36:48,  1.02step/s]Training:  55%|█████▍    | 2746/5000 [50:58<36:39,  1.02step/s]Training:  55%|█████▍    | 2747/5000 [50:59<36:33,  1.03step/s]Training:  55%|█████▍    | 2748/5000 [51:00<36:32,  1.03step/s]Training:  55%|█████▍    | 2749/5000 [51:01<36:28,  1.03step/s]Training:  55%|█████▌    | 2750/5000 [51:02<36:30,  1.03step/s]INFO 2026-07-17 09:37:40 ot_train.py:677 step:3K smpl:22K ep:90 epch:0.70 loss:0.012 grdn:0.476 lr:1.2e-05 updt_s:0.967 data_s:0.005 smp/s:8 mem_gb:31.43
Training:  55%|█████▌    | 2751/5000 [51:03<36:34,  1.02step/s]Training:  55%|█████▌    | 2752/5000 [51:04<36:33,  1.03step/s]Training:  55%|█████▌    | 2753/5000 [51:05<36:29,  1.03step/s]Training:  55%|█████▌    | 2754/5000 [51:06<36:34,  1.02step/s]Training:  55%|█████▌    | 2755/5000 [51:07<36:27,  1.03step/s]Training:  55%|█████▌    | 2756/5000 [51:08<36:34,  1.02step/s]Training:  55%|█████▌    | 2757/5000 [51:09<36:28,  1.03step/s]Training:  55%|█████▌    | 2758/5000 [51:10<36:24,  1.03step/s]Training:  55%|█████▌    | 2759/5000 [51:11<36:36,  1.02step/s]Training:  55%|█████▌    | 2760/5000 [51:11<36:30,  1.02step/s]INFO 2026-07-17 09:37:50 ot_train.py:677 step:3K smpl:22K ep:91 epch:0.70 loss:0.011 grdn:0.417 lr:1.2e-05 updt_s:0.971 data_s:0.005 smp/s:8 mem_gb:31.43
Training:  55%|█████▌    | 2761/5000 [51:12<36:22,  1.03step/s]Training:  55%|█████▌    | 2762/5000 [51:13<36:23,  1.02step/s]Training:  55%|█████▌    | 2763/5000 [51:14<36:11,  1.03step/s]Training:  55%|█████▌    | 2764/5000 [51:15<36:14,  1.03step/s]Training:  55%|█████▌    | 2765/5000 [51:16<36:12,  1.03step/s]Training:  55%|█████▌    | 2766/5000 [51:17<36:16,  1.03step/s]Training:  55%|█████▌    | 2767/5000 [51:18<36:12,  1.03step/s]Training:  55%|█████▌    | 2768/5000 [51:19<36:09,  1.03step/s]Training:  55%|█████▌    | 2769/5000 [51:20<36:10,  1.03step/s]Training:  55%|█████▌    | 2770/5000 [51:21<36:09,  1.03step/s]INFO 2026-07-17 09:37:59 ot_train.py:677 step:3K smpl:22K ep:91 epch:0.71 loss:0.016 grdn:0.570 lr:1.2e-05 updt_s:0.966 data_s:0.006 smp/s:8 mem_gb:31.43
Training:  55%|█████▌    | 2771/5000 [51:22<36:05,  1.03step/s]Training:  55%|█████▌    | 2772/5000 [51:23<35:57,  1.03step/s]Training:  55%|█████▌    | 2773/5000 [51:24<36:08,  1.03step/s]Training:  55%|█████▌    | 2774/5000 [51:25<36:00,  1.03step/s]Training:  56%|█████▌    | 2775/5000 [51:26<36:02,  1.03step/s]Training:  56%|█████▌    | 2776/5000 [51:27<35:59,  1.03step/s]Training:  56%|█████▌    | 2777/5000 [51:28<36:01,  1.03step/s]Training:  56%|█████▌    | 2778/5000 [51:29<35:54,  1.03step/s]Training:  56%|█████▌    | 2779/5000 [51:30<35:57,  1.03step/s]Training:  56%|█████▌    | 2780/5000 [51:33<59:42,  1.61s/step]INFO 2026-07-17 09:38:11 ot_train.py:677 step:3K smpl:22K ep:91 epch:0.71 loss:0.015 grdn:0.510 lr:1.2e-05 updt_s:1.180 data_s:0.005 smp/s:7 mem_gb:31.43
Training:  56%|█████▌    | 2781/5000 [51:34<52:27,  1.42s/step]Training:  56%|█████▌    | 2782/5000 [51:35<47:18,  1.28s/step]Training:  56%|█████▌    | 2783/5000 [51:36<43:45,  1.18s/step]Training:  56%|█████▌    | 2784/5000 [51:37<41:17,  1.12s/step]Training:  56%|█████▌    | 2785/5000 [51:38<39:39,  1.07s/step]Training:  56%|█████▌    | 2786/5000 [51:39<38:29,  1.04s/step]Training:  56%|█████▌    | 2787/5000 [51:40<37:31,  1.02s/step]Training:  56%|█████▌    | 2788/5000 [51:41<36:57,  1.00s/step]Training:  56%|█████▌    | 2789/5000 [51:42<36:29,  1.01step/s]Training:  56%|█████▌    | 2790/5000 [51:43<36:14,  1.02step/s]INFO 2026-07-17 09:38:21 ot_train.py:677 step:3K smpl:22K ep:92 epch:0.71 loss:0.009 grdn:0.367 lr:1.2e-05 updt_s:0.958 data_s:0.006 smp/s:8 mem_gb:31.43
Training:  56%|█████▌    | 2791/5000 [51:44<35:58,  1.02step/s]Training:  56%|█████▌    | 2792/5000 [51:45<35:49,  1.03step/s]Training:  56%|█████▌    | 2793/5000 [51:46<35:47,  1.03step/s]Training:  56%|█████▌    | 2794/5000 [51:47<35:37,  1.03step/s]Training:  56%|█████▌    | 2795/5000 [51:48<35:31,  1.03step/s]Training:  56%|█████▌    | 2796/5000 [51:49<35:35,  1.03step/s]Training:  56%|█████▌    | 2797/5000 [51:49<35:28,  1.04step/s]Training:  56%|█████▌    | 2798/5000 [51:50<35:22,  1.04step/s]Training:  56%|█████▌    | 2799/5000 [51:51<35:19,  1.04step/s]Training:  56%|█████▌    | 2800/5000 [51:52<35:25,  1.04step/s]INFO 2026-07-17 09:38:31 ot_train.py:677 step:3K smpl:22K ep:92 epch:0.71 loss:0.014 grdn:0.468 lr:1.2e-05 updt_s:0.958 data_s:0.006 smp/s:8 mem_gb:31.43
Training:  56%|█████▌    | 2801/5000 [51:53<35:27,  1.03step/s]Training:  56%|█████▌    | 2802/5000 [51:54<35:24,  1.03step/s]Training:  56%|█████▌    | 2803/5000 [51:55<35:25,  1.03step/s]Training:  56%|█████▌    | 2804/5000 [51:56<35:18,  1.04step/s]Training:  56%|█████▌    | 2805/5000 [51:57<35:14,  1.04step/s]Training:  56%|█████▌    | 2806/5000 [51:58<35:13,  1.04step/s]Training:  56%|█████▌    | 2807/5000 [51:59<35:23,  1.03step/s]Training:  56%|█████▌    | 2808/5000 [52:00<35:17,  1.04step/s]Training:  56%|█████▌    | 2809/5000 [52:01<35:11,  1.04step/s]Training:  56%|█████▌    | 2810/5000 [52:02<35:14,  1.04step/s]INFO 2026-07-17 09:38:40 ot_train.py:677 step:3K smpl:22K ep:92 epch:0.72 loss:0.014 grdn:0.431 lr:1.2e-05 updt_s:0.959 data_s:0.005 smp/s:8 mem_gb:31.43
Training:  56%|█████▌    | 2811/5000 [52:03<35:09,  1.04step/s]Training:  56%|█████▌    | 2812/5000 [52:04<35:09,  1.04step/s]Training:  56%|█████▋    | 2813/5000 [52:05<35:08,  1.04step/s]Training:  56%|█████▋    | 2814/5000 [52:06<35:11,  1.04step/s]Training:  56%|█████▋    | 2815/5000 [52:07<35:10,  1.04step/s]Training:  56%|█████▋    | 2816/5000 [52:08<35:06,  1.04step/s]Training:  56%|█████▋    | 2817/5000 [52:09<35:10,  1.03step/s]Training:  56%|█████▋    | 2818/5000 [52:10<35:04,  1.04step/s]Training:  56%|█████▋    | 2819/5000 [52:11<34:59,  1.04step/s]Training:  56%|█████▋    | 2820/5000 [52:12<35:08,  1.03step/s]INFO 2026-07-17 09:38:50 ot_train.py:677 step:3K smpl:23K ep:93 epch:0.72 loss:0.010 grdn:0.404 lr:1.2e-05 updt_s:0.959 data_s:0.006 smp/s:8 mem_gb:31.43
Training:  56%|█████▋    | 2821/5000 [52:13<35:19,  1.03step/s]Training:  56%|█████▋    | 2822/5000 [52:14<35:20,  1.03step/s]Training:  56%|█████▋    | 2823/5000 [52:15<35:21,  1.03step/s]Training:  56%|█████▋    | 2824/5000 [52:16<35:21,  1.03step/s]Training:  56%|█████▋    | 2825/5000 [52:17<35:19,  1.03step/s]Training:  57%|█████▋    | 2826/5000 [52:18<35:14,  1.03step/s]Training:  57%|█████▋    | 2827/5000 [52:18<35:17,  1.03step/s]Training:  57%|█████▋    | 2828/5000 [52:19<35:11,  1.03step/s]Training:  57%|█████▋    | 2829/5000 [52:20<35:08,  1.03step/s]Training:  57%|█████▋    | 2830/5000 [52:21<35:05,  1.03step/s]INFO 2026-07-17 09:39:00 ot_train.py:677 step:3K smpl:23K ep:93 epch:0.72 loss:0.015 grdn:0.477 lr:1.1e-05 updt_s:0.968 data_s:0.005 smp/s:8 mem_gb:31.43
Training:  57%|█████▋    | 2831/5000 [52:22<35:04,  1.03step/s]Training:  57%|█████▋    | 2832/5000 [52:23<35:01,  1.03step/s]Training:  57%|█████▋    | 2833/5000 [52:24<35:06,  1.03step/s]Training:  57%|█████▋    | 2834/5000 [52:25<35:03,  1.03step/s]Training:  57%|█████▋    | 2835/5000 [52:26<35:03,  1.03step/s]Training:  57%|█████▋    | 2836/5000 [52:27<35:00,  1.03step/s]Training:  57%|█████▋    | 2837/5000 [52:28<34:59,  1.03step/s]Training:  57%|█████▋    | 2838/5000 [52:29<34:58,  1.03step/s]Training:  57%|█████▋    | 2839/5000 [52:30<35:03,  1.03step/s]Training:  57%|█████▋    | 2840/5000 [52:31<34:59,  1.03step/s]INFO 2026-07-17 09:39:09 ot_train.py:677 step:3K smpl:23K ep:93 epch:0.72 loss:0.014 grdn:0.487 lr:1.1e-05 updt_s:0.966 data_s:0.005 smp/s:8 mem_gb:31.43
Training:  57%|█████▋    | 2841/5000 [52:32<34:57,  1.03step/s]Training:  57%|█████▋    | 2842/5000 [52:33<34:56,  1.03step/s]Training:  57%|█████▋    | 2843/5000 [52:34<34:54,  1.03step/s]Training:  57%|█████▋    | 2844/5000 [52:35<34:52,  1.03step/s]Training:  57%|█████▋    | 2845/5000 [52:36<34:55,  1.03step/s]Training:  57%|█████▋    | 2846/5000 [52:37<35:00,  1.03step/s]Training:  57%|█████▋    | 2847/5000 [52:40<1:01:32,  1.71s/step]Training:  57%|█████▋    | 2848/5000 [52:41<53:25,  1.49s/step]  Training:  57%|█████▋    | 2849/5000 [52:42<47:47,  1.33s/step]Training:  57%|█████▋    | 2850/5000 [52:43<43:52,  1.22s/step]INFO 2026-07-17 09:39:21 ot_train.py:677 step:3K smpl:23K ep:94 epch:0.73 loss:0.011 grdn:0.463 lr:1.1e-05 updt_s:1.213 data_s:0.005 smp/s:7 mem_gb:31.43
Training:  57%|█████▋    | 2851/5000 [52:44<41:04,  1.15s/step]Training:  57%|█████▋    | 2852/5000 [52:45<39:03,  1.09s/step]Training:  57%|█████▋    | 2853/5000 [52:46<37:39,  1.05s/step]Training:  57%|█████▋    | 2854/5000 [52:47<36:47,  1.03s/step]Training:  57%|█████▋    | 2855/5000 [52:48<36:13,  1.01s/step]Training:  57%|█████▋    | 2856/5000 [52:49<35:40,  1.00step/s]Training:  57%|█████▋    | 2857/5000 [52:50<35:17,  1.01step/s]Training:  57%|█████▋    | 2858/5000 [52:51<35:04,  1.02step/s]Training:  57%|█████▋    | 2859/5000 [52:52<34:51,  1.02step/s]Training:  57%|█████▋    | 2860/5000 [52:53<34:43,  1.03step/s]INFO 2026-07-17 09:39:31 ot_train.py:677 step:3K smpl:23K ep:94 epch:0.73 loss:0.009 grdn:0.411 lr:1.1e-05 updt_s:0.960 data_s:0.006 smp/s:8 mem_gb:31.43
Training:  57%|█████▋    | 2861/5000 [52:54<34:37,  1.03step/s]Training:  57%|█████▋    | 2862/5000 [52:55<34:39,  1.03step/s]Training:  57%|█████▋    | 2863/5000 [52:56<34:32,  1.03step/s]Training:  57%|█████▋    | 2864/5000 [52:57<34:30,  1.03step/s]Training:  57%|█████▋    | 2865/5000 [52:58<34:27,  1.03step/s]Training:  57%|█████▋    | 2866/5000 [52:59<34:25,  1.03step/s]Training:  57%|█████▋    | 2867/5000 [53:00<34:24,  1.03step/s]Training:  57%|█████▋    | 2868/5000 [53:01<34:23,  1.03step/s]Training:  57%|█████▋    | 2869/5000 [53:02<34:27,  1.03step/s]Training:  57%|█████▋    | 2870/5000 [53:03<34:21,  1.03step/s]INFO 2026-07-17 09:39:41 ot_train.py:677 step:3K smpl:23K ep:94 epch:0.73 loss:0.021 grdn:0.650 lr:1.1e-05 updt_s:0.962 data_s:0.006 smp/s:8 mem_gb:31.43
Training:  57%|█████▋    | 2871/5000 [53:04<34:19,  1.03step/s]Training:  57%|█████▋    | 2872/5000 [53:05<34:17,  1.03step/s]Training:  57%|█████▋    | 2873/5000 [53:06<34:13,  1.04step/s]Training:  57%|█████▋    | 2874/5000 [53:07<34:10,  1.04step/s]Training:  57%|█████▊    | 2875/5000 [53:07<34:12,  1.04step/s]Training:  58%|█████▊    | 2876/5000 [53:08<34:16,  1.03step/s]Training:  58%|█████▊    | 2877/5000 [53:09<34:14,  1.03step/s]Training:  58%|█████▊    | 2878/5000 [53:10<34:10,  1.03step/s]Training:  58%|█████▊    | 2879/5000 [53:11<34:11,  1.03step/s]Training:  58%|█████▊    | 2880/5000 [53:12<33:58,  1.04step/s]INFO 2026-07-17 09:39:50 ot_train.py:677 step:3K smpl:23K ep:95 epch:0.73 loss:0.015 grdn:0.582 lr:1.1e-05 updt_s:0.960 data_s:0.005 smp/s:8 mem_gb:31.43
Training:  58%|█████▊    | 2881/5000 [53:13<33:46,  1.05step/s]Training:  58%|█████▊    | 2882/5000 [53:14<33:43,  1.05step/s]Training:  58%|█████▊    | 2883/5000 [53:15<33:35,  1.05step/s]Training:  58%|█████▊    | 2884/5000 [53:16<33:28,  1.05step/s]Training:  58%|█████▊    | 2885/5000 [53:17<33:39,  1.05step/s]Training:  58%|█████▊    | 2886/5000 [53:18<33:50,  1.04step/s]Training:  58%|█████▊    | 2887/5000 [53:19<33:53,  1.04step/s]Training:  58%|█████▊    | 2888/5000 [53:20<33:59,  1.04step/s]Training:  58%|█████▊    | 2889/5000 [53:21<34:00,  1.03step/s]Training:  58%|█████▊    | 2890/5000 [53:22<33:56,  1.04step/s]INFO 2026-07-17 09:40:00 ot_train.py:677 step:3K smpl:23K ep:95 epch:0.74 loss:0.013 grdn:0.501 lr:1.1e-05 updt_s:0.954 data_s:0.005 smp/s:8 mem_gb:31.43
Training:  58%|█████▊    | 2891/5000 [53:23<33:58,  1.03step/s]Training:  58%|█████▊    | 2892/5000 [53:24<33:55,  1.04step/s]Training:  58%|█████▊    | 2893/5000 [53:25<33:57,  1.03step/s]Training:  58%|█████▊    | 2894/5000 [53:26<33:58,  1.03step/s]Training:  58%|█████▊    | 2895/5000 [53:27<33:59,  1.03step/s]Training:  58%|█████▊    | 2896/5000 [53:28<33:58,  1.03step/s]Training:  58%|█████▊    | 2897/5000 [53:29<33:58,  1.03step/s]Training:  58%|█████▊    | 2898/5000 [53:30<33:51,  1.03step/s]Training:  58%|█████▊    | 2899/5000 [53:31<34:01,  1.03step/s]Training:  58%|█████▊    | 2900/5000 [53:32<34:01,  1.03step/s]INFO 2026-07-17 09:40:10 ot_train.py:677 step:3K smpl:23K ep:95 epch:0.74 loss:0.011 grdn:0.430 lr:1.1e-05 updt_s:0.965 data_s:0.005 smp/s:8 mem_gb:31.43
Training:  58%|█████▊    | 2901/5000 [53:33<34:02,  1.03step/s]Training:  58%|█████▊    | 2902/5000 [53:34<33:56,  1.03step/s]Training:  58%|█████▊    | 2903/5000 [53:34<33:55,  1.03step/s]Training:  58%|█████▊    | 2904/5000 [53:35<33:46,  1.03step/s]Training:  58%|█████▊    | 2905/5000 [53:36<33:46,  1.03step/s]Training:  58%|█████▊    | 2906/5000 [53:39<46:08,  1.32s/step]Training:  58%|█████▊    | 2907/5000 [53:40<42:25,  1.22s/step]Training:  58%|█████▊    | 2908/5000 [53:41<39:42,  1.14s/step]Training:  58%|█████▊    | 2909/5000 [53:41<38:02,  1.09s/step]Training:  58%|█████▊    | 2910/5000 [53:42<36:36,  1.05s/step]INFO 2026-07-17 09:40:21 ot_train.py:677 step:3K smpl:23K ep:96 epch:0.74 loss:0.013 grdn:0.444 lr:1.1e-05 updt_s:1.080 data_s:0.004 smp/s:7 mem_gb:31.43
Training:  58%|█████▊    | 2911/5000 [53:43<35:43,  1.03s/step]Training:  58%|█████▊    | 2912/5000 [53:44<34:53,  1.00s/step]Training:  58%|█████▊    | 2913/5000 [53:45<34:27,  1.01step/s]Training:  58%|█████▊    | 2914/5000 [53:46<34:10,  1.02step/s]Training:  58%|█████▊    | 2915/5000 [53:47<33:58,  1.02step/s]Training:  58%|█████▊    | 2916/5000 [53:48<34:06,  1.02step/s]Training:  58%|█████▊    | 2917/5000 [53:49<33:58,  1.02step/s]Training:  58%|█████▊    | 2918/5000 [53:50<33:54,  1.02step/s]Training:  58%|█████▊    | 2919/5000 [53:51<33:46,  1.03step/s]Training:  58%|█████▊    | 2920/5000 [53:52<33:51,  1.02step/s]INFO 2026-07-17 09:40:30 ot_train.py:677 step:3K smpl:23K ep:96 epch:0.74 loss:0.012 grdn:0.490 lr:1.1e-05 updt_s:0.964 data_s:0.005 smp/s:8 mem_gb:31.43
Training:  58%|█████▊    | 2921/5000 [53:53<33:52,  1.02step/s]Training:  58%|█████▊    | 2922/5000 [53:54<33:54,  1.02step/s]Training:  58%|█████▊    | 2923/5000 [53:55<33:47,  1.02step/s]Training:  58%|█████▊    | 2924/5000 [53:56<33:44,  1.03step/s]Training:  58%|█████▊    | 2925/5000 [53:57<33:42,  1.03step/s]Training:  59%|█████▊    | 2926/5000 [53:58<33:37,  1.03step/s]Training:  59%|█████▊    | 2927/5000 [53:59<33:37,  1.03step/s]Training:  59%|█████▊    | 2928/5000 [54:00<33:29,  1.03step/s]Training:  59%|█████▊    | 2929/5000 [54:01<33:33,  1.03step/s]Training:  59%|█████▊    | 2930/5000 [54:02<33:33,  1.03step/s]INFO 2026-07-17 09:40:40 ot_train.py:677 step:3K smpl:23K ep:96 epch:0.75 loss:0.007 grdn:0.345 lr:1.1e-05 updt_s:0.968 data_s:0.005 smp/s:8 mem_gb:31.43
Training:  59%|█████▊    | 2931/5000 [54:03<33:25,  1.03step/s]Training:  59%|█████▊    | 2932/5000 [54:04<33:18,  1.03step/s]Training:  59%|█████▊    | 2933/5000 [54:05<33:24,  1.03step/s]Training:  59%|█████▊    | 2934/5000 [54:06<33:20,  1.03step/s]Training:  59%|█████▊    | 2935/5000 [54:07<33:17,  1.03step/s]Training:  59%|█████▊    | 2936/5000 [54:08<33:13,  1.04step/s]Training:  59%|█████▊    | 2937/5000 [54:09<33:15,  1.03step/s]Training:  59%|█████▉    | 2938/5000 [54:10<33:20,  1.03step/s]Training:  59%|█████▉    | 2939/5000 [54:11<33:17,  1.03step/s]Training:  59%|█████▉    | 2940/5000 [54:12<33:11,  1.03step/s]INFO 2026-07-17 09:40:50 ot_train.py:677 step:3K smpl:24K ep:97 epch:0.75 loss:0.010 grdn:0.507 lr:1.1e-05 updt_s:0.962 data_s:0.005 smp/s:8 mem_gb:31.43
Training:  59%|█████▉    | 2941/5000 [54:13<33:19,  1.03step/s]Training:  59%|█████▉    | 2942/5000 [54:13<33:10,  1.03step/s]Training:  59%|█████▉    | 2943/5000 [54:14<33:11,  1.03step/s]Training:  59%|█████▉    | 2944/5000 [54:15<33:08,  1.03step/s]Training:  59%|█████▉    | 2945/5000 [54:16<33:15,  1.03step/s]Training:  59%|█████▉    | 2946/5000 [54:17<33:08,  1.03step/s]Training:  59%|█████▉    | 2947/5000 [54:18<33:08,  1.03step/s]Training:  59%|█████▉    | 2948/5000 [54:19<33:08,  1.03step/s]Training:  59%|█████▉    | 2949/5000 [54:20<33:06,  1.03step/s]Training:  59%|█████▉    | 2950/5000 [54:21<33:00,  1.04step/s]INFO 2026-07-17 09:40:59 ot_train.py:677 step:3K smpl:24K ep:97 epch:0.75 loss:0.008 grdn:0.412 lr:1.1e-05 updt_s:0.963 data_s:0.005 smp/s:8 mem_gb:31.43
Training:  59%|█████▉    | 2951/5000 [54:22<33:01,  1.03step/s]Training:  59%|█████▉    | 2952/5000 [54:23<33:01,  1.03step/s]Training:  59%|█████▉    | 2953/5000 [54:24<32:59,  1.03step/s]Training:  59%|█████▉    | 2954/5000 [54:25<32:53,  1.04step/s]Training:  59%|█████▉    | 2955/5000 [54:26<32:56,  1.03step/s]Training:  59%|█████▉    | 2956/5000 [54:27<32:50,  1.04step/s]Training:  59%|█████▉    | 2957/5000 [54:28<32:56,  1.03step/s]Training:  59%|█████▉    | 2958/5000 [54:29<32:54,  1.03step/s]Training:  59%|█████▉    | 2959/5000 [54:30<33:24,  1.02step/s]Training:  59%|█████▉    | 2960/5000 [54:31<33:09,  1.03step/s]INFO 2026-07-17 09:41:09 ot_train.py:677 step:3K smpl:24K ep:97 epch:0.75 loss:0.012 grdn:0.548 lr:1.1e-05 updt_s:0.965 data_s:0.005 smp/s:8 mem_gb:31.43
Training:  59%|█████▉    | 2961/5000 [54:33<45:39,  1.34s/step]Training:  59%|█████▉    | 2962/5000 [54:34<41:34,  1.22s/step]Training:  59%|█████▉    | 2963/5000 [54:35<38:45,  1.14s/step]Training:  59%|█████▉    | 2964/5000 [54:36<37:04,  1.09s/step]Training:  59%|█████▉    | 2965/5000 [54:37<35:44,  1.05s/step]Training:  59%|█████▉    | 2966/5000 [54:38<34:47,  1.03s/step]Training:  59%|█████▉    | 2967/5000 [54:39<34:22,  1.01s/step]Training:  59%|█████▉    | 2968/5000 [54:40<33:51,  1.00step/s]Training:  59%|█████▉    | 2969/5000 [54:41<33:37,  1.01step/s]Training:  59%|█████▉    | 2970/5000 [54:42<33:22,  1.01step/s]INFO 2026-07-17 09:41:20 ot_train.py:677 step:3K smpl:24K ep:98 epch:0.76 loss:0.012 grdn:0.500 lr:1.1e-05 updt_s:1.085 data_s:0.005 smp/s:7 mem_gb:31.43
Training:  59%|█████▉    | 2971/5000 [54:43<33:25,  1.01step/s]Training:  59%|█████▉    | 2972/5000 [54:44<33:02,  1.02step/s]Training:  59%|█████▉    | 2973/5000 [54:45<32:43,  1.03step/s]Training:  59%|█████▉    | 2974/5000 [54:46<32:29,  1.04step/s]Training:  60%|█████▉    | 2975/5000 [54:47<32:17,  1.04step/s]Training:  60%|█████▉    | 2976/5000 [54:48<32:19,  1.04step/s]Training:  60%|█████▉    | 2977/5000 [54:49<32:24,  1.04step/s]Training:  60%|█████▉    | 2978/5000 [54:50<32:37,  1.03step/s]Training:  60%|█████▉    | 2979/5000 [54:51<32:53,  1.02step/s]Training:  60%|█████▉    | 2980/5000 [54:51<32:42,  1.03step/s]INFO 2026-07-17 09:41:30 ot_train.py:677 step:3K smpl:24K ep:98 epch:0.76 loss:0.012 grdn:0.440 lr:1.0e-05 updt_s:0.960 data_s:0.005 smp/s:8 mem_gb:31.43
Training:  60%|█████▉    | 2981/5000 [54:52<32:44,  1.03step/s]Training:  60%|█████▉    | 2982/5000 [54:53<32:27,  1.04step/s]Training:  60%|█████▉    | 2983/5000 [54:54<32:16,  1.04step/s]Training:  60%|█████▉    | 2984/5000 [54:55<32:09,  1.05step/s]Training:  60%|█████▉    | 2985/5000 [54:56<32:08,  1.04step/s]Training:  60%|█████▉    | 2986/5000 [54:57<32:00,  1.05step/s]Training:  60%|█████▉    | 2987/5000 [54:58<31:54,  1.05step/s]Training:  60%|█████▉    | 2988/5000 [54:59<31:51,  1.05step/s]Training:  60%|█████▉    | 2989/5000 [55:00<31:47,  1.05step/s]Training:  60%|█████▉    | 2990/5000 [55:01<31:44,  1.06step/s]INFO 2026-07-17 09:41:39 ot_train.py:677 step:3K smpl:24K ep:98 epch:0.76 loss:0.010 grdn:0.377 lr:1.0e-05 updt_s:0.946 data_s:0.004 smp/s:8 mem_gb:31.43
Training:  60%|█████▉    | 2991/5000 [55:02<31:43,  1.06step/s]Training:  60%|█████▉    | 2992/5000 [55:03<31:48,  1.05step/s]Training:  60%|█████▉    | 2993/5000 [55:04<31:45,  1.05step/s]Training:  60%|█████▉    | 2994/5000 [55:05<31:39,  1.06step/s]Training:  60%|█████▉    | 2995/5000 [55:06<31:49,  1.05step/s]Training:  60%|█████▉    | 2996/5000 [55:07<31:51,  1.05step/s]Training:  60%|█████▉    | 2997/5000 [55:08<32:02,  1.04step/s]Training:  60%|█████▉    | 2998/5000 [55:09<32:00,  1.04step/s]Training:  60%|█████▉    | 2999/5000 [55:10<32:15,  1.03step/s]Training:  60%|██████    | 3000/5000 [55:11<32:09,  1.04step/s]INFO 2026-07-17 09:41:49 ot_train.py:677 step:3K smpl:24K ep:99 epch:0.77 loss:0.007 grdn:0.356 lr:1.0e-05 updt_s:0.954 data_s:0.004 smp/s:8 mem_gb:31.43
INFO 2026-07-17 09:41:49 ot_train.py:722 Checkpoint policy after step 3000
Training:  60%|██████    | 3001/5000 [55:36<4:35:41,  8.27s/step]Training:  60%|██████    | 3002/5000 [55:37<3:22:33,  6.08s/step]Training:  60%|██████    | 3003/5000 [55:38<2:31:17,  4.55s/step]Training:  60%|██████    | 3004/5000 [55:39<1:55:29,  3.47s/step]Training:  60%|██████    | 3005/5000 [55:40<1:30:31,  2.72s/step]Training:  60%|██████    | 3006/5000 [55:41<1:13:08,  2.20s/step]Training:  60%|██████    | 3007/5000 [55:42<1:00:36,  1.82s/step]Training:  60%|██████    | 3008/5000 [55:43<51:51,  1.56s/step]  Training:  60%|██████    | 3009/5000 [55:44<45:45,  1.38s/step]Training:  60%|██████    | 3010/5000 [55:45<41:26,  1.25s/step]INFO 2026-07-17 09:42:23 ot_train.py:677 step:3K smpl:24K ep:99 epch:0.77 loss:0.009 grdn:0.430 lr:1.0e-05 updt_s:0.957 data_s:0.006 smp/s:8 mem_gb:31.43
Training:  60%|██████    | 3011/5000 [55:46<38:29,  1.16s/step]Training:  60%|██████    | 3012/5000 [55:46<36:16,  1.09s/step]Training:  60%|██████    | 3013/5000 [55:47<34:48,  1.05s/step]Training:  60%|██████    | 3014/5000 [55:48<33:40,  1.02s/step]Training:  60%|██████    | 3015/5000 [55:49<32:54,  1.01step/s]Training:  60%|██████    | 3016/5000 [55:50<32:28,  1.02step/s]Training:  60%|██████    | 3017/5000 [55:51<32:02,  1.03step/s]Training:  60%|██████    | 3018/5000 [55:53<44:42,  1.35s/step]Training:  60%|██████    | 3019/5000 [55:54<40:56,  1.24s/step]Training:  60%|██████    | 3020/5000 [55:55<38:09,  1.16s/step]INFO 2026-07-17 09:42:34 ot_train.py:677 step:3K smpl:24K ep:99 epch:0.77 loss:0.010 grdn:0.403 lr:1.0e-05 updt_s:1.075 data_s:0.004 smp/s:7 mem_gb:31.43
Training:  60%|██████    | 3021/5000 [55:56<36:15,  1.10s/step]Training:  60%|██████    | 3022/5000 [55:57<34:56,  1.06s/step]Training:  60%|██████    | 3023/5000 [55:58<34:04,  1.03s/step]Training:  60%|██████    | 3024/5000 [55:59<33:25,  1.02s/step]Training:  60%|██████    | 3025/5000 [56:00<33:03,  1.00s/step]Training:  61%|██████    | 3026/5000 [56:01<32:38,  1.01step/s]Training:  61%|██████    | 3027/5000 [56:02<32:22,  1.02step/s]Training:  61%|██████    | 3028/5000 [56:03<32:04,  1.02step/s]Training:  61%|██████    | 3029/5000 [56:04<32:10,  1.02step/s]Training:  61%|██████    | 3030/5000 [56:05<32:03,  1.02step/s]INFO 2026-07-17 09:42:43 ot_train.py:677 step:3K smpl:24K ep:100 epch:0.77 loss:0.012 grdn:0.464 lr:1.0e-05 updt_s:0.965 data_s:0.005 smp/s:8 mem_gb:31.43
Training:  61%|██████    | 3031/5000 [56:06<32:05,  1.02step/s]Training:  61%|██████    | 3032/5000 [56:07<31:51,  1.03step/s]Training:  61%|██████    | 3033/5000 [56:08<31:48,  1.03step/s]Training:  61%|██████    | 3034/5000 [56:09<31:44,  1.03step/s]Training:  61%|██████    | 3035/5000 [56:10<31:40,  1.03step/s]Training:  61%|██████    | 3036/5000 [56:11<31:35,  1.04step/s]Training:  61%|██████    | 3037/5000 [56:12<31:39,  1.03step/s]Training:  61%|██████    | 3038/5000 [56:13<31:40,  1.03step/s]Training:  61%|██████    | 3039/5000 [56:14<31:41,  1.03step/s]Training:  61%|██████    | 3040/5000 [56:15<31:36,  1.03step/s]INFO 2026-07-17 09:42:53 ot_train.py:677 step:3K smpl:24K ep:100 epch:0.78 loss:0.017 grdn:0.593 lr:1.0e-05 updt_s:0.962 data_s:0.005 smp/s:8 mem_gb:31.43
Training:  61%|██████    | 3041/5000 [56:16<31:43,  1.03step/s]Training:  61%|██████    | 3042/5000 [56:17<31:35,  1.03step/s]Training:  61%|██████    | 3043/5000 [56:18<31:35,  1.03step/s]Training:  61%|██████    | 3044/5000 [56:19<31:36,  1.03step/s]Training:  61%|██████    | 3045/5000 [56:20<31:48,  1.02step/s]Training:  61%|██████    | 3046/5000 [56:21<31:40,  1.03step/s]Training:  61%|██████    | 3047/5000 [56:22<31:39,  1.03step/s]Training:  61%|██████    | 3048/5000 [56:23<31:37,  1.03step/s]Training:  61%|██████    | 3049/5000 [56:24<31:40,  1.03step/s]Training:  61%|██████    | 3050/5000 [56:24<31:40,  1.03step/s]INFO 2026-07-17 09:43:03 ot_train.py:677 step:3K smpl:24K ep:100 epch:0.78 loss:0.006 grdn:0.343 lr:1.0e-05 updt_s:0.968 data_s:0.005 smp/s:8 mem_gb:31.43
Training:  61%|██████    | 3051/5000 [56:25<31:43,  1.02step/s]Training:  61%|██████    | 3052/5000 [56:26<31:43,  1.02step/s]Training:  61%|██████    | 3053/5000 [56:27<31:38,  1.03step/s]Training:  61%|██████    | 3054/5000 [56:28<31:33,  1.03step/s]Training:  61%|██████    | 3055/5000 [56:29<31:31,  1.03step/s]Training:  61%|██████    | 3056/5000 [56:30<31:25,  1.03step/s]Training:  61%|██████    | 3057/5000 [56:31<31:26,  1.03step/s]Training:  61%|██████    | 3058/5000 [56:32<31:28,  1.03step/s]Training:  61%|██████    | 3059/5000 [56:33<32:01,  1.01step/s]Training:  61%|██████    | 3060/5000 [56:34<31:52,  1.01step/s]INFO 2026-07-17 09:43:12 ot_train.py:677 step:3K smpl:24K ep:101 epch:0.78 loss:0.013 grdn:0.481 lr:9.9e-06 updt_s:0.974 data_s:0.005 smp/s:8 mem_gb:31.43
Training:  61%|██████    | 3061/5000 [56:35<31:50,  1.02step/s]Training:  61%|██████    | 3062/5000 [56:36<31:45,  1.02step/s]Training:  61%|██████▏   | 3063/5000 [56:37<31:45,  1.02step/s]Training:  61%|██████▏   | 3064/5000 [56:38<31:37,  1.02step/s]Training:  61%|██████▏   | 3065/5000 [56:39<31:40,  1.02step/s]Training:  61%|██████▏   | 3066/5000 [56:40<31:32,  1.02step/s]Training:  61%|██████▏   | 3067/5000 [56:41<31:32,  1.02step/s]Training:  61%|██████▏   | 3068/5000 [56:42<31:26,  1.02step/s]Training:  61%|██████▏   | 3069/5000 [56:43<31:23,  1.03step/s]Training:  61%|██████▏   | 3070/5000 [56:44<31:20,  1.03step/s]INFO 2026-07-17 09:43:22 ot_train.py:677 step:3K smpl:25K ep:101 epch:0.78 loss:0.007 grdn:0.385 lr:9.8e-06 updt_s:0.971 data_s:0.005 smp/s:8 mem_gb:31.43
Training:  61%|██████▏   | 3071/5000 [56:45<31:17,  1.03step/s]Training:  61%|██████▏   | 3072/5000 [56:46<31:11,  1.03step/s]Training:  61%|██████▏   | 3073/5000 [56:47<31:09,  1.03step/s]Training:  61%|██████▏   | 3074/5000 [56:48<31:06,  1.03step/s]Training:  62%|██████▏   | 3075/5000 [56:49<31:07,  1.03step/s]Training:  62%|██████▏   | 3076/5000 [56:50<31:11,  1.03step/s]Training:  62%|██████▏   | 3077/5000 [56:51<31:06,  1.03step/s]Training:  62%|██████▏   | 3078/5000 [56:54<53:46,  1.68s/step]Training:  62%|██████▏   | 3079/5000 [56:55<46:58,  1.47s/step]Training:  62%|██████▏   | 3080/5000 [56:56<42:09,  1.32s/step]INFO 2026-07-17 09:43:34 ot_train.py:677 step:3K smpl:25K ep:101 epch:0.79 loss:0.008 grdn:0.383 lr:9.8e-06 updt_s:1.200 data_s:0.005 smp/s:7 mem_gb:31.43
Training:  62%|██████▏   | 3081/5000 [56:57<38:49,  1.21s/step]Training:  62%|██████▏   | 3082/5000 [56:58<36:20,  1.14s/step]Training:  62%|██████▏   | 3083/5000 [56:59<34:43,  1.09s/step]Training:  62%|██████▏   | 3084/5000 [57:00<33:29,  1.05s/step]Training:  62%|██████▏   | 3085/5000 [57:01<32:49,  1.03s/step]Training:  62%|██████▏   | 3086/5000 [57:02<32:12,  1.01s/step]Training:  62%|██████▏   | 3087/5000 [57:03<31:45,  1.00step/s]Training:  62%|██████▏   | 3088/5000 [57:04<31:25,  1.01step/s]Training:  62%|██████▏   | 3089/5000 [57:05<31:10,  1.02step/s]Training:  62%|██████▏   | 3090/5000 [57:06<30:51,  1.03step/s]INFO 2026-07-17 09:43:44 ot_train.py:677 step:3K smpl:25K ep:102 epch:0.79 loss:0.006 grdn:0.342 lr:9.7e-06 updt_s:0.959 data_s:0.005 smp/s:8 mem_gb:31.43
Training:  62%|██████▏   | 3091/5000 [57:07<30:42,  1.04step/s]Training:  62%|██████▏   | 3092/5000 [57:08<30:48,  1.03step/s]Training:  62%|██████▏   | 3093/5000 [57:09<31:00,  1.02step/s]Training:  62%|██████▏   | 3094/5000 [57:10<30:55,  1.03step/s]Training:  62%|██████▏   | 3095/5000 [57:11<30:59,  1.02step/s]Training:  62%|██████▏   | 3096/5000 [57:12<30:53,  1.03step/s]Training:  62%|██████▏   | 3097/5000 [57:13<30:52,  1.03step/s]Training:  62%|██████▏   | 3098/5000 [57:14<30:43,  1.03step/s]Training:  62%|██████▏   | 3099/5000 [57:14<30:43,  1.03step/s]Training:  62%|██████▏   | 3100/5000 [57:15<30:40,  1.03step/s]INFO 2026-07-17 09:43:54 ot_train.py:677 step:3K smpl:25K ep:102 epch:0.79 loss:0.015 grdn:0.530 lr:9.6e-06 updt_s:0.966 data_s:0.004 smp/s:8 mem_gb:31.43
Training:  62%|██████▏   | 3101/5000 [57:16<30:53,  1.02step/s]Training:  62%|██████▏   | 3102/5000 [57:17<30:47,  1.03step/s]Training:  62%|██████▏   | 3103/5000 [57:18<30:54,  1.02step/s]Training:  62%|██████▏   | 3104/5000 [57:19<30:44,  1.03step/s]Training:  62%|██████▏   | 3105/5000 [57:20<30:42,  1.03step/s]Training:  62%|██████▏   | 3106/5000 [57:21<30:35,  1.03step/s]Training:  62%|██████▏   | 3107/5000 [57:22<30:41,  1.03step/s]Training:  62%|██████▏   | 3108/5000 [57:23<30:35,  1.03step/s]Training:  62%|██████▏   | 3109/5000 [57:24<30:43,  1.03step/s]Training:  62%|██████▏   | 3110/5000 [57:25<30:46,  1.02step/s]INFO 2026-07-17 09:44:03 ot_train.py:677 step:3K smpl:25K ep:102 epch:0.79 loss:0.011 grdn:0.442 lr:9.6e-06 updt_s:0.970 data_s:0.005 smp/s:8 mem_gb:31.43
Training:  62%|██████▏   | 3111/5000 [57:26<30:52,  1.02step/s]Training:  62%|██████▏   | 3112/5000 [57:27<30:47,  1.02step/s]Training:  62%|██████▏   | 3113/5000 [57:28<30:43,  1.02step/s]Training:  62%|██████▏   | 3114/5000 [57:29<30:50,  1.02step/s]Training:  62%|██████▏   | 3115/5000 [57:30<30:48,  1.02step/s]Training:  62%|██████▏   | 3116/5000 [57:31<30:44,  1.02step/s]Training:  62%|██████▏   | 3117/5000 [57:32<30:44,  1.02step/s]Training:  62%|██████▏   | 3118/5000 [57:33<30:34,  1.03step/s]Training:  62%|██████▏   | 3119/5000 [57:34<30:34,  1.03step/s]Training:  62%|██████▏   | 3120/5000 [57:35<30:32,  1.03step/s]INFO 2026-07-17 09:44:13 ot_train.py:677 step:3K smpl:25K ep:103 epch:0.80 loss:0.014 grdn:0.446 lr:9.5e-06 updt_s:0.972 data_s:0.005 smp/s:8 mem_gb:31.43
Training:  62%|██████▏   | 3121/5000 [57:36<30:39,  1.02step/s]Training:  62%|██████▏   | 3122/5000 [57:37<30:31,  1.03step/s]Training:  62%|██████▏   | 3123/5000 [57:38<30:30,  1.03step/s]Training:  62%|██████▏   | 3124/5000 [57:39<30:27,  1.03step/s]Training:  62%|██████▎   | 3125/5000 [57:40<30:27,  1.03step/s]Training:  63%|██████▎   | 3126/5000 [57:41<30:34,  1.02step/s]Training:  63%|██████▎   | 3127/5000 [57:42<30:34,  1.02step/s]Training:  63%|██████▎   | 3128/5000 [57:43<30:30,  1.02step/s]Training:  63%|██████▎   | 3129/5000 [57:44<30:26,  1.02step/s]Training:  63%|██████▎   | 3130/5000 [57:45<30:11,  1.03step/s]INFO 2026-07-17 09:44:23 ot_train.py:677 step:3K smpl:25K ep:103 epch:0.80 loss:0.007 grdn:0.327 lr:9.4e-06 updt_s:0.969 data_s:0.005 smp/s:8 mem_gb:31.43
Training:  63%|██████▎   | 3131/5000 [57:47<38:47,  1.25s/step]Training:  63%|██████▎   | 3132/5000 [57:48<36:43,  1.18s/step]Training:  63%|██████▎   | 3133/5000 [57:49<34:43,  1.12s/step]Training:  63%|██████▎   | 3134/5000 [57:50<33:19,  1.07s/step]Training:  63%|██████▎   | 3135/5000 [57:51<32:30,  1.05s/step]Training:  63%|██████▎   | 3136/5000 [57:52<31:47,  1.02s/step]Training:  63%|██████▎   | 3137/5000 [57:53<31:14,  1.01s/step]Training:  63%|██████▎   | 3138/5000 [57:53<30:46,  1.01step/s]Training:  63%|██████▎   | 3139/5000 [57:54<30:35,  1.01step/s]Training:  63%|██████▎   | 3140/5000 [57:55<30:16,  1.02step/s]INFO 2026-07-17 09:44:34 ot_train.py:677 step:3K smpl:25K ep:103 epch:0.80 loss:0.018 grdn:0.528 lr:9.4e-06 updt_s:1.061 data_s:0.005 smp/s:8 mem_gb:31.43
Training:  63%|██████▎   | 3141/5000 [57:56<30:08,  1.03step/s]Training:  63%|██████▎   | 3142/5000 [57:57<30:03,  1.03step/s]Training:  63%|██████▎   | 3143/5000 [57:58<30:06,  1.03step/s]Training:  63%|██████▎   | 3144/5000 [57:59<30:05,  1.03step/s]Training:  63%|██████▎   | 3145/5000 [58:00<29:58,  1.03step/s]Training:  63%|██████▎   | 3146/5000 [58:01<29:56,  1.03step/s]Training:  63%|██████▎   | 3147/5000 [58:02<29:52,  1.03step/s]Training:  63%|██████▎   | 3148/5000 [58:03<29:43,  1.04step/s]Training:  63%|██████▎   | 3149/5000 [58:04<29:42,  1.04step/s]Training:  63%|██████▎   | 3150/5000 [58:05<29:39,  1.04step/s]INFO 2026-07-17 09:44:43 ot_train.py:677 step:3K smpl:25K ep:104 epch:0.80 loss:0.010 grdn:0.447 lr:9.3e-06 updt_s:0.959 data_s:0.005 smp/s:8 mem_gb:31.43
Training:  63%|██████▎   | 3151/5000 [58:06<29:43,  1.04step/s]Training:  63%|██████▎   | 3152/5000 [58:07<29:39,  1.04step/s]Training:  63%|██████▎   | 3153/5000 [58:08<29:40,  1.04step/s]Training:  63%|██████▎   | 3154/5000 [58:09<29:40,  1.04step/s]Training:  63%|██████▎   | 3155/5000 [58:10<29:38,  1.04step/s]Training:  63%|██████▎   | 3156/5000 [58:11<29:32,  1.04step/s]Training:  63%|██████▎   | 3157/5000 [58:12<29:38,  1.04step/s]Training:  63%|██████▎   | 3158/5000 [58:13<29:41,  1.03step/s]Training:  63%|██████▎   | 3159/5000 [58:14<29:48,  1.03step/s]Training:  63%|██████▎   | 3160/5000 [58:15<29:47,  1.03step/s]INFO 2026-07-17 09:44:53 ot_train.py:677 step:3K smpl:25K ep:104 epch:0.81 loss:0.007 grdn:0.398 lr:9.2e-06 updt_s:0.963 data_s:0.005 smp/s:8 mem_gb:31.43
Training:  63%|██████▎   | 3161/5000 [58:16<30:53,  1.01s/step]Training:  63%|██████▎   | 3162/5000 [58:17<30:27,  1.01step/s]Training:  63%|██████▎   | 3163/5000 [58:18<30:12,  1.01step/s]Training:  63%|██████▎   | 3164/5000 [58:19<29:53,  1.02step/s]Training:  63%|██████▎   | 3165/5000 [58:20<29:49,  1.03step/s]Training:  63%|██████▎   | 3166/5000 [58:21<29:37,  1.03step/s]Training:  63%|██████▎   | 3167/5000 [58:22<29:32,  1.03step/s]Training:  63%|██████▎   | 3168/5000 [58:23<29:24,  1.04step/s]Training:  63%|██████▎   | 3169/5000 [58:24<29:30,  1.03step/s]Training:  63%|██████▎   | 3170/5000 [58:24<29:35,  1.03step/s]INFO 2026-07-17 09:45:03 ot_train.py:677 step:3K smpl:25K ep:104 epch:0.81 loss:0.038 grdn:0.958 lr:9.2e-06 updt_s:0.972 data_s:0.005 smp/s:8 mem_gb:31.43
Training:  63%|██████▎   | 3171/5000 [58:25<29:40,  1.03step/s]Training:  63%|██████▎   | 3172/5000 [58:26<29:37,  1.03step/s]Training:  63%|██████▎   | 3173/5000 [58:27<29:42,  1.03step/s]Training:  63%|██████▎   | 3174/5000 [58:28<29:40,  1.03step/s]Training:  64%|██████▎   | 3175/5000 [58:29<29:38,  1.03step/s]Training:  64%|██████▎   | 3176/5000 [58:30<29:30,  1.03step/s]Training:  64%|██████▎   | 3177/5000 [58:31<29:30,  1.03step/s]Training:  64%|██████▎   | 3178/5000 [58:32<29:35,  1.03step/s]Training:  64%|██████▎   | 3179/5000 [58:33<29:36,  1.03step/s]Training:  64%|██████▎   | 3180/5000 [58:37<51:08,  1.69s/step]INFO 2026-07-17 09:45:15 ot_train.py:677 step:3K smpl:25K ep:105 epch:0.81 loss:0.016 grdn:0.499 lr:9.1e-06 updt_s:1.207 data_s:0.005 smp/s:7 mem_gb:31.43
Training:  64%|██████▎   | 3181/5000 [58:38<44:41,  1.47s/step]Training:  64%|██████▎   | 3182/5000 [58:39<40:04,  1.32s/step]Training:  64%|██████▎   | 3183/5000 [58:40<36:53,  1.22s/step]Training:  64%|██████▎   | 3184/5000 [58:41<34:38,  1.14s/step]Training:  64%|██████▎   | 3185/5000 [58:41<33:08,  1.10s/step]Training:  64%|██████▎   | 3186/5000 [58:42<32:05,  1.06s/step]Training:  64%|██████▎   | 3187/5000 [58:43<31:17,  1.04s/step]Training:  64%|██████▍   | 3188/5000 [58:44<30:37,  1.01s/step]Training:  64%|██████▍   | 3189/5000 [58:45<30:18,  1.00s/step]Training:  64%|██████▍   | 3190/5000 [58:46<29:56,  1.01step/s]INFO 2026-07-17 09:45:25 ot_train.py:677 step:3K smpl:26K ep:105 epch:0.81 loss:0.009 grdn:0.366 lr:9.1e-06 updt_s:0.969 data_s:0.005 smp/s:8 mem_gb:31.43
Training:  64%|██████▍   | 3191/5000 [58:47<29:44,  1.01step/s]Training:  64%|██████▍   | 3192/5000 [58:48<29:31,  1.02step/s]Training:  64%|██████▍   | 3193/5000 [58:49<29:22,  1.03step/s]Training:  64%|██████▍   | 3194/5000 [58:50<29:21,  1.03step/s]Training:  64%|██████▍   | 3195/5000 [58:51<29:22,  1.02step/s]Training:  64%|██████▍   | 3196/5000 [58:52<29:12,  1.03step/s]Training:  64%|██████▍   | 3197/5000 [58:53<29:12,  1.03step/s]Training:  64%|██████▍   | 3198/5000 [58:54<29:10,  1.03step/s]Training:  64%|██████▍   | 3199/5000 [58:55<29:05,  1.03step/s]Training:  64%|██████▍   | 3200/5000 [58:56<28:56,  1.04step/s]INFO 2026-07-17 09:45:34 ot_train.py:677 step:3K smpl:26K ep:105 epch:0.82 loss:0.012 grdn:0.462 lr:9.0e-06 updt_s:0.962 data_s:0.005 smp/s:8 mem_gb:31.43
Training:  64%|██████▍   | 3201/5000 [58:57<28:54,  1.04step/s]Training:  64%|██████▍   | 3202/5000 [58:58<28:55,  1.04step/s]Training:  64%|██████▍   | 3203/5000 [58:59<29:10,  1.03step/s]Training:  64%|██████▍   | 3204/5000 [59:00<29:06,  1.03step/s]Training:  64%|██████▍   | 3205/5000 [59:01<29:07,  1.03step/s]Training:  64%|██████▍   | 3206/5000 [59:02<29:11,  1.02step/s]Training:  64%|██████▍   | 3207/5000 [59:03<29:11,  1.02step/s]Training:  64%|██████▍   | 3208/5000 [59:04<29:06,  1.03step/s]Training:  64%|██████▍   | 3209/5000 [59:05<29:05,  1.03step/s]Training:  64%|██████▍   | 3210/5000 [59:06<29:07,  1.02step/s]INFO 2026-07-17 09:45:44 ot_train.py:677 step:3K smpl:26K ep:106 epch:0.82 loss:0.015 grdn:0.653 lr:8.9e-06 updt_s:0.970 data_s:0.005 smp/s:8 mem_gb:31.43
Training:  64%|██████▍   | 3211/5000 [59:07<29:11,  1.02step/s]Training:  64%|██████▍   | 3212/5000 [59:08<29:04,  1.03step/s]Training:  64%|██████▍   | 3213/5000 [59:09<28:59,  1.03step/s]Training:  64%|██████▍   | 3214/5000 [59:10<28:59,  1.03step/s]Training:  64%|██████▍   | 3215/5000 [59:11<28:58,  1.03step/s]Training:  64%|██████▍   | 3216/5000 [59:12<28:51,  1.03step/s]Training:  64%|██████▍   | 3217/5000 [59:13<28:50,  1.03step/s]Training:  64%|██████▍   | 3218/5000 [59:14<28:51,  1.03step/s]Training:  64%|██████▍   | 3219/5000 [59:15<28:51,  1.03step/s]Training:  64%|██████▍   | 3220/5000 [59:16<28:43,  1.03step/s]INFO 2026-07-17 09:45:54 ot_train.py:677 step:3K smpl:26K ep:106 epch:0.82 loss:0.010 grdn:0.446 lr:8.9e-06 updt_s:0.966 data_s:0.005 smp/s:8 mem_gb:31.43
Training:  64%|██████▍   | 3221/5000 [59:16<28:49,  1.03step/s]Training:  64%|██████▍   | 3222/5000 [59:17<28:43,  1.03step/s]Training:  64%|██████▍   | 3223/5000 [59:18<28:44,  1.03step/s]Training:  64%|██████▍   | 3224/5000 [59:19<28:38,  1.03step/s]Training:  64%|██████▍   | 3225/5000 [59:20<28:45,  1.03step/s]Training:  65%|██████▍   | 3226/5000 [59:21<28:38,  1.03step/s]Training:  65%|██████▍   | 3227/5000 [59:22<28:40,  1.03step/s]Training:  65%|██████▍   | 3228/5000 [59:23<28:35,  1.03step/s]Training:  65%|██████▍   | 3229/5000 [59:24<28:36,  1.03step/s]Training:  65%|██████▍   | 3230/5000 [59:25<28:34,  1.03step/s]INFO 2026-07-17 09:46:03 ot_train.py:677 step:3K smpl:26K ep:106 epch:0.82 loss:0.008 grdn:0.361 lr:8.8e-06 updt_s:0.964 data_s:0.005 smp/s:8 mem_gb:31.43
Training:  65%|██████▍   | 3231/5000 [59:26<28:42,  1.03step/s]Training:  65%|██████▍   | 3232/5000 [59:27<28:37,  1.03step/s]Training:  65%|██████▍   | 3233/5000 [59:28<28:33,  1.03step/s]Training:  65%|██████▍   | 3234/5000 [59:29<28:28,  1.03step/s]Training:  65%|██████▍   | 3235/5000 [59:30<28:26,  1.03step/s]Training:  65%|██████▍   | 3236/5000 [59:31<28:27,  1.03step/s]Training:  65%|██████▍   | 3237/5000 [59:32<28:32,  1.03step/s]Training:  65%|██████▍   | 3238/5000 [59:33<28:40,  1.02step/s]Training:  65%|██████▍   | 3239/5000 [59:34<28:32,  1.03step/s]Training:  65%|██████▍   | 3240/5000 [59:35<28:32,  1.03step/s]INFO 2026-07-17 09:46:13 ot_train.py:677 step:3K smpl:26K ep:107 epch:0.83 loss:0.003 grdn:0.236 lr:8.7e-06 updt_s:0.967 data_s:0.005 smp/s:8 mem_gb:31.43
Training:  65%|██████▍   | 3241/5000 [59:36<28:29,  1.03step/s]Training:  65%|██████▍   | 3242/5000 [59:37<28:28,  1.03step/s]Training:  65%|██████▍   | 3243/5000 [59:38<28:25,  1.03step/s]Training:  65%|██████▍   | 3244/5000 [59:39<28:29,  1.03step/s]Training:  65%|██████▍   | 3245/5000 [59:40<28:27,  1.03step/s]Training:  65%|██████▍   | 3246/5000 [59:43<48:31,  1.66s/step]Training:  65%|██████▍   | 3247/5000 [59:44<42:29,  1.45s/step]Training:  65%|██████▍   | 3248/5000 [59:45<38:10,  1.31s/step]Training:  65%|██████▍   | 3249/5000 [59:46<35:10,  1.21s/step]Training:  65%|██████▌   | 3250/5000 [59:47<33:07,  1.14s/step]INFO 2026-07-17 09:46:25 ot_train.py:677 step:3K smpl:26K ep:107 epch:0.83 loss:0.009 grdn:0.433 lr:8.7e-06 updt_s:1.195 data_s:0.005 smp/s:7 mem_gb:31.43
Training:  65%|██████▌   | 3251/5000 [59:48<31:36,  1.08s/step]Training:  65%|██████▌   | 3252/5000 [59:49<30:34,  1.05s/step]Training:  65%|██████▌   | 3253/5000 [59:50<29:54,  1.03s/step]Training:  65%|██████▌   | 3254/5000 [59:51<29:24,  1.01s/step]Training:  65%|██████▌   | 3255/5000 [59:52<29:02,  1.00step/s]Training:  65%|██████▌   | 3256/5000 [59:53<28:49,  1.01step/s]Training:  65%|██████▌   | 3257/5000 [59:54<28:36,  1.02step/s]Training:  65%|██████▌   | 3258/5000 [59:55<28:26,  1.02step/s]Training:  65%|██████▌   | 3259/5000 [59:56<28:17,  1.03step/s]Training:  65%|██████▌   | 3260/5000 [59:57<28:12,  1.03step/s]INFO 2026-07-17 09:46:35 ot_train.py:677 step:3K smpl:26K ep:107 epch:0.83 loss:0.012 grdn:0.460 lr:8.6e-06 updt_s:0.964 data_s:0.005 smp/s:8 mem_gb:31.43
Training:  65%|██████▌   | 3261/5000 [59:58<28:14,  1.03step/s]Training:  65%|██████▌   | 3262/5000 [59:59<28:09,  1.03step/s]Training:  65%|██████▌   | 3263/5000 [1:00:00<28:06,  1.03step/s]Training:  65%|██████▌   | 3264/5000 [1:00:00<28:06,  1.03step/s]Training:  65%|██████▌   | 3265/5000 [1:00:01<28:04,  1.03step/s]Training:  65%|██████▌   | 3266/5000 [1:00:02<28:00,  1.03step/s]Training:  65%|██████▌   | 3267/5000 [1:00:03<28:10,  1.03step/s]Training:  65%|██████▌   | 3268/5000 [1:00:04<28:11,  1.02step/s]Training:  65%|██████▌   | 3269/5000 [1:00:05<28:15,  1.02step/s]Training:  65%|██████▌   | 3270/5000 [1:00:06<28:11,  1.02step/s]INFO 2026-07-17 09:46:45 ot_train.py:677 step:3K smpl:26K ep:108 epch:0.83 loss:0.006 grdn:0.301 lr:8.5e-06 updt_s:0.970 data_s:0.005 smp/s:8 mem_gb:31.43
Training:  65%|██████▌   | 3271/5000 [1:00:07<28:09,  1.02step/s]Training:  65%|██████▌   | 3272/5000 [1:00:08<28:07,  1.02step/s]Training:  65%|██████▌   | 3273/5000 [1:00:09<28:05,  1.02step/s]Training:  65%|██████▌   | 3274/5000 [1:00:10<27:58,  1.03step/s]Training:  66%|██████▌   | 3275/5000 [1:00:11<28:06,  1.02step/s]Training:  66%|██████▌   | 3276/5000 [1:00:12<28:03,  1.02step/s]Training:  66%|██████▌   | 3277/5000 [1:00:13<28:06,  1.02step/s]Training:  66%|██████▌   | 3278/5000 [1:00:14<28:04,  1.02step/s]Training:  66%|██████▌   | 3279/5000 [1:00:15<27:57,  1.03step/s]Training:  66%|██████▌   | 3280/5000 [1:00:16<27:59,  1.02step/s]INFO 2026-07-17 09:46:54 ot_train.py:677 step:3K smpl:26K ep:108 epch:0.84 loss:0.009 grdn:0.391 lr:8.5e-06 updt_s:0.971 data_s:0.005 smp/s:8 mem_gb:31.43
Training:  66%|██████▌   | 3281/5000 [1:00:17<27:53,  1.03step/s]Training:  66%|██████▌   | 3282/5000 [1:00:18<27:47,  1.03step/s]Training:  66%|██████▌   | 3283/5000 [1:00:19<27:43,  1.03step/s]Training:  66%|██████▌   | 3284/5000 [1:00:20<27:43,  1.03step/s]Training:  66%|██████▌   | 3285/5000 [1:00:21<27:47,  1.03step/s]Training:  66%|██████▌   | 3286/5000 [1:00:22<27:43,  1.03step/s]Training:  66%|██████▌   | 3287/5000 [1:00:23<27:49,  1.03step/s]Training:  66%|██████▌   | 3288/5000 [1:00:24<27:46,  1.03step/s]Training:  66%|██████▌   | 3289/5000 [1:00:25<27:41,  1.03step/s]Training:  66%|██████▌   | 3290/5000 [1:00:26<27:37,  1.03step/s]INFO 2026-07-17 09:47:04 ot_train.py:677 step:3K smpl:26K ep:108 epch:0.84 loss:0.008 grdn:0.398 lr:8.4e-06 updt_s:0.964 data_s:0.005 smp/s:8 mem_gb:31.43
Training:  66%|██████▌   | 3291/5000 [1:00:27<27:40,  1.03step/s]Training:  66%|██████▌   | 3292/5000 [1:00:28<27:36,  1.03step/s]Training:  66%|██████▌   | 3293/5000 [1:00:29<27:34,  1.03step/s]Training:  66%|██████▌   | 3294/5000 [1:00:30<27:35,  1.03step/s]Training:  66%|██████▌   | 3295/5000 [1:00:31<27:31,  1.03step/s]Training:  66%|██████▌   | 3296/5000 [1:00:32<27:26,  1.03step/s]Training:  66%|██████▌   | 3297/5000 [1:00:33<27:29,  1.03step/s]Training:  66%|██████▌   | 3298/5000 [1:00:34<27:28,  1.03step/s]Training:  66%|██████▌   | 3299/5000 [1:00:35<27:26,  1.03step/s]Training:  66%|██████▌   | 3300/5000 [1:00:36<27:27,  1.03step/s]INFO 2026-07-17 09:47:14 ot_train.py:677 step:3K smpl:26K ep:109 epch:0.84 loss:0.010 grdn:0.478 lr:8.4e-06 updt_s:0.964 data_s:0.005 smp/s:8 mem_gb:31.43
Training:  66%|██████▌   | 3301/5000 [1:00:36<27:24,  1.03step/s]Training:  66%|██████▌   | 3302/5000 [1:00:37<27:22,  1.03step/s]Training:  66%|██████▌   | 3303/5000 [1:00:38<27:20,  1.03step/s]Training:  66%|██████▌   | 3304/5000 [1:00:39<27:24,  1.03step/s]Training:  66%|██████▌   | 3305/5000 [1:00:43<46:33,  1.65s/step]Training:  66%|██████▌   | 3306/5000 [1:00:44<40:41,  1.44s/step]Training:  66%|██████▌   | 3307/5000 [1:00:45<36:42,  1.30s/step]Training:  66%|██████▌   | 3308/5000 [1:00:46<33:51,  1.20s/step]Training:  66%|██████▌   | 3309/5000 [1:00:46<31:50,  1.13s/step]Training:  66%|██████▌   | 3310/5000 [1:00:47<30:24,  1.08s/step]INFO 2026-07-17 09:47:26 ot_train.py:677 step:3K smpl:26K ep:109 epch:0.84 loss:0.008 grdn:0.415 lr:8.3e-06 updt_s:1.188 data_s:0.005 smp/s:7 mem_gb:31.43
Training:  66%|██████▌   | 3311/5000 [1:00:48<29:26,  1.05s/step]Training:  66%|██████▌   | 3312/5000 [1:00:49<28:47,  1.02s/step]Training:  66%|██████▋   | 3313/5000 [1:00:50<28:22,  1.01s/step]Training:  66%|██████▋   | 3314/5000 [1:00:51<27:58,  1.00step/s]Training:  66%|██████▋   | 3315/5000 [1:00:52<27:42,  1.01step/s]Training:  66%|██████▋   | 3316/5000 [1:00:53<27:34,  1.02step/s]Training:  66%|██████▋   | 3317/5000 [1:00:54<27:24,  1.02step/s]Training:  66%|██████▋   | 3318/5000 [1:00:55<27:16,  1.03step/s]Training:  66%|██████▋   | 3319/5000 [1:00:56<27:12,  1.03step/s]Training:  66%|██████▋   | 3320/5000 [1:00:57<27:12,  1.03step/s]INFO 2026-07-17 09:47:35 ot_train.py:677 step:3K smpl:27K ep:109 epch:0.85 loss:0.010 grdn:0.447 lr:8.2e-06 updt_s:0.963 data_s:0.005 smp/s:8 mem_gb:31.43
Training:  66%|██████▋   | 3321/5000 [1:00:58<27:14,  1.03step/s]Training:  66%|██████▋   | 3322/5000 [1:00:59<27:09,  1.03step/s]Training:  66%|██████▋   | 3323/5000 [1:01:00<27:06,  1.03step/s]Training:  66%|██████▋   | 3324/5000 [1:01:01<27:05,  1.03step/s]Training:  66%|██████▋   | 3325/5000 [1:01:02<27:06,  1.03step/s]Training:  67%|██████▋   | 3326/5000 [1:01:03<27:01,  1.03step/s]Training:  67%|██████▋   | 3327/5000 [1:01:04<27:06,  1.03step/s]Training:  67%|██████▋   | 3328/5000 [1:01:05<27:08,  1.03step/s]Training:  67%|██████▋   | 3329/5000 [1:01:06<27:11,  1.02step/s]Training:  67%|██████▋   | 3330/5000 [1:01:07<27:07,  1.03step/s]INFO 2026-07-17 09:47:45 ot_train.py:677 step:3K smpl:27K ep:110 epch:0.85 loss:0.013 grdn:0.474 lr:8.2e-06 updt_s:0.967 data_s:0.005 smp/s:8 mem_gb:31.43
Training:  67%|██████▋   | 3331/5000 [1:01:08<27:04,  1.03step/s]Training:  67%|██████▋   | 3332/5000 [1:01:09<27:04,  1.03step/s]Training:  67%|██████▋   | 3333/5000 [1:01:10<27:01,  1.03step/s]Training:  67%|██████▋   | 3334/5000 [1:01:11<26:59,  1.03step/s]Training:  67%|██████▋   | 3335/5000 [1:01:12<26:58,  1.03step/s]Training:  67%|██████▋   | 3336/5000 [1:01:13<27:01,  1.03step/s]Training:  67%|██████▋   | 3337/5000 [1:01:14<27:01,  1.03step/s]Training:  67%|██████▋   | 3338/5000 [1:01:15<26:57,  1.03step/s]Training:  67%|██████▋   | 3339/5000 [1:01:16<27:02,  1.02step/s]Training:  67%|██████▋   | 3340/5000 [1:01:17<26:55,  1.03step/s]INFO 2026-07-17 09:47:55 ot_train.py:677 step:3K smpl:27K ep:110 epch:0.85 loss:0.007 grdn:0.369 lr:8.1e-06 updt_s:0.968 data_s:0.005 smp/s:8 mem_gb:31.43
Training:  67%|██████▋   | 3341/5000 [1:01:18<26:50,  1.03step/s]Training:  67%|██████▋   | 3342/5000 [1:01:19<26:46,  1.03step/s]Training:  67%|██████▋   | 3343/5000 [1:01:19<26:43,  1.03step/s]Training:  67%|██████▋   | 3344/5000 [1:01:20<26:45,  1.03step/s]Training:  67%|██████▋   | 3345/5000 [1:01:21<26:41,  1.03step/s]Training:  67%|██████▋   | 3346/5000 [1:01:22<26:44,  1.03step/s]Training:  67%|██████▋   | 3347/5000 [1:01:23<26:43,  1.03step/s]Training:  67%|██████▋   | 3348/5000 [1:01:24<26:44,  1.03step/s]Training:  67%|██████▋   | 3349/5000 [1:01:25<26:40,  1.03step/s]Training:  67%|██████▋   | 3350/5000 [1:01:26<26:38,  1.03step/s]INFO 2026-07-17 09:48:04 ot_train.py:677 step:3K smpl:27K ep:110 epch:0.85 loss:0.009 grdn:0.364 lr:8.1e-06 updt_s:0.963 data_s:0.005 smp/s:8 mem_gb:31.43
Training:  67%|██████▋   | 3351/5000 [1:01:27<26:43,  1.03step/s]Training:  67%|██████▋   | 3352/5000 [1:01:28<26:39,  1.03step/s]Training:  67%|██████▋   | 3353/5000 [1:01:29<26:40,  1.03step/s]Training:  67%|██████▋   | 3354/5000 [1:01:30<26:41,  1.03step/s]Training:  67%|██████▋   | 3355/5000 [1:01:31<26:38,  1.03step/s]Training:  67%|██████▋   | 3356/5000 [1:01:32<26:36,  1.03step/s]Training:  67%|██████▋   | 3357/5000 [1:01:33<26:32,  1.03step/s]Training:  67%|██████▋   | 3358/5000 [1:01:34<26:34,  1.03step/s]Training:  67%|██████▋   | 3359/5000 [1:01:35<26:28,  1.03step/s]Training:  67%|██████▋   | 3360/5000 [1:01:38<45:39,  1.67s/step]INFO 2026-07-17 09:48:17 ot_train.py:677 step:3K smpl:27K ep:111 epch:0.86 loss:0.008 grdn:0.401 lr:8.0e-06 updt_s:1.199 data_s:0.005 smp/s:7 mem_gb:31.43
Training:  67%|██████▋   | 3361/5000 [1:01:39<39:50,  1.46s/step]Training:  67%|██████▋   | 3362/5000 [1:01:40<35:57,  1.32s/step]Training:  67%|██████▋   | 3363/5000 [1:01:41<33:03,  1.21s/step]Training:  67%|██████▋   | 3364/5000 [1:01:42<31:02,  1.14s/step]Training:  67%|██████▋   | 3365/5000 [1:01:43<29:36,  1.09s/step]Training:  67%|██████▋   | 3366/5000 [1:01:44<28:39,  1.05s/step]Training:  67%|██████▋   | 3367/5000 [1:01:45<27:59,  1.03s/step]Training:  67%|██████▋   | 3368/5000 [1:01:46<27:26,  1.01s/step]Training:  67%|██████▋   | 3369/5000 [1:01:47<27:04,  1.00step/s]Training:  67%|██████▋   | 3370/5000 [1:01:48<26:53,  1.01step/s]INFO 2026-07-17 09:48:26 ot_train.py:677 step:3K smpl:27K ep:111 epch:0.86 loss:0.008 grdn:0.396 lr:7.9e-06 updt_s:0.965 data_s:0.005 smp/s:8 mem_gb:31.43
Training:  67%|██████▋   | 3371/5000 [1:01:49<26:39,  1.02step/s]Training:  67%|██████▋   | 3372/5000 [1:01:50<26:29,  1.02step/s]Training:  67%|██████▋   | 3373/5000 [1:01:51<26:23,  1.03step/s]Training:  67%|██████▋   | 3374/5000 [1:01:52<26:15,  1.03step/s]Training:  68%|██████▊   | 3375/5000 [1:01:53<26:16,  1.03step/s]Training:  68%|██████▊   | 3376/5000 [1:01:54<26:14,  1.03step/s]Training:  68%|██████▊   | 3377/5000 [1:01:55<26:11,  1.03step/s]Training:  68%|██████▊   | 3378/5000 [1:01:56<26:12,  1.03step/s]Training:  68%|██████▊   | 3379/5000 [1:01:57<26:09,  1.03step/s]Training:  68%|██████▊   | 3380/5000 [1:01:58<26:06,  1.03step/s]INFO 2026-07-17 09:48:36 ot_train.py:677 step:3K smpl:27K ep:111 epch:0.86 loss:0.008 grdn:0.454 lr:7.9e-06 updt_s:0.961 data_s:0.005 smp/s:8 mem_gb:31.43
Training:  68%|██████▊   | 3381/5000 [1:01:59<26:03,  1.04step/s]Training:  68%|██████▊   | 3382/5000 [1:02:00<26:06,  1.03step/s]Training:  68%|██████▊   | 3383/5000 [1:02:01<26:03,  1.03step/s]Training:  68%|██████▊   | 3384/5000 [1:02:02<26:01,  1.03step/s]Training:  68%|██████▊   | 3385/5000 [1:02:03<25:58,  1.04step/s]Training:  68%|██████▊   | 3386/5000 [1:02:03<25:53,  1.04step/s]Training:  68%|██████▊   | 3387/5000 [1:02:04<25:50,  1.04step/s]Training:  68%|██████▊   | 3388/5000 [1:02:05<25:54,  1.04step/s]Training:  68%|██████▊   | 3389/5000 [1:02:06<26:01,  1.03step/s]Training:  68%|██████▊   | 3390/5000 [1:02:07<26:02,  1.03step/s]INFO 2026-07-17 09:48:46 ot_train.py:677 step:3K smpl:27K ep:112 epch:0.86 loss:0.012 grdn:0.435 lr:7.8e-06 updt_s:0.962 data_s:0.005 smp/s:8 mem_gb:31.43
Training:  68%|██████▊   | 3391/5000 [1:02:08<25:59,  1.03step/s]Training:  68%|██████▊   | 3392/5000 [1:02:09<26:00,  1.03step/s]Training:  68%|██████▊   | 3393/5000 [1:02:10<25:58,  1.03step/s]Training:  68%|██████▊   | 3394/5000 [1:02:11<25:54,  1.03step/s]Training:  68%|██████▊   | 3395/5000 [1:02:12<25:55,  1.03step/s]Training:  68%|██████▊   | 3396/5000 [1:02:13<25:58,  1.03step/s]Training:  68%|██████▊   | 3397/5000 [1:02:14<25:54,  1.03step/s]Training:  68%|██████▊   | 3398/5000 [1:02:15<25:53,  1.03step/s]Training:  68%|██████▊   | 3399/5000 [1:02:16<25:53,  1.03step/s]Training:  68%|██████▊   | 3400/5000 [1:02:17<25:52,  1.03step/s]INFO 2026-07-17 09:48:55 ot_train.py:677 step:3K smpl:27K ep:112 epch:0.87 loss:0.007 grdn:0.393 lr:7.7e-06 updt_s:0.965 data_s:0.005 smp/s:8 mem_gb:31.43
Training:  68%|██████▊   | 3401/5000 [1:02:18<25:50,  1.03step/s]Training:  68%|██████▊   | 3402/5000 [1:02:19<25:50,  1.03step/s]Training:  68%|██████▊   | 3403/5000 [1:02:20<25:52,  1.03step/s]Training:  68%|██████▊   | 3404/5000 [1:02:21<25:47,  1.03step/s]Training:  68%|██████▊   | 3405/5000 [1:02:22<25:51,  1.03step/s]Training:  68%|██████▊   | 3406/5000 [1:02:23<25:48,  1.03step/s]Training:  68%|██████▊   | 3407/5000 [1:02:24<25:45,  1.03step/s]Training:  68%|██████▊   | 3408/5000 [1:02:25<25:42,  1.03step/s]Training:  68%|██████▊   | 3409/5000 [1:02:26<25:45,  1.03step/s]Training:  68%|██████▊   | 3410/5000 [1:02:27<25:43,  1.03step/s]INFO 2026-07-17 09:49:05 ot_train.py:677 step:3K smpl:27K ep:112 epch:0.87 loss:0.007 grdn:0.381 lr:7.7e-06 updt_s:0.966 data_s:0.005 smp/s:8 mem_gb:31.43
Training:  68%|██████▊   | 3411/5000 [1:02:28<25:43,  1.03step/s]Training:  68%|██████▊   | 3412/5000 [1:02:29<25:38,  1.03step/s]Training:  68%|██████▊   | 3413/5000 [1:02:30<25:36,  1.03step/s]Training:  68%|██████▊   | 3414/5000 [1:02:31<25:34,  1.03step/s]Training:  68%|██████▊   | 3415/5000 [1:02:32<25:38,  1.03step/s]Training:  68%|██████▊   | 3416/5000 [1:02:33<25:35,  1.03step/s]Training:  68%|██████▊   | 3417/5000 [1:02:34<25:36,  1.03step/s]Training:  68%|██████▊   | 3418/5000 [1:02:35<25:30,  1.03step/s]Training:  68%|██████▊   | 3419/5000 [1:02:38<45:00,  1.71s/step]Training:  68%|██████▊   | 3420/5000 [1:02:39<39:06,  1.48s/step]INFO 2026-07-17 09:49:17 ot_train.py:677 step:3K smpl:27K ep:113 epch:0.87 loss:0.026 grdn:0.679 lr:7.6e-06 updt_s:1.209 data_s:0.005 smp/s:7 mem_gb:31.43
Training:  68%|██████▊   | 3421/5000 [1:02:40<34:56,  1.33s/step]Training:  68%|██████▊   | 3422/5000 [1:02:41<32:00,  1.22s/step]Training:  68%|██████▊   | 3423/5000 [1:02:42<30:03,  1.14s/step]Training:  68%|██████▊   | 3424/5000 [1:02:43<28:35,  1.09s/step]Training:  68%|██████▊   | 3425/5000 [1:02:44<27:32,  1.05s/step]Training:  69%|██████▊   | 3426/5000 [1:02:45<26:48,  1.02s/step]Training:  69%|██████▊   | 3427/5000 [1:02:46<26:09,  1.00step/s]Training:  69%|██████▊   | 3428/5000 [1:02:47<25:44,  1.02step/s]Training:  69%|██████▊   | 3429/5000 [1:02:48<25:28,  1.03step/s]Training:  69%|██████▊   | 3430/5000 [1:02:48<25:18,  1.03step/s]INFO 2026-07-17 09:49:27 ot_train.py:677 step:3K smpl:27K ep:113 epch:0.87 loss:0.016 grdn:0.584 lr:7.6e-06 updt_s:0.951 data_s:0.005 smp/s:8 mem_gb:31.43
Training:  69%|██████▊   | 3431/5000 [1:02:49<25:06,  1.04step/s]Training:  69%|██████▊   | 3432/5000 [1:02:50<25:01,  1.04step/s]Training:  69%|██████▊   | 3433/5000 [1:02:51<24:53,  1.05step/s]Training:  69%|██████▊   | 3434/5000 [1:02:52<24:53,  1.05step/s]Training:  69%|██████▊   | 3435/5000 [1:02:53<24:50,  1.05step/s]Training:  69%|██████▊   | 3436/5000 [1:02:54<24:50,  1.05step/s]Training:  69%|██████▊   | 3437/5000 [1:02:55<24:55,  1.04step/s]Training:  69%|██████▉   | 3438/5000 [1:02:56<25:01,  1.04step/s]Training:  69%|██████▉   | 3439/5000 [1:02:57<25:05,  1.04step/s]Training:  69%|██████▉   | 3440/5000 [1:02:58<25:05,  1.04step/s]INFO 2026-07-17 09:49:36 ot_train.py:677 step:3K smpl:28K ep:113 epch:0.88 loss:0.007 grdn:0.317 lr:7.5e-06 updt_s:0.953 data_s:0.004 smp/s:8 mem_gb:31.43
Training:  69%|██████▉   | 3441/5000 [1:02:59<25:05,  1.04step/s]Training:  69%|██████▉   | 3442/5000 [1:03:00<25:12,  1.03step/s]Training:  69%|██████▉   | 3443/5000 [1:03:01<25:07,  1.03step/s]Training:  69%|██████▉   | 3444/5000 [1:03:02<25:04,  1.03step/s]Training:  69%|██████▉   | 3445/5000 [1:03:03<25:02,  1.04step/s]Training:  69%|██████▉   | 3446/5000 [1:03:04<25:01,  1.03step/s]Training:  69%|██████▉   | 3447/5000 [1:03:05<25:00,  1.04step/s]Training:  69%|██████▉   | 3448/5000 [1:03:06<25:01,  1.03step/s]Training:  69%|██████▉   | 3449/5000 [1:03:07<24:59,  1.03step/s]Training:  69%|██████▉   | 3450/5000 [1:03:08<24:56,  1.04step/s]INFO 2026-07-17 09:49:46 ot_train.py:677 step:3K smpl:28K ep:114 epch:0.88 loss:0.006 grdn:0.320 lr:7.5e-06 updt_s:0.962 data_s:0.005 smp/s:8 mem_gb:31.43
Training:  69%|██████▉   | 3451/5000 [1:03:09<25:01,  1.03step/s]Training:  69%|██████▉   | 3452/5000 [1:03:10<25:02,  1.03step/s]Training:  69%|██████▉   | 3453/5000 [1:03:11<25:02,  1.03step/s]Training:  69%|██████▉   | 3454/5000 [1:03:12<24:59,  1.03step/s]Training:  69%|██████▉   | 3455/5000 [1:03:13<25:05,  1.03step/s]Training:  69%|██████▉   | 3456/5000 [1:03:14<25:03,  1.03step/s]Training:  69%|██████▉   | 3457/5000 [1:03:15<25:06,  1.02step/s]Training:  69%|██████▉   | 3458/5000 [1:03:16<25:05,  1.02step/s]Training:  69%|██████▉   | 3459/5000 [1:03:16<25:01,  1.03step/s]Training:  69%|██████▉   | 3460/5000 [1:03:17<24:59,  1.03step/s]INFO 2026-07-17 09:49:56 ot_train.py:677 step:3K smpl:28K ep:114 epch:0.88 loss:0.010 grdn:0.434 lr:7.4e-06 updt_s:0.969 data_s:0.005 smp/s:8 mem_gb:31.43
Training:  69%|██████▉   | 3461/5000 [1:03:18<25:04,  1.02step/s]Training:  69%|██████▉   | 3462/5000 [1:03:19<25:02,  1.02step/s]Training:  69%|██████▉   | 3463/5000 [1:03:20<24:59,  1.02step/s]Training:  69%|██████▉   | 3464/5000 [1:03:21<25:00,  1.02step/s]Training:  69%|██████▉   | 3465/5000 [1:03:22<24:59,  1.02step/s]Training:  69%|██████▉   | 3466/5000 [1:03:23<24:57,  1.02step/s]Training:  69%|██████▉   | 3467/5000 [1:03:24<24:53,  1.03step/s]Training:  69%|██████▉   | 3468/5000 [1:03:25<24:53,  1.03step/s]Training:  69%|██████▉   | 3469/5000 [1:03:26<24:48,  1.03step/s]Training:  69%|██████▉   | 3470/5000 [1:03:27<24:49,  1.03step/s]INFO 2026-07-17 09:50:05 ot_train.py:677 step:3K smpl:28K ep:114 epch:0.89 loss:0.008 grdn:0.351 lr:7.3e-06 updt_s:0.970 data_s:0.005 smp/s:8 mem_gb:31.43
Training:  69%|██████▉   | 3471/5000 [1:03:28<24:43,  1.03step/s]Training:  69%|██████▉   | 3472/5000 [1:03:31<38:12,  1.50s/step]Training:  69%|██████▉   | 3473/5000 [1:03:32<34:07,  1.34s/step]Training:  69%|██████▉   | 3474/5000 [1:03:33<31:13,  1.23s/step]Training:  70%|██████▉   | 3475/5000 [1:03:34<29:10,  1.15s/step]Training:  70%|██████▉   | 3476/5000 [1:03:35<27:49,  1.10s/step]Training:  70%|██████▉   | 3477/5000 [1:03:36<26:49,  1.06s/step]Training:  70%|██████▉   | 3478/5000 [1:03:37<26:05,  1.03s/step]Training:  70%|██████▉   | 3479/5000 [1:03:38<25:41,  1.01s/step]Training:  70%|██████▉   | 3480/5000 [1:03:39<25:20,  1.00s/step]INFO 2026-07-17 09:50:17 ot_train.py:677 step:3K smpl:28K ep:114 epch:0.89 loss:0.007 grdn:0.350 lr:7.3e-06 updt_s:1.139 data_s:0.005 smp/s:7 mem_gb:31.43
Training:  70%|██████▉   | 3481/5000 [1:03:40<25:02,  1.01step/s]Training:  70%|██████▉   | 3482/5000 [1:03:41<24:52,  1.02step/s]Training:  70%|██████▉   | 3483/5000 [1:03:42<24:53,  1.02step/s]Training:  70%|██████▉   | 3484/5000 [1:03:43<24:50,  1.02step/s]Training:  70%|██████▉   | 3485/5000 [1:03:44<24:44,  1.02step/s]Training:  70%|██████▉   | 3486/5000 [1:03:44<24:41,  1.02step/s]Training:  70%|██████▉   | 3487/5000 [1:03:45<24:39,  1.02step/s]Training:  70%|██████▉   | 3488/5000 [1:03:46<24:31,  1.03step/s]Training:  70%|██████▉   | 3489/5000 [1:03:47<24:28,  1.03step/s]Training:  70%|██████▉   | 3490/5000 [1:03:48<24:27,  1.03step/s]INFO 2026-07-17 09:50:27 ot_train.py:677 step:3K smpl:28K ep:115 epch:0.89 loss:0.008 grdn:0.420 lr:7.2e-06 updt_s:0.967 data_s:0.005 smp/s:8 mem_gb:31.43
Training:  70%|██████▉   | 3491/5000 [1:03:49<24:24,  1.03step/s]Training:  70%|██████▉   | 3492/5000 [1:03:50<24:28,  1.03step/s]Training:  70%|██████▉   | 3493/5000 [1:03:51<24:25,  1.03step/s]Training:  70%|██████▉   | 3494/5000 [1:03:52<24:21,  1.03step/s]Training:  70%|██████▉   | 3495/5000 [1:03:53<24:22,  1.03step/s]Training:  70%|██████▉   | 3496/5000 [1:03:54<24:25,  1.03step/s]Training:  70%|██████▉   | 3497/5000 [1:03:55<24:23,  1.03step/s]Training:  70%|██████▉   | 3498/5000 [1:03:56<24:22,  1.03step/s]Training:  70%|██████▉   | 3499/5000 [1:03:57<24:21,  1.03step/s]Training:  70%|███████   | 3500/5000 [1:03:58<24:19,  1.03step/s]INFO 2026-07-17 09:50:36 ot_train.py:677 step:4K smpl:28K ep:115 epch:0.89 loss:0.008 grdn:0.383 lr:7.2e-06 updt_s:0.967 data_s:0.005 smp/s:8 mem_gb:31.43
Training:  70%|███████   | 3501/5000 [1:03:59<24:21,  1.03step/s]Training:  70%|███████   | 3502/5000 [1:04:00<24:21,  1.03step/s]Training:  70%|███████   | 3503/5000 [1:04:01<24:20,  1.03step/s]Training:  70%|███████   | 3504/5000 [1:04:02<24:21,  1.02step/s]Training:  70%|███████   | 3505/5000 [1:04:03<24:17,  1.03step/s]Training:  70%|███████   | 3506/5000 [1:04:04<24:15,  1.03step/s]Training:  70%|███████   | 3507/5000 [1:04:05<24:11,  1.03step/s]Training:  70%|███████   | 3508/5000 [1:04:06<24:08,  1.03step/s]Training:  70%|███████   | 3509/5000 [1:04:07<24:13,  1.03step/s]Training:  70%|███████   | 3510/5000 [1:04:08<24:10,  1.03step/s]INFO 2026-07-17 09:50:46 ot_train.py:677 step:4K smpl:28K ep:115 epch:0.90 loss:0.006 grdn:0.324 lr:7.1e-06 updt_s:0.969 data_s:0.005 smp/s:8 mem_gb:31.43
Training:  70%|███████   | 3511/5000 [1:04:09<24:07,  1.03step/s]Training:  70%|███████   | 3512/5000 [1:04:10<24:05,  1.03step/s]Training:  70%|███████   | 3513/5000 [1:04:11<24:10,  1.03step/s]Training:  70%|███████   | 3514/5000 [1:04:12<24:07,  1.03step/s]Training:  70%|███████   | 3515/5000 [1:04:13<24:06,  1.03step/s]Training:  70%|███████   | 3516/5000 [1:04:14<24:03,  1.03step/s]Training:  70%|███████   | 3517/5000 [1:04:15<24:06,  1.03step/s]Training:  70%|███████   | 3518/5000 [1:04:16<24:08,  1.02step/s]Training:  70%|███████   | 3519/5000 [1:04:17<24:04,  1.03step/s]Training:  70%|███████   | 3520/5000 [1:04:18<24:06,  1.02step/s]INFO 2026-07-17 09:50:56 ot_train.py:677 step:4K smpl:28K ep:116 epch:0.90 loss:0.010 grdn:0.463 lr:7.0e-06 updt_s:0.970 data_s:0.005 smp/s:8 mem_gb:31.43
Training:  70%|███████   | 3521/5000 [1:04:21<40:25,  1.64s/step]Training:  70%|███████   | 3522/5000 [1:04:22<35:25,  1.44s/step]Training:  70%|███████   | 3523/5000 [1:04:23<31:57,  1.30s/step]Training:  70%|███████   | 3524/5000 [1:04:24<29:34,  1.20s/step]Training:  70%|███████   | 3525/5000 [1:04:25<27:58,  1.14s/step]Training:  71%|███████   | 3526/5000 [1:04:26<26:43,  1.09s/step]Training:  71%|███████   | 3527/5000 [1:04:27<25:48,  1.05s/step]Training:  71%|███████   | 3528/5000 [1:04:28<25:12,  1.03s/step]Training:  71%|███████   | 3529/5000 [1:04:29<24:45,  1.01s/step]Training:  71%|███████   | 3530/5000 [1:04:30<24:26,  1.00step/s]INFO 2026-07-17 09:51:08 ot_train.py:677 step:4K smpl:28K ep:116 epch:0.90 loss:0.009 grdn:0.450 lr:7.0e-06 updt_s:1.188 data_s:0.005 smp/s:7 mem_gb:31.43
Training:  71%|███████   | 3531/5000 [1:04:31<24:17,  1.01step/s]Training:  71%|███████   | 3532/5000 [1:04:32<24:10,  1.01step/s]Training:  71%|███████   | 3533/5000 [1:04:32<24:00,  1.02step/s]Training:  71%|███████   | 3534/5000 [1:04:33<23:57,  1.02step/s]Training:  71%|███████   | 3535/5000 [1:04:34<23:54,  1.02step/s]Training:  71%|███████   | 3536/5000 [1:04:35<23:48,  1.03step/s]Training:  71%|███████   | 3537/5000 [1:04:36<23:45,  1.03step/s]Training:  71%|███████   | 3538/5000 [1:04:37<23:49,  1.02step/s]Training:  71%|███████   | 3539/5000 [1:04:38<23:46,  1.02step/s]Training:  71%|███████   | 3540/5000 [1:04:39<23:41,  1.03step/s]INFO 2026-07-17 09:51:17 ot_train.py:677 step:4K smpl:28K ep:116 epch:0.90 loss:0.005 grdn:0.306 lr:6.9e-06 updt_s:0.969 data_s:0.005 smp/s:8 mem_gb:31.43
Training:  71%|███████   | 3541/5000 [1:04:40<23:41,  1.03step/s]Training:  71%|███████   | 3542/5000 [1:04:41<23:38,  1.03step/s]Training:  71%|███████   | 3543/5000 [1:04:42<23:35,  1.03step/s]Training:  71%|███████   | 3544/5000 [1:04:43<23:32,  1.03step/s]Training:  71%|███████   | 3545/5000 [1:04:44<23:30,  1.03step/s]Training:  71%|███████   | 3546/5000 [1:04:45<23:31,  1.03step/s]Training:  71%|███████   | 3547/5000 [1:04:46<23:33,  1.03step/s]Training:  71%|███████   | 3548/5000 [1:04:47<23:30,  1.03step/s]Training:  71%|███████   | 3549/5000 [1:04:48<23:28,  1.03step/s]Training:  71%|███████   | 3550/5000 [1:04:49<23:28,  1.03step/s]INFO 2026-07-17 09:51:27 ot_train.py:677 step:4K smpl:28K ep:117 epch:0.91 loss:0.010 grdn:0.444 lr:6.9e-06 updt_s:0.965 data_s:0.005 smp/s:8 mem_gb:31.43
Training:  71%|███████   | 3551/5000 [1:04:50<23:28,  1.03step/s]Training:  71%|███████   | 3552/5000 [1:04:51<23:25,  1.03step/s]Training:  71%|███████   | 3553/5000 [1:04:52<23:24,  1.03step/s]Training:  71%|███████   | 3554/5000 [1:04:53<23:27,  1.03step/s]Training:  71%|███████   | 3555/5000 [1:04:54<23:29,  1.03step/s]Training:  71%|███████   | 3556/5000 [1:04:55<23:24,  1.03step/s]Training:  71%|███████   | 3557/5000 [1:04:56<23:22,  1.03step/s]Training:  71%|███████   | 3558/5000 [1:04:57<23:23,  1.03step/s]Training:  71%|███████   | 3559/5000 [1:04:58<23:21,  1.03step/s]Training:  71%|███████   | 3560/5000 [1:04:59<23:18,  1.03step/s]INFO 2026-07-17 09:51:37 ot_train.py:677 step:4K smpl:28K ep:117 epch:0.91 loss:0.014 grdn:0.501 lr:6.8e-06 updt_s:0.967 data_s:0.005 smp/s:8 mem_gb:31.43
Training:  71%|███████   | 3561/5000 [1:05:00<23:17,  1.03step/s]Training:  71%|███████   | 3562/5000 [1:05:01<23:18,  1.03step/s]Training:  71%|███████▏  | 3563/5000 [1:05:02<23:21,  1.02step/s]Training:  71%|███████▏  | 3564/5000 [1:05:03<23:18,  1.03step/s]Training:  71%|███████▏  | 3565/5000 [1:05:04<23:16,  1.03step/s]Training:  71%|███████▏  | 3566/5000 [1:05:05<23:17,  1.03step/s]Training:  71%|███████▏  | 3567/5000 [1:05:06<23:12,  1.03step/s]Training:  71%|███████▏  | 3568/5000 [1:05:07<23:09,  1.03step/s]Training:  71%|███████▏  | 3569/5000 [1:05:07<23:07,  1.03step/s]Training:  71%|███████▏  | 3570/5000 [1:05:08<23:06,  1.03step/s]INFO 2026-07-17 09:51:47 ot_train.py:677 step:4K smpl:29K ep:117 epch:0.91 loss:0.010 grdn:0.474 lr:6.8e-06 updt_s:0.966 data_s:0.005 smp/s:8 mem_gb:31.43
Training:  71%|███████▏  | 3571/5000 [1:05:09<23:09,  1.03step/s]Training:  71%|███████▏  | 3572/5000 [1:05:10<23:07,  1.03step/s]Training:  71%|███████▏  | 3573/5000 [1:05:11<23:05,  1.03step/s]Training:  71%|███████▏  | 3574/5000 [1:05:12<23:06,  1.03step/s]Training:  72%|███████▏  | 3575/5000 [1:05:13<23:04,  1.03step/s]Training:  72%|███████▏  | 3576/5000 [1:05:14<23:02,  1.03step/s]Training:  72%|███████▏  | 3577/5000 [1:05:15<23:00,  1.03step/s]Training:  72%|███████▏  | 3578/5000 [1:05:16<23:03,  1.03step/s]Training:  72%|███████▏  | 3579/5000 [1:05:17<23:04,  1.03step/s]Training:  72%|███████▏  | 3580/5000 [1:05:18<23:01,  1.03step/s]INFO 2026-07-17 09:51:56 ot_train.py:677 step:4K smpl:29K ep:118 epch:0.91 loss:0.011 grdn:0.553 lr:6.7e-06 updt_s:0.967 data_s:0.005 smp/s:8 mem_gb:31.43
Training:  72%|███████▏  | 3581/5000 [1:05:19<23:00,  1.03step/s]Training:  72%|███████▏  | 3582/5000 [1:05:20<22:58,  1.03step/s]Training:  72%|███████▏  | 3583/5000 [1:05:21<22:54,  1.03step/s]Training:  72%|███████▏  | 3584/5000 [1:05:22<22:51,  1.03step/s]Training:  72%|███████▏  | 3585/5000 [1:05:23<22:52,  1.03step/s]Training:  72%|███████▏  | 3586/5000 [1:05:24<22:55,  1.03step/s]Training:  72%|███████▏  | 3587/5000 [1:05:27<38:19,  1.63s/step]Training:  72%|███████▏  | 3588/5000 [1:05:28<33:40,  1.43s/step]Training:  72%|███████▏  | 3589/5000 [1:05:29<30:22,  1.29s/step]Training:  72%|███████▏  | 3590/5000 [1:05:30<28:04,  1.20s/step]INFO 2026-07-17 09:52:08 ot_train.py:677 step:4K smpl:29K ep:118 epch:0.92 loss:0.005 grdn:0.321 lr:6.7e-06 updt_s:1.183 data_s:0.005 smp/s:7 mem_gb:31.43
Training:  72%|███████▏  | 3591/5000 [1:05:31<26:28,  1.13s/step]Training:  72%|███████▏  | 3592/5000 [1:05:32<25:23,  1.08s/step]Training:  72%|███████▏  | 3593/5000 [1:05:33<24:35,  1.05s/step]Training:  72%|███████▏  | 3594/5000 [1:05:34<24:02,  1.03s/step]Training:  72%|███████▏  | 3595/5000 [1:05:35<23:36,  1.01s/step]Training:  72%|███████▏  | 3596/5000 [1:05:36<23:16,  1.01step/s]Training:  72%|███████▏  | 3597/5000 [1:05:37<23:03,  1.01step/s]Training:  72%|███████▏  | 3598/5000 [1:05:38<23:00,  1.02step/s]Training:  72%|███████▏  | 3599/5000 [1:05:39<22:52,  1.02step/s]Training:  72%|███████▏  | 3600/5000 [1:05:40<22:48,  1.02step/s]INFO 2026-07-17 09:52:18 ot_train.py:677 step:4K smpl:29K ep:118 epch:0.92 loss:0.004 grdn:0.272 lr:6.6e-06 updt_s:0.965 data_s:0.005 smp/s:8 mem_gb:31.43
Training:  72%|███████▏  | 3601/5000 [1:05:41<22:45,  1.02step/s]Training:  72%|███████▏  | 3602/5000 [1:05:42<22:42,  1.03step/s]Training:  72%|███████▏  | 3603/5000 [1:05:43<22:36,  1.03step/s]Training:  72%|███████▏  | 3604/5000 [1:05:44<22:34,  1.03step/s]Training:  72%|███████▏  | 3605/5000 [1:05:45<22:36,  1.03step/s]Training:  72%|███████▏  | 3606/5000 [1:05:46<22:37,  1.03step/s]Training:  72%|███████▏  | 3607/5000 [1:05:47<22:36,  1.03step/s]Training:  72%|███████▏  | 3608/5000 [1:05:48<22:33,  1.03step/s]Training:  72%|███████▏  | 3609/5000 [1:05:49<22:33,  1.03step/s]Training:  72%|███████▏  | 3610/5000 [1:05:49<22:31,  1.03step/s]INFO 2026-07-17 09:52:28 ot_train.py:677 step:4K smpl:29K ep:119 epch:0.92 loss:0.008 grdn:0.432 lr:6.5e-06 updt_s:0.966 data_s:0.005 smp/s:8 mem_gb:31.43
Training:  72%|███████▏  | 3611/5000 [1:05:50<22:28,  1.03step/s]Training:  72%|███████▏  | 3612/5000 [1:05:51<22:25,  1.03step/s]Training:  72%|███████▏  | 3613/5000 [1:05:52<22:25,  1.03step/s]Training:  72%|███████▏  | 3614/5000 [1:05:53<22:26,  1.03step/s]Training:  72%|███████▏  | 3615/5000 [1:05:54<22:25,  1.03step/s]Training:  72%|███████▏  | 3616/5000 [1:05:55<22:21,  1.03step/s]Training:  72%|███████▏  | 3617/5000 [1:05:56<22:23,  1.03step/s]Training:  72%|███████▏  | 3618/5000 [1:05:57<22:20,  1.03step/s]Training:  72%|███████▏  | 3619/5000 [1:05:58<22:21,  1.03step/s]Training:  72%|███████▏  | 3620/5000 [1:05:59<22:15,  1.03step/s]INFO 2026-07-17 09:52:37 ot_train.py:677 step:4K smpl:29K ep:119 epch:0.92 loss:0.006 grdn:0.342 lr:6.5e-06 updt_s:0.964 data_s:0.005 smp/s:8 mem_gb:31.43
Training:  72%|███████▏  | 3621/5000 [1:06:00<22:13,  1.03step/s]Training:  72%|███████▏  | 3622/5000 [1:06:01<22:17,  1.03step/s]Training:  72%|███████▏  | 3623/5000 [1:06:02<22:14,  1.03step/s]Training:  72%|███████▏  | 3624/5000 [1:06:03<22:12,  1.03step/s]Training:  72%|███████▎  | 3625/5000 [1:06:04<22:17,  1.03step/s]Training:  73%|███████▎  | 3626/5000 [1:06:05<22:14,  1.03step/s]Training:  73%|███████▎  | 3627/5000 [1:06:06<22:11,  1.03step/s]Training:  73%|███████▎  | 3628/5000 [1:06:07<22:09,  1.03step/s]Training:  73%|███████▎  | 3629/5000 [1:06:08<22:07,  1.03step/s]Training:  73%|███████▎  | 3630/5000 [1:06:09<22:11,  1.03step/s]INFO 2026-07-17 09:52:47 ot_train.py:677 step:4K smpl:29K ep:119 epch:0.93 loss:0.006 grdn:0.302 lr:6.4e-06 updt_s:0.965 data_s:0.005 smp/s:8 mem_gb:31.43
Training:  73%|███████▎  | 3631/5000 [1:06:10<22:11,  1.03step/s]Training:  73%|███████▎  | 3632/5000 [1:06:11<22:08,  1.03step/s]Training:  73%|███████▎  | 3633/5000 [1:06:12<22:11,  1.03step/s]Training:  73%|███████▎  | 3634/5000 [1:06:13<22:08,  1.03step/s]Training:  73%|███████▎  | 3635/5000 [1:06:14<22:06,  1.03step/s]Training:  73%|███████▎  | 3636/5000 [1:06:15<22:05,  1.03step/s]Training:  73%|███████▎  | 3637/5000 [1:06:16<22:03,  1.03step/s]Training:  73%|███████▎  | 3638/5000 [1:06:17<22:09,  1.02step/s]Training:  73%|███████▎  | 3639/5000 [1:06:18<22:10,  1.02step/s]Training:  73%|███████▎  | 3640/5000 [1:06:19<22:05,  1.03step/s]INFO 2026-07-17 09:52:57 ot_train.py:677 step:4K smpl:29K ep:120 epch:0.93 loss:0.011 grdn:0.460 lr:6.4e-06 updt_s:0.968 data_s:0.005 smp/s:8 mem_gb:31.43
Training:  73%|███████▎  | 3641/5000 [1:06:20<22:03,  1.03step/s]Training:  73%|███████▎  | 3642/5000 [1:06:21<22:06,  1.02step/s]Training:  73%|███████▎  | 3643/5000 [1:06:22<22:03,  1.02step/s]Training:  73%|███████▎  | 3644/5000 [1:06:23<21:59,  1.03step/s]Training:  73%|███████▎  | 3645/5000 [1:06:23<21:56,  1.03step/s]Training:  73%|███████▎  | 3646/5000 [1:06:27<37:44,  1.67s/step]Training:  73%|███████▎  | 3647/5000 [1:06:28<33:02,  1.47s/step]Training:  73%|███████▎  | 3648/5000 [1:06:29<29:40,  1.32s/step]Training:  73%|███████▎  | 3649/5000 [1:06:30<27:18,  1.21s/step]Training:  73%|███████▎  | 3650/5000 [1:06:31<25:40,  1.14s/step]INFO 2026-07-17 09:53:09 ot_train.py:677 step:4K smpl:29K ep:120 epch:0.93 loss:0.009 grdn:0.368 lr:6.3e-06 updt_s:1.201 data_s:0.005 smp/s:7 mem_gb:31.43
Training:  73%|███████▎  | 3651/5000 [1:06:32<24:28,  1.09s/step]Training:  73%|███████▎  | 3652/5000 [1:06:33<23:37,  1.05s/step]Training:  73%|███████▎  | 3653/5000 [1:06:34<23:03,  1.03s/step]Training:  73%|███████▎  | 3654/5000 [1:06:35<22:44,  1.01s/step]Training:  73%|███████▎  | 3655/5000 [1:06:36<22:26,  1.00s/step]Training:  73%|███████▎  | 3656/5000 [1:06:37<22:12,  1.01step/s]Training:  73%|███████▎  | 3657/5000 [1:06:37<22:07,  1.01step/s]Training:  73%|███████▎  | 3658/5000 [1:06:38<21:59,  1.02step/s]Training:  73%|███████▎  | 3659/5000 [1:06:39<21:51,  1.02step/s]Training:  73%|███████▎  | 3660/5000 [1:06:40<21:50,  1.02step/s]INFO 2026-07-17 09:53:19 ot_train.py:677 step:4K smpl:29K ep:120 epch:0.93 loss:0.009 grdn:0.401 lr:6.3e-06 updt_s:0.967 data_s:0.005 smp/s:8 mem_gb:31.43
Training:  73%|███████▎  | 3661/5000 [1:06:41<21:48,  1.02step/s]Training:  73%|███████▎  | 3662/5000 [1:06:42<21:43,  1.03step/s]Training:  73%|███████▎  | 3663/5000 [1:06:43<21:43,  1.03step/s]Training:  73%|███████▎  | 3664/5000 [1:06:44<21:38,  1.03step/s]Training:  73%|███████▎  | 3665/5000 [1:06:45<21:37,  1.03step/s]Training:  73%|███████▎  | 3666/5000 [1:06:46<21:33,  1.03step/s]Training:  73%|███████▎  | 3667/5000 [1:06:47<21:31,  1.03step/s]Training:  73%|███████▎  | 3668/5000 [1:06:48<21:34,  1.03step/s]Training:  73%|███████▎  | 3669/5000 [1:06:49<21:36,  1.03step/s]Training:  73%|███████▎  | 3670/5000 [1:06:50<21:31,  1.03step/s]INFO 2026-07-17 09:53:28 ot_train.py:677 step:4K smpl:29K ep:121 epch:0.94 loss:0.005 grdn:0.296 lr:6.2e-06 updt_s:0.966 data_s:0.005 smp/s:8 mem_gb:31.43
Training:  73%|███████▎  | 3671/5000 [1:06:51<21:28,  1.03step/s]Training:  73%|███████▎  | 3672/5000 [1:06:52<21:24,  1.03step/s]Training:  73%|███████▎  | 3673/5000 [1:06:53<21:21,  1.04step/s]Training:  73%|███████▎  | 3674/5000 [1:06:54<21:18,  1.04step/s]Training:  74%|███████▎  | 3675/5000 [1:06:55<21:15,  1.04step/s]Training:  74%|███████▎  | 3676/5000 [1:06:56<21:18,  1.04step/s]Training:  74%|███████▎  | 3677/5000 [1:06:57<21:17,  1.04step/s]Training:  74%|███████▎  | 3678/5000 [1:06:58<21:14,  1.04step/s]Training:  74%|███████▎  | 3679/5000 [1:06:59<21:16,  1.04step/s]Training:  74%|███████▎  | 3680/5000 [1:07:00<21:14,  1.04step/s]INFO 2026-07-17 09:53:38 ot_train.py:677 step:4K smpl:29K ep:121 epch:0.94 loss:0.008 grdn:0.412 lr:6.2e-06 updt_s:0.959 data_s:0.005 smp/s:8 mem_gb:31.43
Training:  74%|███████▎  | 3681/5000 [1:07:01<21:11,  1.04step/s]Training:  74%|███████▎  | 3682/5000 [1:07:02<21:10,  1.04step/s]Training:  74%|███████▎  | 3683/5000 [1:07:03<21:08,  1.04step/s]Training:  74%|███████▎  | 3684/5000 [1:07:04<21:12,  1.03step/s]Training:  74%|███████▎  | 3685/5000 [1:07:05<21:09,  1.04step/s]Training:  74%|███████▎  | 3686/5000 [1:07:06<21:06,  1.04step/s]Training:  74%|███████▎  | 3687/5000 [1:07:07<21:08,  1.04step/s]Training:  74%|███████▍  | 3688/5000 [1:07:07<21:05,  1.04step/s]Training:  74%|███████▍  | 3689/5000 [1:07:08<21:03,  1.04step/s]Training:  74%|███████▍  | 3690/5000 [1:07:09<21:01,  1.04step/s]INFO 2026-07-17 09:53:48 ot_train.py:677 step:4K smpl:30K ep:121 epch:0.94 loss:0.007 grdn:0.363 lr:6.1e-06 updt_s:0.959 data_s:0.005 smp/s:8 mem_gb:31.43
Training:  74%|███████▍  | 3691/5000 [1:07:10<21:00,  1.04step/s]Training:  74%|███████▍  | 3692/5000 [1:07:11<21:02,  1.04step/s]Training:  74%|███████▍  | 3693/5000 [1:07:12<21:01,  1.04step/s]Training:  74%|███████▍  | 3694/5000 [1:07:13<21:00,  1.04step/s]Training:  74%|███████▍  | 3695/5000 [1:07:14<21:02,  1.03step/s]Training:  74%|███████▍  | 3696/5000 [1:07:15<20:58,  1.04step/s]Training:  74%|███████▍  | 3697/5000 [1:07:16<20:55,  1.04step/s]Training:  74%|███████▍  | 3698/5000 [1:07:17<20:54,  1.04step/s]Training:  74%|███████▍  | 3699/5000 [1:07:18<20:53,  1.04step/s]Training:  74%|███████▍  | 3700/5000 [1:07:19<20:56,  1.03step/s]INFO 2026-07-17 09:53:57 ot_train.py:677 step:4K smpl:30K ep:122 epch:0.94 loss:0.006 grdn:0.364 lr:6.1e-06 updt_s:0.961 data_s:0.005 smp/s:8 mem_gb:31.43
Training:  74%|███████▍  | 3701/5000 [1:07:22<33:43,  1.56s/step]Training:  74%|███████▍  | 3702/5000 [1:07:23<29:47,  1.38s/step]Training:  74%|███████▍  | 3703/5000 [1:07:24<27:04,  1.25s/step]Training:  74%|███████▍  | 3704/5000 [1:07:25<25:10,  1.17s/step]Training:  74%|███████▍  | 3705/5000 [1:07:26<23:53,  1.11s/step]Training:  74%|███████▍  | 3706/5000 [1:07:27<22:57,  1.06s/step]Training:  74%|███████▍  | 3707/5000 [1:07:28<22:16,  1.03s/step]Training:  74%|███████▍  | 3708/5000 [1:07:29<21:49,  1.01s/step]Training:  74%|███████▍  | 3709/5000 [1:07:30<21:28,  1.00step/s]Training:  74%|███████▍  | 3710/5000 [1:07:31<21:14,  1.01step/s]INFO 2026-07-17 09:54:09 ot_train.py:677 step:4K smpl:30K ep:122 epch:0.95 loss:0.009 grdn:0.451 lr:6.0e-06 updt_s:1.156 data_s:0.005 smp/s:7 mem_gb:31.43
Training:  74%|███████▍  | 3711/5000 [1:07:32<21:04,  1.02step/s]Training:  74%|███████▍  | 3712/5000 [1:07:33<20:59,  1.02step/s]Training:  74%|███████▍  | 3713/5000 [1:07:34<20:52,  1.03step/s]Training:  74%|███████▍  | 3714/5000 [1:07:35<20:48,  1.03step/s]Training:  74%|███████▍  | 3715/5000 [1:07:35<20:43,  1.03step/s]Training:  74%|███████▍  | 3716/5000 [1:07:36<20:39,  1.04step/s]Training:  74%|███████▍  | 3717/5000 [1:07:37<20:37,  1.04step/s]Training:  74%|███████▍  | 3718/5000 [1:07:38<20:35,  1.04step/s]Training:  74%|███████▍  | 3719/5000 [1:07:39<20:37,  1.04step/s]Training:  74%|███████▍  | 3720/5000 [1:07:40<20:36,  1.04step/s]INFO 2026-07-17 09:54:19 ot_train.py:677 step:4K smpl:30K ep:122 epch:0.95 loss:0.014 grdn:0.452 lr:6.0e-06 updt_s:0.959 data_s:0.005 smp/s:8 mem_gb:31.43
Training:  74%|███████▍  | 3721/5000 [1:07:41<20:34,  1.04step/s]Training:  74%|███████▍  | 3722/5000 [1:07:42<20:34,  1.04step/s]Training:  74%|███████▍  | 3723/5000 [1:07:43<20:32,  1.04step/s]Training:  74%|███████▍  | 3724/5000 [1:07:44<20:30,  1.04step/s]Training:  74%|███████▍  | 3725/5000 [1:07:45<20:28,  1.04step/s]Training:  75%|███████▍  | 3726/5000 [1:07:46<20:25,  1.04step/s]Training:  75%|███████▍  | 3727/5000 [1:07:47<20:26,  1.04step/s]Training:  75%|███████▍  | 3728/5000 [1:07:48<20:29,  1.03step/s]Training:  75%|███████▍  | 3729/5000 [1:07:49<20:27,  1.04step/s]Training:  75%|███████▍  | 3730/5000 [1:07:50<20:25,  1.04step/s]INFO 2026-07-17 09:54:28 ot_train.py:677 step:4K smpl:30K ep:123 epch:0.95 loss:0.012 grdn:0.486 lr:5.9e-06 updt_s:0.960 data_s:0.005 smp/s:8 mem_gb:31.43
Training:  75%|███████▍  | 3731/5000 [1:07:51<20:27,  1.03step/s]Training:  75%|███████▍  | 3732/5000 [1:07:52<20:24,  1.04step/s]Training:  75%|███████▍  | 3733/5000 [1:07:53<20:21,  1.04step/s]Training:  75%|███████▍  | 3734/5000 [1:07:54<20:20,  1.04step/s]Training:  75%|███████▍  | 3735/5000 [1:07:55<20:23,  1.03step/s]Training:  75%|███████▍  | 3736/5000 [1:07:56<20:24,  1.03step/s]Training:  75%|███████▍  | 3737/5000 [1:07:57<20:20,  1.03step/s]Training:  75%|███████▍  | 3738/5000 [1:07:58<20:18,  1.04step/s]Training:  75%|███████▍  | 3739/5000 [1:07:59<20:16,  1.04step/s]Training:  75%|███████▍  | 3740/5000 [1:08:00<20:13,  1.04step/s]INFO 2026-07-17 09:54:38 ot_train.py:677 step:4K smpl:30K ep:123 epch:0.95 loss:0.009 grdn:0.444 lr:5.9e-06 updt_s:0.960 data_s:0.005 smp/s:8 mem_gb:31.43
Training:  75%|███████▍  | 3741/5000 [1:08:01<20:11,  1.04step/s]Training:  75%|███████▍  | 3742/5000 [1:08:02<20:10,  1.04step/s]Training:  75%|███████▍  | 3743/5000 [1:08:03<20:11,  1.04step/s]Training:  75%|███████▍  | 3744/5000 [1:08:03<20:09,  1.04step/s]Training:  75%|███████▍  | 3745/5000 [1:08:04<20:07,  1.04step/s]Training:  75%|███████▍  | 3746/5000 [1:08:05<20:10,  1.04step/s]Training:  75%|███████▍  | 3747/5000 [1:08:06<20:07,  1.04step/s]Training:  75%|███████▍  | 3748/5000 [1:08:07<20:06,  1.04step/s]Training:  75%|███████▍  | 3749/5000 [1:08:08<20:04,  1.04step/s]Training:  75%|███████▌  | 3750/5000 [1:08:09<20:02,  1.04step/s]INFO 2026-07-17 09:54:47 ot_train.py:677 step:4K smpl:30K ep:123 epch:0.96 loss:0.008 grdn:0.389 lr:5.8e-06 updt_s:0.958 data_s:0.004 smp/s:8 mem_gb:31.43
Training:  75%|███████▌  | 3751/5000 [1:08:10<20:07,  1.03step/s]Training:  75%|███████▌  | 3752/5000 [1:08:11<20:05,  1.04step/s]Training:  75%|███████▌  | 3753/5000 [1:08:12<20:02,  1.04step/s]Training:  75%|███████▌  | 3754/5000 [1:08:13<20:04,  1.03step/s]Training:  75%|███████▌  | 3755/5000 [1:08:14<20:01,  1.04step/s]Training:  75%|███████▌  | 3756/5000 [1:08:15<19:59,  1.04step/s]Training:  75%|███████▌  | 3757/5000 [1:08:16<19:57,  1.04step/s]Training:  75%|███████▌  | 3758/5000 [1:08:17<19:58,  1.04step/s]Training:  75%|███████▌  | 3759/5000 [1:08:18<20:00,  1.03step/s]Training:  75%|███████▌  | 3760/5000 [1:08:21<33:51,  1.64s/step]INFO 2026-07-17 09:54:59 ot_train.py:677 step:4K smpl:30K ep:124 epch:0.96 loss:0.006 grdn:0.332 lr:5.8e-06 updt_s:1.185 data_s:0.005 smp/s:7 mem_gb:31.43
Training:  75%|███████▌  | 3761/5000 [1:08:22<29:39,  1.44s/step]Training:  75%|███████▌  | 3762/5000 [1:08:23<26:41,  1.29s/step]Training:  75%|███████▌  | 3763/5000 [1:08:24<24:37,  1.19s/step]Training:  75%|███████▌  | 3764/5000 [1:08:25<23:10,  1.13s/step]Training:  75%|███████▌  | 3765/5000 [1:08:26<22:15,  1.08s/step]Training:  75%|███████▌  | 3766/5000 [1:08:27<21:31,  1.05s/step]Training:  75%|███████▌  | 3767/5000 [1:08:28<20:59,  1.02s/step]Training:  75%|███████▌  | 3768/5000 [1:08:29<20:40,  1.01s/step]Training:  75%|███████▌  | 3769/5000 [1:08:30<20:24,  1.01step/s]Training:  75%|███████▌  | 3770/5000 [1:08:31<20:11,  1.01step/s]INFO 2026-07-17 09:55:09 ot_train.py:677 step:4K smpl:30K ep:124 epch:0.96 loss:0.016 grdn:0.645 lr:5.7e-06 updt_s:0.961 data_s:0.005 smp/s:8 mem_gb:31.43
Training:  75%|███████▌  | 3771/5000 [1:08:32<20:04,  1.02step/s]Training:  75%|███████▌  | 3772/5000 [1:08:33<19:58,  1.02step/s]Training:  75%|███████▌  | 3773/5000 [1:08:34<19:53,  1.03step/s]Training:  75%|███████▌  | 3774/5000 [1:08:35<19:52,  1.03step/s]Training:  76%|███████▌  | 3775/5000 [1:08:36<19:48,  1.03step/s]Training:  76%|███████▌  | 3776/5000 [1:08:37<19:44,  1.03step/s]Training:  76%|███████▌  | 3777/5000 [1:08:38<19:42,  1.03step/s]Training:  76%|███████▌  | 3778/5000 [1:08:39<19:43,  1.03step/s]Training:  76%|███████▌  | 3779/5000 [1:08:40<19:46,  1.03step/s]Training:  76%|███████▌  | 3780/5000 [1:08:40<19:41,  1.03step/s]INFO 2026-07-17 09:55:19 ot_train.py:677 step:4K smpl:30K ep:124 epch:0.96 loss:0.010 grdn:0.459 lr:5.7e-06 updt_s:0.962 data_s:0.005 smp/s:8 mem_gb:31.43
Training:  76%|███████▌  | 3781/5000 [1:08:41<19:38,  1.03step/s]Training:  76%|███████▌  | 3782/5000 [1:08:42<19:38,  1.03step/s]Training:  76%|███████▌  | 3783/5000 [1:08:43<19:35,  1.04step/s]Training:  76%|███████▌  | 3784/5000 [1:08:44<19:33,  1.04step/s]Training:  76%|███████▌  | 3785/5000 [1:08:45<19:32,  1.04step/s]Training:  76%|███████▌  | 3786/5000 [1:08:46<19:31,  1.04step/s]Training:  76%|███████▌  | 3787/5000 [1:08:47<19:38,  1.03step/s]Training:  76%|███████▌  | 3788/5000 [1:08:48<19:36,  1.03step/s]Training:  76%|███████▌  | 3789/5000 [1:08:49<19:33,  1.03step/s]Training:  76%|███████▌  | 3790/5000 [1:08:50<19:31,  1.03step/s]INFO 2026-07-17 09:55:28 ot_train.py:677 step:4K smpl:30K ep:125 epch:0.97 loss:0.017 grdn:0.601 lr:5.6e-06 updt_s:0.962 data_s:0.005 smp/s:8 mem_gb:31.43
Training:  76%|███████▌  | 3791/5000 [1:08:51<19:27,  1.04step/s]Training:  76%|███████▌  | 3792/5000 [1:08:52<19:26,  1.04step/s]Training:  76%|███████▌  | 3793/5000 [1:08:53<19:24,  1.04step/s]Training:  76%|███████▌  | 3794/5000 [1:08:54<19:22,  1.04step/s]Training:  76%|███████▌  | 3795/5000 [1:08:55<19:24,  1.03step/s]Training:  76%|███████▌  | 3796/5000 [1:08:56<19:25,  1.03step/s]Training:  76%|███████▌  | 3797/5000 [1:08:57<19:22,  1.03step/s]Training:  76%|███████▌  | 3798/5000 [1:08:58<19:20,  1.04step/s]Training:  76%|███████▌  | 3799/5000 [1:08:59<19:20,  1.03step/s]Training:  76%|███████▌  | 3800/5000 [1:09:00<19:17,  1.04step/s]INFO 2026-07-17 09:55:38 ot_train.py:677 step:4K smpl:30K ep:125 epch:0.97 loss:0.011 grdn:0.495 lr:5.6e-06 updt_s:0.960 data_s:0.005 smp/s:8 mem_gb:31.43
Training:  76%|███████▌  | 3801/5000 [1:09:01<19:15,  1.04step/s]Training:  76%|███████▌  | 3802/5000 [1:09:02<19:15,  1.04step/s]Training:  76%|███████▌  | 3803/5000 [1:09:03<19:16,  1.03step/s]Training:  76%|███████▌  | 3804/5000 [1:09:04<19:18,  1.03step/s]Training:  76%|███████▌  | 3805/5000 [1:09:05<19:15,  1.03step/s]Training:  76%|███████▌  | 3806/5000 [1:09:06<19:13,  1.03step/s]Training:  76%|███████▌  | 3807/5000 [1:09:07<19:17,  1.03step/s]Training:  76%|███████▌  | 3808/5000 [1:09:08<19:14,  1.03step/s]Training:  76%|███████▌  | 3809/5000 [1:09:09<19:14,  1.03step/s]Training:  76%|███████▌  | 3810/5000 [1:09:09<19:10,  1.03step/s]INFO 2026-07-17 09:55:48 ot_train.py:677 step:4K smpl:30K ep:125 epch:0.97 loss:0.006 grdn:0.379 lr:5.5e-06 updt_s:0.962 data_s:0.005 smp/s:8 mem_gb:31.43
Training:  76%|███████▌  | 3811/5000 [1:09:10<19:09,  1.03step/s]Training:  76%|███████▌  | 3812/5000 [1:09:11<19:11,  1.03step/s]Training:  76%|███████▋  | 3813/5000 [1:09:14<30:55,  1.56s/step]Training:  76%|███████▋  | 3814/5000 [1:09:15<27:19,  1.38s/step]Training:  76%|███████▋  | 3815/5000 [1:09:16<24:48,  1.26s/step]Training:  76%|███████▋  | 3816/5000 [1:09:17<23:02,  1.17s/step]Training:  76%|███████▋  | 3817/5000 [1:09:18<21:47,  1.11s/step]Training:  76%|███████▋  | 3818/5000 [1:09:19<20:59,  1.07s/step]Training:  76%|███████▋  | 3819/5000 [1:09:20<20:24,  1.04s/step]Training:  76%|███████▋  | 3820/5000 [1:09:21<19:54,  1.01s/step]INFO 2026-07-17 09:55:59 ot_train.py:677 step:4K smpl:31K ep:126 epch:0.97 loss:0.008 grdn:0.360 lr:5.5e-06 updt_s:1.158 data_s:0.005 smp/s:7 mem_gb:31.43
Training:  76%|███████▋  | 3821/5000 [1:09:22<19:43,  1.00s/step]Training:  76%|███████▋  | 3822/5000 [1:09:23<19:30,  1.01step/s]Training:  76%|███████▋  | 3823/5000 [1:09:24<19:19,  1.01step/s]Training:  76%|███████▋  | 3824/5000 [1:09:25<19:11,  1.02step/s]Training:  76%|███████▋  | 3825/5000 [1:09:26<19:07,  1.02step/s]Training:  77%|███████▋  | 3826/5000 [1:09:27<19:07,  1.02step/s]Training:  77%|███████▋  | 3827/5000 [1:09:28<19:01,  1.03step/s]Training:  77%|███████▋  | 3828/5000 [1:09:29<18:56,  1.03step/s]Training:  77%|███████▋  | 3829/5000 [1:09:30<18:54,  1.03step/s]Training:  77%|███████▋  | 3830/5000 [1:09:31<18:52,  1.03step/s]INFO 2026-07-17 09:56:09 ot_train.py:677 step:4K smpl:31K ep:126 epch:0.98 loss:0.004 grdn:0.269 lr:5.4e-06 updt_s:0.964 data_s:0.005 smp/s:8 mem_gb:31.43
Training:  77%|███████▋  | 3831/5000 [1:09:32<18:51,  1.03step/s]Training:  77%|███████▋  | 3832/5000 [1:09:33<18:54,  1.03step/s]Training:  77%|███████▋  | 3833/5000 [1:09:34<18:52,  1.03step/s]Training:  77%|███████▋  | 3834/5000 [1:09:35<18:49,  1.03step/s]Training:  77%|███████▋  | 3835/5000 [1:09:36<18:53,  1.03step/s]Training:  77%|███████▋  | 3836/5000 [1:09:37<18:53,  1.03step/s]Training:  77%|███████▋  | 3837/5000 [1:09:38<18:49,  1.03step/s]Training:  77%|███████▋  | 3838/5000 [1:09:39<18:47,  1.03step/s]Training:  77%|███████▋  | 3839/5000 [1:09:40<18:45,  1.03step/s]Training:  77%|███████▋  | 3840/5000 [1:09:41<18:47,  1.03step/s]INFO 2026-07-17 09:56:19 ot_train.py:677 step:4K smpl:31K ep:126 epch:0.98 loss:0.007 grdn:0.338 lr:5.4e-06 updt_s:0.966 data_s:0.005 smp/s:8 mem_gb:31.43
Training:  77%|███████▋  | 3841/5000 [1:09:41<18:44,  1.03step/s]Training:  77%|███████▋  | 3842/5000 [1:09:42<18:44,  1.03step/s]Training:  77%|███████▋  | 3843/5000 [1:09:43<18:45,  1.03step/s]Training:  77%|███████▋  | 3844/5000 [1:09:44<18:44,  1.03step/s]Training:  77%|███████▋  | 3845/5000 [1:09:45<18:41,  1.03step/s]Training:  77%|███████▋  | 3846/5000 [1:09:46<18:40,  1.03step/s]Training:  77%|███████▋  | 3847/5000 [1:09:47<18:38,  1.03step/s]Training:  77%|███████▋  | 3848/5000 [1:09:48<18:38,  1.03step/s]Training:  77%|███████▋  | 3849/5000 [1:09:49<18:41,  1.03step/s]Training:  77%|███████▋  | 3850/5000 [1:09:50<18:37,  1.03step/s]INFO 2026-07-17 09:56:28 ot_train.py:677 step:4K smpl:31K ep:127 epch:0.98 loss:0.010 grdn:0.433 lr:5.3e-06 updt_s:0.966 data_s:0.005 smp/s:8 mem_gb:31.43
Training:  77%|███████▋  | 3851/5000 [1:09:51<18:34,  1.03step/s]Training:  77%|███████▋  | 3852/5000 [1:09:52<18:34,  1.03step/s]Training:  77%|███████▋  | 3853/5000 [1:09:53<18:32,  1.03step/s]Training:  77%|███████▋  | 3854/5000 [1:09:54<18:30,  1.03step/s]Training:  77%|███████▋  | 3855/5000 [1:09:55<18:28,  1.03step/s]Training:  77%|███████▋  | 3856/5000 [1:09:56<18:27,  1.03step/s]Training:  77%|███████▋  | 3857/5000 [1:09:57<18:30,  1.03step/s]Training:  77%|███████▋  | 3858/5000 [1:09:58<18:29,  1.03step/s]Training:  77%|███████▋  | 3859/5000 [1:09:59<18:25,  1.03step/s]Training:  77%|███████▋  | 3860/5000 [1:10:00<18:26,  1.03step/s]INFO 2026-07-17 09:56:38 ot_train.py:677 step:4K smpl:31K ep:127 epch:0.98 loss:0.006 grdn:0.375 lr:5.3e-06 updt_s:0.964 data_s:0.005 smp/s:8 mem_gb:31.43
Training:  77%|███████▋  | 3861/5000 [1:10:01<18:23,  1.03step/s]Training:  77%|███████▋  | 3862/5000 [1:10:04<31:01,  1.64s/step]Training:  77%|███████▋  | 3863/5000 [1:10:05<27:10,  1.43s/step]Training:  77%|███████▋  | 3864/5000 [1:10:06<24:28,  1.29s/step]Training:  77%|███████▋  | 3865/5000 [1:10:07<22:39,  1.20s/step]Training:  77%|███████▋  | 3866/5000 [1:10:08<21:22,  1.13s/step]Training:  77%|███████▋  | 3867/5000 [1:10:09<20:25,  1.08s/step]Training:  77%|███████▋  | 3868/5000 [1:10:10<19:46,  1.05s/step]Training:  77%|███████▋  | 3869/5000 [1:10:11<19:17,  1.02s/step]Training:  77%|███████▋  | 3870/5000 [1:10:12<18:56,  1.01s/step]INFO 2026-07-17 09:56:50 ot_train.py:677 step:4K smpl:31K ep:127 epch:0.99 loss:0.005 grdn:0.307 lr:5.2e-06 updt_s:1.185 data_s:0.005 smp/s:7 mem_gb:31.43
Training:  77%|███████▋  | 3871/5000 [1:10:13<18:41,  1.01step/s]Training:  77%|███████▋  | 3872/5000 [1:10:14<18:31,  1.01step/s]Training:  77%|███████▋  | 3873/5000 [1:10:15<18:27,  1.02step/s]Training:  77%|███████▋  | 3874/5000 [1:10:16<18:20,  1.02step/s]Training:  78%|███████▊  | 3875/5000 [1:10:17<18:15,  1.03step/s]Training:  78%|███████▊  | 3876/5000 [1:10:18<18:22,  1.02step/s]Training:  78%|███████▊  | 3877/5000 [1:10:19<18:18,  1.02step/s]Training:  78%|███████▊  | 3878/5000 [1:10:20<18:17,  1.02step/s]Training:  78%|███████▊  | 3879/5000 [1:10:21<18:14,  1.02step/s]Training:  78%|███████▊  | 3880/5000 [1:10:22<18:11,  1.03step/s]INFO 2026-07-17 09:57:00 ot_train.py:677 step:4K smpl:31K ep:128 epch:0.99 loss:0.005 grdn:0.344 lr:5.2e-06 updt_s:0.968 data_s:0.005 smp/s:8 mem_gb:31.43
Training:  78%|███████▊  | 3881/5000 [1:10:23<18:10,  1.03step/s]Training:  78%|███████▊  | 3882/5000 [1:10:24<18:08,  1.03step/s]Training:  78%|███████▊  | 3883/5000 [1:10:24<18:06,  1.03step/s]Training:  78%|███████▊  | 3884/5000 [1:10:25<18:05,  1.03step/s]Training:  78%|███████▊  | 3885/5000 [1:10:26<18:02,  1.03step/s]Training:  78%|███████▊  | 3886/5000 [1:10:27<17:58,  1.03step/s]Training:  78%|███████▊  | 3887/5000 [1:10:28<17:57,  1.03step/s]Training:  78%|███████▊  | 3888/5000 [1:10:29<17:55,  1.03step/s]Training:  78%|███████▊  | 3889/5000 [1:10:30<17:56,  1.03step/s]Training:  78%|███████▊  | 3890/5000 [1:10:31<17:53,  1.03step/s]INFO 2026-07-17 09:57:09 ot_train.py:677 step:4K smpl:31K ep:128 epch:0.99 loss:0.011 grdn:0.539 lr:5.1e-06 updt_s:0.963 data_s:0.005 smp/s:8 mem_gb:31.43
Training:  78%|███████▊  | 3891/5000 [1:10:32<17:51,  1.03step/s]Training:  78%|███████▊  | 3892/5000 [1:10:33<17:51,  1.03step/s]Training:  78%|███████▊  | 3893/5000 [1:10:34<17:50,  1.03step/s]Training:  78%|███████▊  | 3894/5000 [1:10:35<17:48,  1.03step/s]Training:  78%|███████▊  | 3895/5000 [1:10:36<17:46,  1.04step/s]Training:  78%|███████▊  | 3896/5000 [1:10:37<17:49,  1.03step/s]Training:  78%|███████▊  | 3897/5000 [1:10:38<17:48,  1.03step/s]Training:  78%|███████▊  | 3898/5000 [1:10:39<17:46,  1.03step/s]Training:  78%|███████▊  | 3899/5000 [1:10:40<17:47,  1.03step/s]Training:  78%|███████▊  | 3900/5000 [1:10:41<17:44,  1.03step/s]INFO 2026-07-17 09:57:19 ot_train.py:677 step:4K smpl:31K ep:128 epch:0.99 loss:0.006 grdn:0.364 lr:5.1e-06 updt_s:0.962 data_s:0.005 smp/s:8 mem_gb:31.43
Training:  78%|███████▊  | 3901/5000 [1:10:42<17:42,  1.03step/s]Training:  78%|███████▊  | 3902/5000 [1:10:43<17:41,  1.03step/s]Training:  78%|███████▊  | 3903/5000 [1:10:44<17:42,  1.03step/s]Training:  78%|███████▊  | 3904/5000 [1:10:45<17:43,  1.03step/s]Training:  78%|███████▊  | 3905/5000 [1:10:46<17:42,  1.03step/s]Training:  78%|███████▊  | 3906/5000 [1:10:47<17:39,  1.03step/s]Training:  78%|███████▊  | 3907/5000 [1:10:48<17:41,  1.03step/s]Training:  78%|███████▊  | 3908/5000 [1:10:49<17:37,  1.03step/s]Training:  78%|███████▊  | 3909/5000 [1:10:50<17:37,  1.03step/s]Training:  78%|███████▊  | 3910/5000 [1:10:51<17:33,  1.03step/s]INFO 2026-07-17 09:57:29 ot_train.py:677 step:4K smpl:31K ep:129 epch:1.00 loss:0.016 grdn:0.552 lr:5.1e-06 updt_s:0.963 data_s:0.005 smp/s:8 mem_gb:31.43
Training:  78%|███████▊  | 3911/5000 [1:10:52<17:34,  1.03step/s]Training:  78%|███████▊  | 3912/5000 [1:10:53<17:37,  1.03step/s]Training:  78%|███████▊  | 3913/5000 [1:10:54<17:36,  1.03step/s]Training:  78%|███████▊  | 3914/5000 [1:10:55<17:35,  1.03step/s]Training:  78%|███████▊  | 3915/5000 [1:10:55<17:36,  1.03step/s]Training:  78%|███████▊  | 3916/5000 [1:10:56<17:33,  1.03step/s]Training:  78%|███████▊  | 3917/5000 [1:10:57<17:31,  1.03step/s]Training:  78%|███████▊  | 3918/5000 [1:10:58<17:31,  1.03step/s]Training:  78%|███████▊  | 3919/5000 [1:10:59<17:33,  1.03step/s]Training:  78%|███████▊  | 3920/5000 [1:11:00<17:33,  1.03step/s]INFO 2026-07-17 09:57:39 ot_train.py:677 step:4K smpl:31K ep:129 epch:1.00 loss:0.006 grdn:0.333 lr:5.0e-06 updt_s:0.969 data_s:0.005 smp/s:8 mem_gb:31.43
Autotune Choices Stats:
{"num_choices": 20, "num_triton_choices": 18, "best_kernel": "triton_mm_25287", "best_kernel_desc": "ACC_TYPE='tl.float32', ALLOW_TF32=True, BLOCK_K=128, BLOCK_M=16, BLOCK_N=32, EVEN_K=True, GROUP_M=8, USE_FAST_ACCUM=False, num_stages=5, num_warps=2", "best_time": 0.01228800043463707, "best_triton_pos": 0}
AUTOTUNE addmm(6x1024, 6x1024, 1024x1024)
strides: [0, 1], [1024, 1], [1, 1024]
dtypes: torch.bfloat16, torch.bfloat16, torch.bfloat16
  triton_mm_25287 0.0123 ms 100.0% ACC_TYPE='tl.float32', ALLOW_TF32=True, BLOCK_K=128, BLOCK_M=16, BLOCK_N=32, EVEN_K=True, GROUP_M=8, USE_FAST_ACCUM=False, num_stages=5, num_warps=2
  triton_mm_25295 0.0123 ms 100.0% ACC_TYPE='tl.float32', ALLOW_TF32=True, BLOCK_K=128, BLOCK_M=16, BLOCK_N=128, EVEN_K=True, GROUP_M=8, USE_FAST_ACCUM=False, num_stages=4, num_warps=4
  triton_mm_25291 0.0133 ms 92.3% ACC_TYPE='tl.float32', ALLOW_TF32=True, BLOCK_K=128, BLOCK_M=16, BLOCK_N=64, EVEN_K=True, GROUP_M=8, USE_FAST_ACCUM=False, num_stages=5, num_warps=4
  triton_mm_25299 0.0133 ms 92.3% ACC_TYPE='tl.float32', ALLOW_TF32=True, BLOCK_K=64, BLOCK_M=16, BLOCK_N=128, EVEN_K=True, GROUP_M=8, USE_FAST_ACCUM=False, num_stages=5, num_warps=8
  triton_mm_25300 0.0133 ms 92.3% ACC_TYPE='tl.float32', ALLOW_TF32=True, BLOCK_K=128, BLOCK_M=16, BLOCK_N=128, EVEN_K=True, GROUP_M=8, USE_FAST_ACCUM=False, num_stages=4, num_warps=8
  triton_mm_25294 0.0154 ms 80.0% ACC_TYPE='tl.float32', ALLOW_TF32=True, BLOCK_K=64, BLOCK_M=16, BLOCK_N=128, EVEN_K=True, GROUP_M=8, USE_FAST_ACCUM=False, num_stages=3, num_warps=4
  triton_mm_25285 0.0164 ms 75.0% ACC_TYPE='tl.float32', ALLOW_TF32=True, BLOCK_K=32, BLOCK_M=16, BLOCK_N=64, EVEN_K=True, GROUP_M=8, USE_FAST_ACCUM=False, num_stages=5, num_warps=4
  triton_mm_25286 0.0164 ms 75.0% ACC_TYPE='tl.float32', ALLOW_TF32=True, BLOCK_K=32, BLOCK_M=16, BLOCK_N=32, EVEN_K=True, GROUP_M=8, USE_FAST_ACCUM=False, num_stages=5, num_warps=2
  triton_mm_25290 0.0164 ms 75.0% ACC_TYPE='tl.float32', ALLOW_TF32=True, BLOCK_K=64, BLOCK_M=16, BLOCK_N=64, EVEN_K=True, GROUP_M=8, USE_FAST_ACCUM=False, num_stages=3, num_warps=4
  triton_mm_25297 0.0164 ms 75.0% ACC_TYPE='tl.float32', ALLOW_TF32=True, BLOCK_K=32, BLOCK_M=16, BLOCK_N=64, EVEN_K=True, GROUP_M=8, USE_FAST_ACCUM=False, num_stages=4, num_warps=4
SingleProcess AUTOTUNE benchmarking takes 0.3005 seconds and 0.0005 seconds precompiling for 20 choices
Autotune Choices Stats:
{"num_choices": 20, "num_triton_choices": 18, "best_kernel": "triton_mm_25265", "best_kernel_desc": "ACC_TYPE='tl.float32', ALLOW_TF32=True, BLOCK_K=16, BLOCK_M=32, BLOCK_N=32, EVEN_K=True, GROUP_M=8, USE_FAST_ACCUM=False, num_stages=1, num_warps=2", "best_time": 0.009216000325977802, "best_triton_pos": 0}
AUTOTUNE addmm(300x1024, 300x32, 32x1024)
strides: [0, 1], [32, 1], [1, 32]
dtypes: torch.bfloat16, torch.bfloat16, torch.bfloat16
  triton_mm_25265 0.0092 ms 100.0% ACC_TYPE='tl.float32', ALLOW_TF32=True, BLOCK_K=16, BLOCK_M=32, BLOCK_N=32, EVEN_K=True, GROUP_M=8, USE_FAST_ACCUM=False, num_stages=1, num_warps=2
  triton_mm_25266 0.0092 ms 100.0% ACC_TYPE='tl.float32', ALLOW_TF32=True, BLOCK_K=32, BLOCK_M=32, BLOCK_N=32, EVEN_K=True, GROUP_M=8, USE_FAST_ACCUM=False, num_stages=2, num_warps=4
  triton_mm_25267 0.0092 ms 100.0% ACC_TYPE='tl.float32', ALLOW_TF32=True, BLOCK_K=32, BLOCK_M=32, BLOCK_N=64, EVEN_K=True, GROUP_M=8, USE_FAST_ACCUM=False, num_stages=5, num_warps=8
  triton_mm_25268 0.0092 ms 100.0% ACC_TYPE='tl.float32', ALLOW_TF32=True, BLOCK_K=32, BLOCK_M=64, BLOCK_N=32, EVEN_K=True, GROUP_M=8, USE_FAST_ACCUM=False, num_stages=5, num_warps=8
  triton_mm_25269 0.0092 ms 100.0% ACC_TYPE='tl.float32', ALLOW_TF32=True, BLOCK_K=32, BLOCK_M=64, BLOCK_N=32, EVEN_K=True, GROUP_M=8, USE_FAST_ACCUM=False, num_stages=5, num_warps=4
  triton_mm_25270 0.0092 ms 100.0% ACC_TYPE='tl.float32', ALLOW_TF32=True, BLOCK_K=16, BLOCK_M=64, BLOCK_N=64, EVEN_K=True, GROUP_M=8, USE_FAST_ACCUM=False, num_stages=2, num_warps=4
  triton_mm_25271 0.0092 ms 100.0% ACC_TYPE='tl.float32', ALLOW_TF32=True, BLOCK_K=32, BLOCK_M=64, BLOCK_N=64, EVEN_K=True, GROUP_M=8, USE_FAST_ACCUM=False, num_stages=2, num_warps=4
  triton_mm_25272 0.0092 ms 100.0% ACC_TYPE='tl.float32', ALLOW_TF32=True, BLOCK_K=32, BLOCK_M=64, BLOCK_N=64, EVEN_K=True, GROUP_M=8, USE_FAST_ACCUM=False, num_stages=3, num_warps=8
  triton_mm_25273 0.0092 ms 100.0% ACC_TYPE='tl.float32', ALLOW_TF32=True, BLOCK_K=32, BLOCK_M=64, BLOCK_N=64, EVEN_K=True, GROUP_M=8, USE_FAST_ACCUM=False, num_stages=5, num_warps=4
  triton_mm_25274 0.0092 ms 100.0% ACC_TYPE='tl.float32', ALLOW_TF32=True, BLOCK_K=32, BLOCK_M=64, BLOCK_N=128, EVEN_K=True, GROUP_M=8, USE_FAST_ACCUM=False, num_stages=3, num_warps=4
SingleProcess AUTOTUNE benchmarking takes 0.2892 seconds and 0.0004 seconds precompiling for 20 choices
E0717 09:59:14.546000 13342 sim-link-f1/deps/lerobot/.venv/lib/python3.12/site-packages/torch/_inductor/select_algorithm.py:3924] [3/1] Runtime error during autotuning: 
E0717 09:59:14.546000 13342 sim-link-f1/deps/lerobot/.venv/lib/python3.12/site-packages/torch/_inductor/select_algorithm.py:3924] [3/1] No valid triton configs. OutOfMemoryError: out of resource: triton_mm Required: 196608 Hardware limit:166912 Reducing block sizes or `num_stages` may help.. 
E0717 09:59:14.546000 13342 sim-link-f1/deps/lerobot/.venv/lib/python3.12/site-packages/torch/_inductor/select_algorithm.py:3924] [3/1] Ignoring this choice.
Autotune Choices Stats:
{"num_choices": 21, "num_triton_choices": 20, "best_kernel": "triton_mm_25336", "best_kernel_desc": "ACC_TYPE='tl.float32', ALLOW_TF32=True, BLOCK_K=64, BLOCK_M=128, BLOCK_N=128, EVEN_K=True, GROUP_M=8, USE_FAST_ACCUM=False, num_stages=3, num_warps=4", "best_time": 0.21503999829292297, "best_triton_pos": 0}
AUTOTUNE mm(5808x2048, 2048x2048)
strides: [2048, 1], [1, 2048]
dtypes: torch.bfloat16, torch.bfloat16
  triton_mm_25336 0.2150 ms 100.0% ACC_TYPE='tl.float32', ALLOW_TF32=True, BLOCK_K=64, BLOCK_M=128, BLOCK_N=128, EVEN_K=True, GROUP_M=8, USE_FAST_ACCUM=False, num_stages=3, num_warps=4
  mm 0.2202 ms 97.7% 
  triton_mm_25335 0.2335 ms 92.1% ACC_TYPE='tl.float32', ALLOW_TF32=True, BLOCK_K=32, BLOCK_M=128, BLOCK_N=128, EVEN_K=True, GROUP_M=8, USE_FAST_ACCUM=False, num_stages=3, num_warps=4
  triton_mm_25328 0.2396 ms 89.7% ACC_TYPE='tl.float32', ALLOW_TF32=True, BLOCK_K=32, BLOCK_M=64, BLOCK_N=128, EVEN_K=True, GROUP_M=8, USE_FAST_ACCUM=False, num_stages=3, num_warps=4
  triton_mm_25330 0.2427 ms 88.6% ACC_TYPE='tl.float32', ALLOW_TF32=True, BLOCK_K=64, BLOCK_M=64, BLOCK_N=128, EVEN_K=True, GROUP_M=8, USE_FAST_ACCUM=False, num_stages=3, num_warps=4
  triton_mm_25332 0.2519 ms 85.4% ACC_TYPE='tl.float32', ALLOW_TF32=True, BLOCK_K=32, BLOCK_M=128, BLOCK_N=64, EVEN_K=True, GROUP_M=8, USE_FAST_ACCUM=False, num_stages=3, num_warps=4
  triton_mm_25337 0.2621 ms 82.0% ACC_TYPE='tl.float32', ALLOW_TF32=True, BLOCK_K=64, BLOCK_M=128, BLOCK_N=128, EVEN_K=True, GROUP_M=8, USE_FAST_ACCUM=False, num_stages=5, num_warps=8
  triton_mm_25329 0.2857 ms 75.3% ACC_TYPE='tl.float32', ALLOW_TF32=True, BLOCK_K=32, BLOCK_M=64, BLOCK_N=128, EVEN_K=True, GROUP_M=8, USE_FAST_ACCUM=False, num_stages=4, num_warps=8
  triton_mm_25333 0.2877 ms 74.7% ACC_TYPE='tl.float32', ALLOW_TF32=True, BLOCK_K=32, BLOCK_M=128, BLOCK_N=64, EVEN_K=True, GROUP_M=8, USE_FAST_ACCUM=False, num_stages=4, num_warps=8
  triton_mm_25331 0.3021 ms 71.2% ACC_TYPE='tl.float32', ALLOW_TF32=True, BLOCK_K=128, BLOCK_M=64, BLOCK_N=128, EVEN_K=True, GROUP_M=8, USE_FAST_ACCUM=False, num_stages=4, num_warps=4
SingleProcess AUTOTUNE benchmarking takes 0.7272 seconds and 0.0003 seconds precompiling for 21 choices
E0717 09:59:14.903000 13342 sim-link-f1/deps/lerobot/.venv/lib/python3.12/site-packages/torch/_inductor/select_algorithm.py:3924] [3/1] Runtime error during autotuning: 
E0717 09:59:14.903000 13342 sim-link-f1/deps/lerobot/.venv/lib/python3.12/site-packages/torch/_inductor/select_algorithm.py:3924] [3/1] No valid triton configs. OutOfMemoryError: out of resource: triton_mm Required: 196608 Hardware limit:166912 Reducing block sizes or `num_stages` may help.. 
E0717 09:59:14.903000 13342 sim-link-f1/deps/lerobot/.venv/lib/python3.12/site-packages/torch/_inductor/select_algorithm.py:3924] [3/1] Ignoring this choice.
Autotune Choices Stats:
{"num_choices": 21, "num_triton_choices": 20, "best_kernel": "mm", "best_time": 0.04095999896526337, "best_triton_pos": 1, "best_triton_time": 0.04403200000524521, "best_triton_kernel": "triton_mm_25350", "best_triton_kernel_desc": "ACC_TYPE='tl.float32', ALLOW_TF32=True, BLOCK_K=64, BLOCK_M=64, BLOCK_N=128, EVEN_K=True, GROUP_M=8, USE_FAST_ACCUM=False, num_stages=3, num_warps=4"}
AUTOTUNE mm(5808x2048, 2048x256)
strides: [2048, 1], [1, 2048]
dtypes: torch.bfloat16, torch.bfloat16
  mm 0.0410 ms 100.0% 
  triton_mm_25350 0.0440 ms 93.0% ACC_TYPE='tl.float32', ALLOW_TF32=True, BLOCK_K=64, BLOCK_M=64, BLOCK_N=128, EVEN_K=True, GROUP_M=8, USE_FAST_ACCUM=False, num_stages=3, num_warps=4
  triton_mm_25357 0.0440 ms 93.0% ACC_TYPE='tl.float32', ALLOW_TF32=True, BLOCK_K=64, BLOCK_M=128, BLOCK_N=128, EVEN_K=True, GROUP_M=8, USE_FAST_ACCUM=False, num_stages=5, num_warps=8
  triton_mm_25356 0.0451 ms 90.9% ACC_TYPE='tl.float32', ALLOW_TF32=True, BLOCK_K=64, BLOCK_M=128, BLOCK_N=128, EVEN_K=True, GROUP_M=8, USE_FAST_ACCUM=False, num_stages=3, num_warps=4
  triton_mm_25351 0.0502 ms 81.6% ACC_TYPE='tl.float32', ALLOW_TF32=True, BLOCK_K=128, BLOCK_M=64, BLOCK_N=128, EVEN_K=True, GROUP_M=8, USE_FAST_ACCUM=False, num_stages=4, num_warps=4
  triton_mm_25353 0.0532 ms 76.9% ACC_TYPE='tl.float32', ALLOW_TF32=True, BLOCK_K=32, BLOCK_M=128, BLOCK_N=64, EVEN_K=True, GROUP_M=8, USE_FAST_ACCUM=False, num_stages=4, num_warps=8
  triton_mm_25348 0.0543 ms 75.5% ACC_TYPE='tl.float32', ALLOW_TF32=True, BLOCK_K=32, BLOCK_M=64, BLOCK_N=128, EVEN_K=True, GROUP_M=8, USE_FAST_ACCUM=False, num_stages=3, num_warps=4
  triton_mm_25349 0.0543 ms 75.5% ACC_TYPE='tl.float32', ALLOW_TF32=True, BLOCK_K=32, BLOCK_M=64, BLOCK_N=128, EVEN_K=True, GROUP_M=8, USE_FAST_ACCUM=False, num_stages=4, num_warps=8
  triton_mm_25346 0.0563 ms 72.7% ACC_TYPE='tl.float32', ALLOW_TF32=True, BLOCK_K=64, BLOCK_M=64, BLOCK_N=64, EVEN_K=True, GROUP_M=8, USE_FAST_ACCUM=False, num_stages=3, num_warps=8
  triton_mm_25352 0.0563 ms 72.7% ACC_TYPE='tl.float32', ALLOW_TF32=True, BLOCK_K=32, BLOCK_M=128, BLOCK_N=64, EVEN_K=True, GROUP_M=8, USE_FAST_ACCUM=False, num_stages=3, num_warps=4
SingleProcess AUTOTUNE benchmarking takes 0.3560 seconds and 0.0002 seconds precompiling for 21 choices
Autotune Choices Stats:
{"num_choices": 20, "num_triton_choices": 18, "best_kernel": "triton_mm_25387", "best_kernel_desc": "ACC_TYPE='tl.float32', ALLOW_TF32=True, BLOCK_K=128, BLOCK_M=16, BLOCK_N=64, EVEN_K=True, GROUP_M=8, USE_FAST_ACCUM=False, num_stages=5, num_warps=4", "best_time": 0.01228800043463707, "best_triton_pos": 0}
AUTOTUNE addmm(6x3072, 6x1024, 1024x3072)
strides: [0, 1], [1024, 1], [1, 1024]
dtypes: torch.bfloat16, torch.bfloat16, torch.bfloat16
  triton_mm_25387 0.0123 ms 100.0% ACC_TYPE='tl.float32', ALLOW_TF32=True, BLOCK_K=128, BLOCK_M=16, BLOCK_N=64, EVEN_K=True, GROUP_M=8, USE_FAST_ACCUM=False, num_stages=5, num_warps=4
  triton_mm_25383 0.0133 ms 92.3% ACC_TYPE='tl.float32', ALLOW_TF32=True, BLOCK_K=128, BLOCK_M=16, BLOCK_N=32, EVEN_K=True, GROUP_M=8, USE_FAST_ACCUM=False, num_stages=5, num_warps=2
  triton_mm_25391 0.0133 ms 92.3% ACC_TYPE='tl.float32', ALLOW_TF32=True, BLOCK_K=128, BLOCK_M=16, BLOCK_N=128, EVEN_K=True, GROUP_M=8, USE_FAST_ACCUM=False, num_stages=4, num_warps=4
  triton_mm_25395 0.0143 ms 85.7% ACC_TYPE='tl.float32', ALLOW_TF32=True, BLOCK_K=64, BLOCK_M=16, BLOCK_N=128, EVEN_K=True, GROUP_M=8, USE_FAST_ACCUM=False, num_stages=5, num_warps=8
  triton_mm_25396 0.0143 ms 85.7% ACC_TYPE='tl.float32', ALLOW_TF32=True, BLOCK_K=128, BLOCK_M=16, BLOCK_N=128, EVEN_K=True, GROUP_M=8, USE_FAST_ACCUM=False, num_stages=4, num_warps=8
  bias_addmm 0.0154 ms 80.0% 
  triton_mm_25386 0.0154 ms 80.0% ACC_TYPE='tl.float32', ALLOW_TF32=True, BLOCK_K=64, BLOCK_M=16, BLOCK_N=64, EVEN_K=True, GROUP_M=8, USE_FAST_ACCUM=False, num_stages=3, num_warps=4
  triton_mm_25380 0.0164 ms 75.0% ACC_TYPE='tl.float32', ALLOW_TF32=True, BLOCK_K=128, BLOCK_M=16, BLOCK_N=32, EVEN_K=True, GROUP_M=8, USE_FAST_ACCUM=False, num_stages=2, num_warps=2
  triton_mm_25381 0.0164 ms 75.0% ACC_TYPE='tl.float32', ALLOW_TF32=True, BLOCK_K=32, BLOCK_M=16, BLOCK_N=64, EVEN_K=True, GROUP_M=8, USE_FAST_ACCUM=False, num_stages=5, num_warps=4
  triton_mm_25382 0.0164 ms 75.0% ACC_TYPE='tl.float32', ALLOW_TF32=True, BLOCK_K=32, BLOCK_M=16, BLOCK_N=32, EVEN_K=True, GROUP_M=8, USE_FAST_ACCUM=False, num_stages=5, num_warps=2
SingleProcess AUTOTUNE benchmarking takes 0.2817 seconds and 0.0002 seconds precompiling for 20 choices
E0717 09:59:15.468000 13342 sim-link-f1/deps/lerobot/.venv/lib/python3.12/site-packages/torch/_inductor/select_algorithm.py:3924] [3/1] Runtime error during autotuning: 
E0717 09:59:15.468000 13342 sim-link-f1/deps/lerobot/.venv/lib/python3.12/site-packages/torch/_inductor/select_algorithm.py:3924] [3/1] No valid triton configs. OutOfMemoryError: out of resource: triton_mm Required: 196608 Hardware limit:166912 Reducing block sizes or `num_stages` may help.. 
E0717 09:59:15.468000 13342 sim-link-f1/deps/lerobot/.venv/lib/python3.12/site-packages/torch/_inductor/select_algorithm.py:3924] [3/1] Ignoring this choice.
Autotune Choices Stats:
{"num_choices": 21, "num_triton_choices": 20, "best_kernel": "mm", "best_time": 0.016383999958634377, "best_triton_pos": 1, "best_triton_time": 0.018432000651955605, "best_triton_kernel": "triton_mm_25408", "best_triton_kernel_desc": "ACC_TYPE='tl.float32', ALLOW_TF32=True, BLOCK_K=64, BLOCK_M=64, BLOCK_N=128, EVEN_K=True, GROUP_M=8, USE_FAST_ACCUM=False, num_stages=3, num_warps=4"}
AUTOTUNE mm(300x1024, 1024x2048)
strides: [1024, 1], [1, 1024]
dtypes: torch.bfloat16, torch.bfloat16
  mm 0.0164 ms 100.0% 
  triton_mm_25408 0.0184 ms 88.9% ACC_TYPE='tl.float32', ALLOW_TF32=True, BLOCK_K=64, BLOCK_M=64, BLOCK_N=128, EVEN_K=True, GROUP_M=8, USE_FAST_ACCUM=False, num_stages=3, num_warps=4
  triton_mm_25409 0.0195 ms 84.2% ACC_TYPE='tl.float32', ALLOW_TF32=True, BLOCK_K=128, BLOCK_M=64, BLOCK_N=128, EVEN_K=True, GROUP_M=8, USE_FAST_ACCUM=False, num_stages=4, num_warps=4
  triton_mm_25404 0.0205 ms 80.0% ACC_TYPE='tl.float32', ALLOW_TF32=True, BLOCK_K=64, BLOCK_M=64, BLOCK_N=64, EVEN_K=True, GROUP_M=8, USE_FAST_ACCUM=False, num_stages=3, num_warps=8
  triton_mm_25407 0.0205 ms 80.0% ACC_TYPE='tl.float32', ALLOW_TF32=True, BLOCK_K=32, BLOCK_M=64, BLOCK_N=128, EVEN_K=True, GROUP_M=8, USE_FAST_ACCUM=False, num_stages=4, num_warps=8
  triton_mm_25411 0.0205 ms 80.0% ACC_TYPE='tl.float32', ALLOW_TF32=True, BLOCK_K=32, BLOCK_M=128, BLOCK_N=64, EVEN_K=True, GROUP_M=8, USE_FAST_ACCUM=False, num_stages=4, num_warps=8
  triton_mm_25405 0.0215 ms 76.2% ACC_TYPE='tl.float32', ALLOW_TF32=True, BLOCK_K=128, BLOCK_M=64, BLOCK_N=64, EVEN_K=True, GROUP_M=8, USE_FAST_ACCUM=False, num_stages=5, num_warps=4
  triton_mm_25406 0.0246 ms 66.7% ACC_TYPE='tl.float32', ALLOW_TF32=True, BLOCK_K=32, BLOCK_M=64, BLOCK_N=128, EVEN_K=True, GROUP_M=8, USE_FAST_ACCUM=False, num_stages=3, num_warps=4
  triton_mm_25398 0.0256 ms 64.0% ACC_TYPE='tl.float32', ALLOW_TF32=True, BLOCK_K=128, BLOCK_M=32, BLOCK_N=32, EVEN_K=True, GROUP_M=8, USE_FAST_ACCUM=False, num_stages=2, num_warps=4
  triton_mm_25400 0.0256 ms 64.0% ACC_TYPE='tl.float32', ALLOW_TF32=True, BLOCK_K=32, BLOCK_M=64, BLOCK_N=32, EVEN_K=True, GROUP_M=8, USE_FAST_ACCUM=False, num_stages=5, num_warps=8
SingleProcess AUTOTUNE benchmarking takes 0.2799 seconds and 0.0003 seconds precompiling for 21 choices
E0717 09:59:15.762000 13342 sim-link-f1/deps/lerobot/.venv/lib/python3.12/site-packages/torch/_inductor/select_algorithm.py:3924] [3/1] Runtime error during autotuning: 
E0717 09:59:15.762000 13342 sim-link-f1/deps/lerobot/.venv/lib/python3.12/site-packages/torch/_inductor/select_algorithm.py:3924] [3/1] No valid triton configs. OutOfMemoryError: out of resource: triton_mm Required: 196608 Hardware limit:166912 Reducing block sizes or `num_stages` may help.. 
E0717 09:59:15.762000 13342 sim-link-f1/deps/lerobot/.venv/lib/python3.12/site-packages/torch/_inductor/select_algorithm.py:3924] [3/1] Ignoring this choice.
Autotune Choices Stats:
{"num_choices": 21, "num_triton_choices": 20, "best_kernel": "mm", "best_time": 0.01228800043463707, "best_triton_pos": 1, "best_triton_time": 0.01228800043463707, "best_triton_kernel": "triton_mm_25421", "best_triton_kernel_desc": "ACC_TYPE='tl.float32', ALLOW_TF32=True, BLOCK_K=128, BLOCK_M=64, BLOCK_N=32, EVEN_K=True, GROUP_M=8, USE_FAST_ACCUM=False, num_stages=5, num_warps=4"}
AUTOTUNE mm(300x1024, 1024x256)
strides: [1024, 1], [1, 1024]
dtypes: torch.bfloat16, torch.bfloat16
  mm 0.0123 ms 100.0% 
  triton_mm_25421 0.0123 ms 100.0% ACC_TYPE='tl.float32', ALLOW_TF32=True, BLOCK_K=128, BLOCK_M=64, BLOCK_N=32, EVEN_K=True, GROUP_M=8, USE_FAST_ACCUM=False, num_stages=5, num_warps=4
  triton_mm_25425 0.0133 ms 92.3% ACC_TYPE='tl.float32', ALLOW_TF32=True, BLOCK_K=128, BLOCK_M=64, BLOCK_N=64, EVEN_K=True, GROUP_M=8, USE_FAST_ACCUM=False, num_stages=5, num_warps=4
  triton_mm_25418 0.0143 ms 85.7% ACC_TYPE='tl.float32', ALLOW_TF32=True, BLOCK_K=128, BLOCK_M=32, BLOCK_N=32, EVEN_K=True, GROUP_M=8, USE_FAST_ACCUM=False, num_stages=2, num_warps=4
  triton_mm_25419 0.0143 ms 85.7% ACC_TYPE='tl.float32', ALLOW_TF32=True, BLOCK_K=32, BLOCK_M=32, BLOCK_N=64, EVEN_K=True, GROUP_M=8, USE_FAST_ACCUM=False, num_stages=5, num_warps=8
  triton_mm_25420 0.0143 ms 85.7% ACC_TYPE='tl.float32', ALLOW_TF32=True, BLOCK_K=32, BLOCK_M=64, BLOCK_N=32, EVEN_K=True, GROUP_M=8, USE_FAST_ACCUM=False, num_stages=5, num_warps=8
  triton_mm_25424 0.0154 ms 80.0% ACC_TYPE='tl.float32', ALLOW_TF32=True, BLOCK_K=64, BLOCK_M=64, BLOCK_N=64, EVEN_K=True, GROUP_M=8, USE_FAST_ACCUM=False, num_stages=3, num_warps=8
  triton_mm_25428 0.0174 ms 70.6% ACC_TYPE='tl.float32', ALLOW_TF32=True, BLOCK_K=64, BLOCK_M=64, BLOCK_N=128, EVEN_K=True, GROUP_M=8, USE_FAST_ACCUM=False, num_stages=3, num_warps=4
  triton_mm_25429 0.0174 ms 70.6% ACC_TYPE='tl.float32', ALLOW_TF32=True, BLOCK_K=128, BLOCK_M=64, BLOCK_N=128, EVEN_K=True, GROUP_M=8, USE_FAST_ACCUM=False, num_stages=4, num_warps=4
  triton_mm_25427 0.0184 ms 66.7% ACC_TYPE='tl.float32', ALLOW_TF32=True, BLOCK_K=32, BLOCK_M=64, BLOCK_N=128, EVEN_K=True, GROUP_M=8, USE_FAST_ACCUM=False, num_stages=4, num_warps=8
SingleProcess AUTOTUNE benchmarking takes 0.2917 seconds and 0.0003 seconds precompiling for 21 choices
Autotune Choices Stats:
{"num_choices": 18, "num_triton_choices": 17, "best_kernel": "triton_bmm_25462", "best_kernel_desc": "ACC_TYPE='tl.float32', ALLOW_TF32=True, BLOCK_K=16, BLOCK_M=64, BLOCK_N=64, EVEN_K=False, GROUP_M=8, USE_FAST_ACCUM=False, num_stages=2, num_warps=4", "best_time": 0.008191999979317188, "best_triton_pos": 0}
AUTOTUNE bmm(6x128x1, 6x1x1018)
strides: [0, 1, 0], [1018, 1018*s12, 1]
dtypes: torch.float32, torch.float32
  triton_bmm_25462 0.0082 ms 100.0% ACC_TYPE='tl.float32', ALLOW_TF32=True, BLOCK_K=16, BLOCK_M=64, BLOCK_N=64, EVEN_K=False, GROUP_M=8, USE_FAST_ACCUM=False, num_stages=2, num_warps=4
  triton_bmm_25466 0.0082 ms 100.0% ACC_TYPE='tl.float32', ALLOW_TF32=True, BLOCK_K=16, BLOCK_M=64, BLOCK_N=128, EVEN_K=False, GROUP_M=8, USE_FAST_ACCUM=False, num_stages=4, num_warps=8
  triton_bmm_25457 0.0092 ms 88.9% ACC_TYPE='tl.float32', ALLOW_TF32=True, BLOCK_K=16, BLOCK_M=32, BLOCK_N=32, EVEN_K=False, GROUP_M=8, USE_FAST_ACCUM=False, num_stages=1, num_warps=2
  triton_bmm_25458 0.0092 ms 88.9% ACC_TYPE='tl.float32', ALLOW_TF32=True, BLOCK_K=16, BLOCK_M=32, BLOCK_N=32, EVEN_K=False, GROUP_M=8, USE_FAST_ACCUM=False, num_stages=2, num_warps=4
  triton_bmm_25459 0.0092 ms 88.9% ACC_TYPE='tl.float32', ALLOW_TF32=True, BLOCK_K=16, BLOCK_M=32, BLOCK_N=64, EVEN_K=False, GROUP_M=8, USE_FAST_ACCUM=False, num_stages=5, num_warps=8
  triton_bmm_25460 0.0092 ms 88.9% ACC_TYPE='tl.float32', ALLOW_TF32=True, BLOCK_K=16, BLOCK_M=64, BLOCK_N=32, EVEN_K=False, GROUP_M=8, USE_FAST_ACCUM=False, num_stages=5, num_warps=8
  triton_bmm_25461 0.0092 ms 88.9% ACC_TYPE='tl.float32', ALLOW_TF32=True, BLOCK_K=16, BLOCK_M=64, BLOCK_N=32, EVEN_K=False, GROUP_M=8, USE_FAST_ACCUM=False, num_stages=5, num_warps=4
  triton_bmm_25463 0.0092 ms 88.9% ACC_TYPE='tl.float32', ALLOW_TF32=True, BLOCK_K=16, BLOCK_M=64, BLOCK_N=64, EVEN_K=False, GROUP_M=8, USE_FAST_ACCUM=False, num_stages=3, num_warps=8
  triton_bmm_25464 0.0092 ms 88.9% ACC_TYPE='tl.float32', ALLOW_TF32=True, BLOCK_K=16, BLOCK_M=64, BLOCK_N=64, EVEN_K=False, GROUP_M=8, USE_FAST_ACCUM=False, num_stages=5, num_warps=4
  triton_bmm_25465 0.0092 ms 88.9% ACC_TYPE='tl.float32', ALLOW_TF32=True, BLOCK_K=16, BLOCK_M=64, BLOCK_N=128, EVEN_K=False, GROUP_M=8, USE_FAST_ACCUM=False, num_stages=3, num_warps=4
SingleProcess AUTOTUNE benchmarking takes 0.1809 seconds and 0.0002 seconds precompiling for 18 choices
W0717 09:59:15.949000 13342 sim-link-f1/deps/lerobot/.venv/lib/python3.12/site-packages/torch/_inductor/scheduler.py:3820] [3/1] Layout conflict detected for buf41: template expects FixedLayout('cuda:0', torch.float32, size=[s12, 1, 1018], stride=[1018, 1018, 1]) but layout is frozen to FixedLayout('cuda:0', torch.float32, size=[s12, 1, 1018], stride=[1018, 1018*s12, 1])
E0717 09:59:16.525000 13342 sim-link-f1/deps/lerobot/.venv/lib/python3.12/site-packages/torch/_inductor/select_algorithm.py:3924] [3/1] Runtime error during autotuning: 
E0717 09:59:16.525000 13342 sim-link-f1/deps/lerobot/.venv/lib/python3.12/site-packages/torch/_inductor/select_algorithm.py:3924] [3/1] No valid triton configs. OutOfMemoryError: out of resource: triton_bmm Required: 196608 Hardware limit:166912 Reducing block sizes or `num_stages` may help.. 
E0717 09:59:16.525000 13342 sim-link-f1/deps/lerobot/.venv/lib/python3.12/site-packages/torch/_inductor/select_algorithm.py:3924] [3/1] Ignoring this choice.
Autotune Choices Stats:
{"num_choices": 21, "num_triton_choices": 20, "best_kernel": "triton_bmm_25491", "best_kernel_desc": "ACC_TYPE='tl.float32', ALLOW_TF32=True, BLOCK_K=64, BLOCK_M=128, BLOCK_N=128, EVEN_K=True, GROUP_M=8, USE_FAST_ACCUM=False, num_stages=3, num_warps=4", "best_time": 0.14847999811172485, "best_triton_pos": 0}
AUTOTUNE bmm(48x1024x256, 48x256x1024)
strides: [262144, 256, 1], [262144, 1024, 1]
dtypes: torch.bfloat16, torch.bfloat16
  triton_bmm_25491 0.1485 ms 100.0% ACC_TYPE='tl.float32', ALLOW_TF32=True, BLOCK_K=64, BLOCK_M=128, BLOCK_N=128, EVEN_K=True, GROUP_M=8, USE_FAST_ACCUM=False, num_stages=3, num_warps=4
  triton_bmm_25490 0.1546 ms 96.0% ACC_TYPE='tl.float32', ALLOW_TF32=True, BLOCK_K=32, BLOCK_M=128, BLOCK_N=128, EVEN_K=True, GROUP_M=8, USE_FAST_ACCUM=False, num_stages=3, num_warps=4
  triton_bmm_25483 0.1567 ms 94.8% ACC_TYPE='tl.float32', ALLOW_TF32=True, BLOCK_K=32, BLOCK_M=64, BLOCK_N=128, EVEN_K=True, GROUP_M=8, USE_FAST_ACCUM=False, num_stages=3, num_warps=4
  triton_bmm_25485 0.1577 ms 94.2% ACC_TYPE='tl.float32', ALLOW_TF32=True, BLOCK_K=64, BLOCK_M=64, BLOCK_N=128, EVEN_K=True, GROUP_M=8, USE_FAST_ACCUM=False, num_stages=3, num_warps=4
  triton_bmm_25487 0.1659 ms 89.5% ACC_TYPE='tl.float32', ALLOW_TF32=True, BLOCK_K=32, BLOCK_M=128, BLOCK_N=64, EVEN_K=True, GROUP_M=8, USE_FAST_ACCUM=False, num_stages=3, num_warps=4
  triton_bmm_25484 0.1833 ms 81.0% ACC_TYPE='tl.float32', ALLOW_TF32=True, BLOCK_K=32, BLOCK_M=64, BLOCK_N=128, EVEN_K=True, GROUP_M=8, USE_FAST_ACCUM=False, num_stages=4, num_warps=8
  triton_bmm_25488 0.1935 ms 76.7% ACC_TYPE='tl.float32', ALLOW_TF32=True, BLOCK_K=32, BLOCK_M=128, BLOCK_N=64, EVEN_K=True, GROUP_M=8, USE_FAST_ACCUM=False, num_stages=4, num_warps=8
  bmm 0.2038 ms 72.9% 
  triton_bmm_25489 0.2058 ms 72.1% ACC_TYPE='tl.float32', ALLOW_TF32=True, BLOCK_K=32, BLOCK_M=128, BLOCK_N=128, EVEN_K=True, GROUP_M=8, USE_FAST_ACCUM=False, num_stages=2, num_warps=8
  triton_bmm_25492 0.2181 ms 68.1% ACC_TYPE='tl.float32', ALLOW_TF32=True, BLOCK_K=64, BLOCK_M=128, BLOCK_N=128, EVEN_K=True, GROUP_M=8, USE_FAST_ACCUM=False, num_stages=5, num_warps=8
SingleProcess AUTOTUNE benchmarking takes 0.5777 seconds and 0.0002 seconds precompiling for 21 choices
E0717 09:59:17.078000 13342 sim-link-f1/deps/lerobot/.venv/lib/python3.12/site-packages/torch/_inductor/select_algorithm.py:3924] [3/1] Runtime error during autotuning: 
E0717 09:59:17.078000 13342 sim-link-f1/deps/lerobot/.venv/lib/python3.12/site-packages/torch/_inductor/select_algorithm.py:3924] [3/1] No valid triton configs. OutOfMemoryError: out of resource: triton_bmm Required: 196608 Hardware limit:166912 Reducing block sizes or `num_stages` may help.. 
E0717 09:59:17.078000 13342 sim-link-f1/deps/lerobot/.venv/lib/python3.12/site-packages/torch/_inductor/select_algorithm.py:3924] [3/1] Ignoring this choice.
Autotune Choices Stats:
{"num_choices": 21, "num_triton_choices": 20, "best_kernel": "bmm", "best_time": 0.13312000036239624, "best_triton_pos": 1, "best_triton_time": 0.14131200313568115, "best_triton_kernel": "triton_bmm_25511", "best_triton_kernel_desc": "ACC_TYPE='tl.float32', ALLOW_TF32=True, BLOCK_K=64, BLOCK_M=128, BLOCK_N=128, EVEN_K=True, GROUP_M=8, USE_FAST_ACCUM=False, num_stages=3, num_warps=4"}
AUTOTUNE bmm(48x1024x1024, 48x1024x256)
strides: [1048576, 1024, 1], [262144, 256, 1]
dtypes: torch.bfloat16, torch.bfloat16
  bmm 0.1331 ms 100.0% 
  triton_bmm_25511 0.1413 ms 94.2% ACC_TYPE='tl.float32', ALLOW_TF32=True, BLOCK_K=64, BLOCK_M=128, BLOCK_N=128, EVEN_K=True, GROUP_M=8, USE_FAST_ACCUM=False, num_stages=3, num_warps=4
  triton_bmm_25505 0.1454 ms 91.5% ACC_TYPE='tl.float32', ALLOW_TF32=True, BLOCK_K=64, BLOCK_M=64, BLOCK_N=128, EVEN_K=True, GROUP_M=8, USE_FAST_ACCUM=False, num_stages=3, num_warps=4
  triton_bmm_25512 0.1485 ms 89.7% ACC_TYPE='tl.float32', ALLOW_TF32=True, BLOCK_K=64, BLOCK_M=128, BLOCK_N=128, EVEN_K=True, GROUP_M=8, USE_FAST_ACCUM=False, num_stages=5, num_warps=8
  triton_bmm_25503 0.1546 ms 86.1% ACC_TYPE='tl.float32', ALLOW_TF32=True, BLOCK_K=32, BLOCK_M=64, BLOCK_N=128, EVEN_K=True, GROUP_M=8, USE_FAST_ACCUM=False, num_stages=3, num_warps=4
  triton_bmm_25510 0.1587 ms 83.9% ACC_TYPE='tl.float32', ALLOW_TF32=True, BLOCK_K=32, BLOCK_M=128, BLOCK_N=128, EVEN_K=True, GROUP_M=8, USE_FAST_ACCUM=False, num_stages=3, num_warps=4
  triton_bmm_25507 0.1628 ms 81.8% ACC_TYPE='tl.float32', ALLOW_TF32=True, BLOCK_K=32, BLOCK_M=128, BLOCK_N=64, EVEN_K=True, GROUP_M=8, USE_FAST_ACCUM=False, num_stages=3, num_warps=4
  triton_bmm_25504 0.1638 ms 81.3% ACC_TYPE='tl.float32', ALLOW_TF32=True, BLOCK_K=32, BLOCK_M=64, BLOCK_N=128, EVEN_K=True, GROUP_M=8, USE_FAST_ACCUM=False, num_stages=4, num_warps=8
  triton_bmm_25508 0.1710 ms 77.8% ACC_TYPE='tl.float32', ALLOW_TF32=True, BLOCK_K=32, BLOCK_M=128, BLOCK_N=64, EVEN_K=True, GROUP_M=8, USE_FAST_ACCUM=False, num_stages=4, num_warps=8
  triton_bmm_25506 0.1792 ms 74.3% ACC_TYPE='tl.float32', ALLOW_TF32=True, BLOCK_K=128, BLOCK_M=64, BLOCK_N=128, EVEN_K=True, GROUP_M=8, USE_FAST_ACCUM=False, num_stages=4, num_warps=4
SingleProcess AUTOTUNE benchmarking takes 0.5457 seconds and 0.0069 seconds precompiling for 21 choices
E0717 09:59:18.076000 13342 sim-link-f1/deps/lerobot/.venv/lib/python3.12/site-packages/torch/_inductor/select_algorithm.py:3924] [3/1] Runtime error during autotuning: 
E0717 09:59:18.076000 13342 sim-link-f1/deps/lerobot/.venv/lib/python3.12/site-packages/torch/_inductor/select_algorithm.py:3924] [3/1] No valid triton configs. OutOfMemoryError: out of resource: triton_mm Required: 196608 Hardware limit:166912 Reducing block sizes or `num_stages` may help.. 
E0717 09:59:18.076000 13342 sim-link-f1/deps/lerobot/.venv/lib/python3.12/site-packages/torch/_inductor/select_algorithm.py:3924] [3/1] Ignoring this choice.
Autotune Choices Stats:
{"num_choices": 21, "num_triton_choices": 20, "best_kernel": "mm", "best_time": 1.4929920434951782, "best_triton_pos": 1, "best_triton_time": 1.614848017692566, "best_triton_kernel": "triton_mm_25551", "best_triton_kernel_desc": "ACC_TYPE='tl.float32', ALLOW_TF32=True, BLOCK_K=64, BLOCK_M=128, BLOCK_N=128, EVEN_K=True, GROUP_M=8, USE_FAST_ACCUM=False, num_stages=3, num_warps=4"}
AUTOTUNE mm(5808x2048, 2048x16384)
strides: [2048, 1], [1, 2048]
dtypes: torch.bfloat16, torch.bfloat16
  mm 1.4930 ms 100.0% 
  triton_mm_25551 1.6148 ms 92.5% ACC_TYPE='tl.float32', ALLOW_TF32=True, BLOCK_K=64, BLOCK_M=128, BLOCK_N=128, EVEN_K=True, GROUP_M=8, USE_FAST_ACCUM=False, num_stages=3, num_warps=4
  triton_mm_25550 1.7449 ms 85.6% ACC_TYPE='tl.float32', ALLOW_TF32=True, BLOCK_K=32, BLOCK_M=128, BLOCK_N=128, EVEN_K=True, GROUP_M=8, USE_FAST_ACCUM=False, num_stages=3, num_warps=4
  triton_mm_25543 1.8739 ms 79.7% ACC_TYPE='tl.float32', ALLOW_TF32=True, BLOCK_K=32, BLOCK_M=64, BLOCK_N=128, EVEN_K=True, GROUP_M=8, USE_FAST_ACCUM=False, num_stages=3, num_warps=4
  triton_mm_25545 1.8964 ms 78.7% ACC_TYPE='tl.float32', ALLOW_TF32=True, BLOCK_K=64, BLOCK_M=64, BLOCK_N=128, EVEN_K=True, GROUP_M=8, USE_FAST_ACCUM=False, num_stages=3, num_warps=4
  triton_mm_25547 1.9436 ms 76.8% ACC_TYPE='tl.float32', ALLOW_TF32=True, BLOCK_K=32, BLOCK_M=128, BLOCK_N=64, EVEN_K=True, GROUP_M=8, USE_FAST_ACCUM=False, num_stages=3, num_warps=4
  triton_mm_25552 2.0408 ms 73.2% ACC_TYPE='tl.float32', ALLOW_TF32=True, BLOCK_K=64, BLOCK_M=128, BLOCK_N=128, EVEN_K=True, GROUP_M=8, USE_FAST_ACCUM=False, num_stages=5, num_warps=8
  triton_mm_25544 2.3020 ms 64.9% ACC_TYPE='tl.float32', ALLOW_TF32=True, BLOCK_K=32, BLOCK_M=64, BLOCK_N=128, EVEN_K=True, GROUP_M=8, USE_FAST_ACCUM=False, num_stages=4, num_warps=8
  triton_mm_25548 2.3081 ms 64.7% ACC_TYPE='tl.float32', ALLOW_TF32=True, BLOCK_K=32, BLOCK_M=128, BLOCK_N=64, EVEN_K=True, GROUP_M=8, USE_FAST_ACCUM=False, num_stages=4, num_warps=8
  triton_mm_25546 2.3429 ms 63.7% ACC_TYPE='tl.float32', ALLOW_TF32=True, BLOCK_K=128, BLOCK_M=64, BLOCK_N=128, EVEN_K=True, GROUP_M=8, USE_FAST_ACCUM=False, num_stages=4, num_warps=4
SingleProcess AUTOTUNE benchmarking takes 0.9950 seconds and 0.0002 seconds precompiling for 21 choices
E0717 09:59:19.090000 13342 sim-link-f1/deps/lerobot/.venv/lib/python3.12/site-packages/torch/_inductor/select_algorithm.py:3924] [3/1] Runtime error during autotuning: 
E0717 09:59:19.090000 13342 sim-link-f1/deps/lerobot/.venv/lib/python3.12/site-packages/torch/_inductor/select_algorithm.py:3924] [3/1] No valid triton configs. OutOfMemoryError: out of resource: triton_mm Required: 196608 Hardware limit:166912 Reducing block sizes or `num_stages` may help.. 
E0717 09:59:19.090000 13342 sim-link-f1/deps/lerobot/.venv/lib/python3.12/site-packages/torch/_inductor/select_algorithm.py:3924] [3/1] Ignoring this choice.
Autotune Choices Stats:
{"num_choices": 21, "num_triton_choices": 20, "best_kernel": "mm", "best_time": 1.5769599676132202, "best_triton_pos": 1, "best_triton_time": 1.5974400043487549, "best_triton_kernel": "triton_mm_25591", "best_triton_kernel_desc": "ACC_TYPE='tl.float32', ALLOW_TF32=True, BLOCK_K=64, BLOCK_M=128, BLOCK_N=128, EVEN_K=True, GROUP_M=8, USE_FAST_ACCUM=False, num_stages=3, num_warps=4"}
AUTOTUNE mm(5808x16384, 16384x2048)
strides: [16384, 1], [1, 16384]
dtypes: torch.bfloat16, torch.bfloat16
  mm 1.5770 ms 100.0% 
  triton_mm_25591 1.5974 ms 98.7% ACC_TYPE='tl.float32', ALLOW_TF32=True, BLOCK_K=64, BLOCK_M=128, BLOCK_N=128, EVEN_K=True, GROUP_M=8, USE_FAST_ACCUM=False, num_stages=3, num_warps=4
  triton_mm_25590 1.7398 ms 90.6% ACC_TYPE='tl.float32', ALLOW_TF32=True, BLOCK_K=32, BLOCK_M=128, BLOCK_N=128, EVEN_K=True, GROUP_M=8, USE_FAST_ACCUM=False, num_stages=3, num_warps=4
  triton_mm_25592 1.9036 ms 82.8% ACC_TYPE='tl.float32', ALLOW_TF32=True, BLOCK_K=64, BLOCK_M=128, BLOCK_N=128, EVEN_K=True, GROUP_M=8, USE_FAST_ACCUM=False, num_stages=5, num_warps=8
  triton_mm_25585 2.0111 ms 78.4% ACC_TYPE='tl.float32', ALLOW_TF32=True, BLOCK_K=64, BLOCK_M=64, BLOCK_N=128, EVEN_K=True, GROUP_M=8, USE_FAST_ACCUM=False, num_stages=3, num_warps=4
  triton_mm_25587 2.0111 ms 78.4% ACC_TYPE='tl.float32', ALLOW_TF32=True, BLOCK_K=32, BLOCK_M=128, BLOCK_N=64, EVEN_K=True, GROUP_M=8, USE_FAST_ACCUM=False, num_stages=3, num_warps=4
  triton_mm_25583 2.0234 ms 77.9% ACC_TYPE='tl.float32', ALLOW_TF32=True, BLOCK_K=32, BLOCK_M=64, BLOCK_N=128, EVEN_K=True, GROUP_M=8, USE_FAST_ACCUM=False, num_stages=3, num_warps=4
  triton_mm_25586 2.1617 ms 73.0% ACC_TYPE='tl.float32', ALLOW_TF32=True, BLOCK_K=128, BLOCK_M=64, BLOCK_N=128, EVEN_K=True, GROUP_M=8, USE_FAST_ACCUM=False, num_stages=4, num_warps=4
  triton_mm_25584 2.2702 ms 69.5% ACC_TYPE='tl.float32', ALLOW_TF32=True, BLOCK_K=32, BLOCK_M=64, BLOCK_N=128, EVEN_K=True, GROUP_M=8, USE_FAST_ACCUM=False, num_stages=4, num_warps=8
  triton_mm_25588 2.2948 ms 68.7% ACC_TYPE='tl.float32', ALLOW_TF32=True, BLOCK_K=32, BLOCK_M=128, BLOCK_N=64, EVEN_K=True, GROUP_M=8, USE_FAST_ACCUM=False, num_stages=4, num_warps=8
SingleProcess AUTOTUNE benchmarking takes 1.0120 seconds and 0.0002 seconds precompiling for 21 choices
E0717 09:59:19.398000 13342 sim-link-f1/deps/lerobot/.venv/lib/python3.12/site-packages/torch/_inductor/select_algorithm.py:3924] [3/1] Runtime error during autotuning: 
E0717 09:59:19.398000 13342 sim-link-f1/deps/lerobot/.venv/lib/python3.12/site-packages/torch/_inductor/select_algorithm.py:3924] [3/1] No valid triton configs. OutOfMemoryError: out of resource: triton_mm Required: 196608 Hardware limit:166912 Reducing block sizes or `num_stages` may help.. 
E0717 09:59:19.398000 13342 sim-link-f1/deps/lerobot/.venv/lib/python3.12/site-packages/torch/_inductor/select_algorithm.py:3924] [3/1] Ignoring this choice.
Autotune Choices Stats:
{"num_choices": 21, "num_triton_choices": 20, "best_kernel": "mm", "best_time": 0.01945599913597107, "best_triton_pos": 1, "best_triton_time": 0.01945599913597107, "best_triton_kernel": "triton_mm_25602", "best_triton_kernel_desc": "ACC_TYPE='tl.float32', ALLOW_TF32=True, BLOCK_K=128, BLOCK_M=64, BLOCK_N=64, EVEN_K=True, GROUP_M=8, USE_FAST_ACCUM=False, num_stages=5, num_warps=4"}
AUTOTUNE mm(300x2048, 2048x1024)
strides: [2048, 1], [1, 2048]
dtypes: torch.bfloat16, torch.bfloat16
  mm 0.0195 ms 100.0% 
  triton_mm_25602 0.0195 ms 100.0% ACC_TYPE='tl.float32', ALLOW_TF32=True, BLOCK_K=128, BLOCK_M=64, BLOCK_N=64, EVEN_K=True, GROUP_M=8, USE_FAST_ACCUM=False, num_stages=5, num_warps=4
  triton_mm_25601 0.0256 ms 76.0% ACC_TYPE='tl.float32', ALLOW_TF32=True, BLOCK_K=64, BLOCK_M=64, BLOCK_N=64, EVEN_K=True, GROUP_M=8, USE_FAST_ACCUM=False, num_stages=3, num_warps=8
  triton_mm_25606 0.0266 ms 73.1% ACC_TYPE='tl.float32', ALLOW_TF32=True, BLOCK_K=128, BLOCK_M=64, BLOCK_N=128, EVEN_K=True, GROUP_M=8, USE_FAST_ACCUM=False, num_stages=4, num_warps=4
  triton_mm_25595 0.0276 ms 70.4% ACC_TYPE='tl.float32', ALLOW_TF32=True, BLOCK_K=128, BLOCK_M=32, BLOCK_N=32, EVEN_K=True, GROUP_M=8, USE_FAST_ACCUM=False, num_stages=2, num_warps=4
  triton_mm_25598 0.0276 ms 70.4% ACC_TYPE='tl.float32', ALLOW_TF32=True, BLOCK_K=128, BLOCK_M=64, BLOCK_N=32, EVEN_K=True, GROUP_M=8, USE_FAST_ACCUM=False, num_stages=5, num_warps=4
  triton_mm_25605 0.0297 ms 65.5% ACC_TYPE='tl.float32', ALLOW_TF32=True, BLOCK_K=64, BLOCK_M=64, BLOCK_N=128, EVEN_K=True, GROUP_M=8, USE_FAST_ACCUM=False, num_stages=3, num_warps=4
  triton_mm_25608 0.0307 ms 63.3% ACC_TYPE='tl.float32', ALLOW_TF32=True, BLOCK_K=32, BLOCK_M=128, BLOCK_N=64, EVEN_K=True, GROUP_M=8, USE_FAST_ACCUM=False, num_stages=4, num_warps=8
  triton_mm_25596 0.0317 ms 61.3% ACC_TYPE='tl.float32', ALLOW_TF32=True, BLOCK_K=32, BLOCK_M=32, BLOCK_N=64, EVEN_K=True, GROUP_M=8, USE_FAST_ACCUM=False, num_stages=5, num_warps=8
  triton_mm_25597 0.0317 ms 61.3% ACC_TYPE='tl.float32', ALLOW_TF32=True, BLOCK_K=32, BLOCK_M=64, BLOCK_N=32, EVEN_K=True, GROUP_M=8, USE_FAST_ACCUM=False, num_stages=5, num_warps=8
SingleProcess AUTOTUNE benchmarking takes 0.3054 seconds and 0.0002 seconds precompiling for 21 choices
E0717 09:59:19.695000 13342 sim-link-f1/deps/lerobot/.venv/lib/python3.12/site-packages/torch/_inductor/select_algorithm.py:3924] [3/1] Runtime error during autotuning: 
E0717 09:59:19.695000 13342 sim-link-f1/deps/lerobot/.venv/lib/python3.12/site-packages/torch/_inductor/select_algorithm.py:3924] [3/1] No valid triton configs. OutOfMemoryError: out of resource: triton_mm Required: 196608 Hardware limit:166912 Reducing block sizes or `num_stages` may help.. 
E0717 09:59:19.695000 13342 sim-link-f1/deps/lerobot/.venv/lib/python3.12/site-packages/torch/_inductor/select_algorithm.py:3924] [3/1] Ignoring this choice.
Autotune Choices Stats:
{"num_choices": 21, "num_triton_choices": 20, "best_kernel": "mm", "best_time": 0.023552000522613525, "best_triton_pos": 1, "best_triton_time": 0.02457600086927414, "best_triton_kernel": "triton_mm_25643", "best_triton_kernel_desc": "ACC_TYPE='tl.float32', ALLOW_TF32=True, BLOCK_K=64, BLOCK_M=64, BLOCK_N=128, EVEN_K=True, GROUP_M=8, USE_FAST_ACCUM=False, num_stages=3, num_warps=4"}
AUTOTUNE mm(300x1024, 1024x4096)
strides: [1024, 1], [1, 1024]
dtypes: torch.bfloat16, torch.bfloat16
  mm 0.0236 ms 100.0% 
  triton_mm_25643 0.0246 ms 95.8% ACC_TYPE='tl.float32', ALLOW_TF32=True, BLOCK_K=64, BLOCK_M=64, BLOCK_N=128, EVEN_K=True, GROUP_M=8, USE_FAST_ACCUM=False, num_stages=3, num_warps=4
  triton_mm_25649 0.0266 ms 88.5% ACC_TYPE='tl.float32', ALLOW_TF32=True, BLOCK_K=64, BLOCK_M=128, BLOCK_N=128, EVEN_K=True, GROUP_M=8, USE_FAST_ACCUM=False, num_stages=3, num_warps=4
  triton_mm_25650 0.0266 ms 88.5% ACC_TYPE='tl.float32', ALLOW_TF32=True, BLOCK_K=64, BLOCK_M=128, BLOCK_N=128, EVEN_K=True, GROUP_M=8, USE_FAST_ACCUM=False, num_stages=5, num_warps=8
  triton_mm_25639 0.0276 ms 85.2% ACC_TYPE='tl.float32', ALLOW_TF32=True, BLOCK_K=64, BLOCK_M=64, BLOCK_N=64, EVEN_K=True, GROUP_M=8, USE_FAST_ACCUM=False, num_stages=3, num_warps=8
  triton_mm_25641 0.0287 ms 82.1% ACC_TYPE='tl.float32', ALLOW_TF32=True, BLOCK_K=32, BLOCK_M=64, BLOCK_N=128, EVEN_K=True, GROUP_M=8, USE_FAST_ACCUM=False, num_stages=3, num_warps=4
  triton_mm_25642 0.0287 ms 82.1% ACC_TYPE='tl.float32', ALLOW_TF32=True, BLOCK_K=32, BLOCK_M=64, BLOCK_N=128, EVEN_K=True, GROUP_M=8, USE_FAST_ACCUM=False, num_stages=4, num_warps=8
  triton_mm_25646 0.0287 ms 82.1% ACC_TYPE='tl.float32', ALLOW_TF32=True, BLOCK_K=32, BLOCK_M=128, BLOCK_N=64, EVEN_K=True, GROUP_M=8, USE_FAST_ACCUM=False, num_stages=4, num_warps=8
  triton_mm_25645 0.0297 ms 79.3% ACC_TYPE='tl.float32', ALLOW_TF32=True, BLOCK_K=32, BLOCK_M=128, BLOCK_N=64, EVEN_K=True, GROUP_M=8, USE_FAST_ACCUM=False, num_stages=3, num_warps=4
  triton_mm_25648 0.0307 ms 76.7% ACC_TYPE='tl.float32', ALLOW_TF32=True, BLOCK_K=32, BLOCK_M=128, BLOCK_N=128, EVEN_K=True, GROUP_M=8, USE_FAST_ACCUM=False, num_stages=3, num_warps=4
SingleProcess AUTOTUNE benchmarking takes 0.2940 seconds and 0.0002 seconds precompiling for 21 choices
E0717 09:59:20.067000 13342 sim-link-f1/deps/lerobot/.venv/lib/python3.12/site-packages/torch/_inductor/select_algorithm.py:3924] [3/1] Runtime error during autotuning: 
E0717 09:59:20.067000 13342 sim-link-f1/deps/lerobot/.venv/lib/python3.12/site-packages/torch/_inductor/select_algorithm.py:3924] [3/1] No valid triton configs. OutOfMemoryError: out of resource: triton_mm Required: 196608 Hardware limit:166912 Reducing block sizes or `num_stages` may help.. 
E0717 09:59:20.067000 13342 sim-link-f1/deps/lerobot/.venv/lib/python3.12/site-packages/torch/_inductor/select_algorithm.py:3924] [3/1] Ignoring this choice.
Autotune Choices Stats:
{"num_choices": 21, "num_triton_choices": 20, "best_kernel": "mm", "best_time": 0.030719999223947525, "best_triton_pos": 1, "best_triton_time": 0.030719999223947525, "best_triton_kernel": "triton_mm_25680", "best_triton_kernel_desc": "ACC_TYPE='tl.float32', ALLOW_TF32=True, BLOCK_K=128, BLOCK_M=64, BLOCK_N=64, EVEN_K=True, GROUP_M=8, USE_FAST_ACCUM=False, num_stages=5, num_warps=4"}
AUTOTUNE mm(300x4096, 4096x1024)
strides: [4096, 1], [1, 4096]
dtypes: torch.bfloat16, torch.bfloat16
  mm 0.0307 ms 100.0% 
  triton_mm_25680 0.0307 ms 100.0% ACC_TYPE='tl.float32', ALLOW_TF32=True, BLOCK_K=128, BLOCK_M=64, BLOCK_N=64, EVEN_K=True, GROUP_M=8, USE_FAST_ACCUM=False, num_stages=5, num_warps=4
  triton_mm_25679 0.0451 ms 68.2% ACC_TYPE='tl.float32', ALLOW_TF32=True, BLOCK_K=64, BLOCK_M=64, BLOCK_N=64, EVEN_K=True, GROUP_M=8, USE_FAST_ACCUM=False, num_stages=3, num_warps=8
  triton_mm_25684 0.0451 ms 68.2% ACC_TYPE='tl.float32', ALLOW_TF32=True, BLOCK_K=128, BLOCK_M=64, BLOCK_N=128, EVEN_K=True, GROUP_M=8, USE_FAST_ACCUM=False, num_stages=4, num_warps=4
  triton_mm_25676 0.0471 ms 65.2% ACC_TYPE='tl.float32', ALLOW_TF32=True, BLOCK_K=128, BLOCK_M=64, BLOCK_N=32, EVEN_K=True, GROUP_M=8, USE_FAST_ACCUM=False, num_stages=5, num_warps=4
  triton_mm_25673 0.0492 ms 62.5% ACC_TYPE='tl.float32', ALLOW_TF32=True, BLOCK_K=128, BLOCK_M=32, BLOCK_N=32, EVEN_K=True, GROUP_M=8, USE_FAST_ACCUM=False, num_stages=2, num_warps=4
  triton_mm_25683 0.0522 ms 58.8% ACC_TYPE='tl.float32', ALLOW_TF32=True, BLOCK_K=64, BLOCK_M=64, BLOCK_N=128, EVEN_K=True, GROUP_M=8, USE_FAST_ACCUM=False, num_stages=3, num_warps=4
  triton_mm_25686 0.0553 ms 55.6% ACC_TYPE='tl.float32', ALLOW_TF32=True, BLOCK_K=32, BLOCK_M=128, BLOCK_N=64, EVEN_K=True, GROUP_M=8, USE_FAST_ACCUM=False, num_stages=4, num_warps=8
  triton_mm_25674 0.0563 ms 54.5% ACC_TYPE='tl.float32', ALLOW_TF32=True, BLOCK_K=32, BLOCK_M=32, BLOCK_N=64, EVEN_K=True, GROUP_M=8, USE_FAST_ACCUM=False, num_stages=5, num_warps=8
  triton_mm_25675 0.0563 ms 54.5% ACC_TYPE='tl.float32', ALLOW_TF32=True, BLOCK_K=32, BLOCK_M=64, BLOCK_N=32, EVEN_K=True, GROUP_M=8, USE_FAST_ACCUM=False, num_stages=5, num_warps=8
SingleProcess AUTOTUNE benchmarking takes 0.3686 seconds and 0.0002 seconds precompiling for 21 choices
Autotune Choices Stats:
{"num_choices": 20, "num_triton_choices": 18, "best_kernel": "triton_mm_31686", "best_kernel_desc": "ACC_TYPE='tl.float32', ALLOW_TF32=True, BLOCK_K=128, BLOCK_M=64, BLOCK_N=32, EVEN_K=True, GROUP_M=8, USE_FAST_ACCUM=False, num_stages=5, num_warps=4", "best_time": 0.01228800043463707, "best_triton_pos": 0}
AUTOTUNE addmm(300x32, 300x1024, 1024x32)
strides: [0, 1], [1024, 1], [1, 1024]
dtypes: torch.bfloat16, torch.bfloat16, torch.bfloat16
  triton_mm_31686 0.0123 ms 100.0% ACC_TYPE='tl.float32', ALLOW_TF32=True, BLOCK_K=128, BLOCK_M=64, BLOCK_N=32, EVEN_K=True, GROUP_M=8, USE_FAST_ACCUM=False, num_stages=5, num_warps=4
  triton_mm_31693 0.0123 ms 100.0% ACC_TYPE='tl.float32', ALLOW_TF32=True, BLOCK_K=128, BLOCK_M=64, BLOCK_N=32, EVEN_K=True, GROUP_M=8, USE_FAST_ACCUM=False, num_stages=4, num_warps=4
  bias_addmm 0.0133 ms 92.3% 
  triton_mm_31684 0.0133 ms 92.3% ACC_TYPE='tl.float32', ALLOW_TF32=True, BLOCK_K=32, BLOCK_M=32, BLOCK_N=32, EVEN_K=True, GROUP_M=8, USE_FAST_ACCUM=False, num_stages=5, num_warps=4
  triton_mm_31683 0.0154 ms 80.0% ACC_TYPE='tl.float32', ALLOW_TF32=True, BLOCK_K=128, BLOCK_M=32, BLOCK_N=32, EVEN_K=True, GROUP_M=8, USE_FAST_ACCUM=False, num_stages=2, num_warps=4
  triton_mm_31685 0.0154 ms 80.0% ACC_TYPE='tl.float32', ALLOW_TF32=True, BLOCK_K=32, BLOCK_M=64, BLOCK_N=32, EVEN_K=True, GROUP_M=8, USE_FAST_ACCUM=False, num_stages=5, num_warps=8
  triton_mm_31689 0.0154 ms 80.0% ACC_TYPE='tl.float32', ALLOW_TF32=True, BLOCK_K=64, BLOCK_M=64, BLOCK_N=32, EVEN_K=True, GROUP_M=8, USE_FAST_ACCUM=False, num_stages=3, num_warps=8
  triton_mm_31692 0.0154 ms 80.0% ACC_TYPE='tl.float32', ALLOW_TF32=True, BLOCK_K=64, BLOCK_M=64, BLOCK_N=32, EVEN_K=True, GROUP_M=8, USE_FAST_ACCUM=False, num_stages=3, num_warps=4
  triton_mm_31698 0.0154 ms 80.0% ACC_TYPE='tl.float32', ALLOW_TF32=True, BLOCK_K=64, BLOCK_M=128, BLOCK_N=32, EVEN_K=True, GROUP_M=8, USE_FAST_ACCUM=False, num_stages=5, num_warps=8
  triton_mm_31699 0.0154 ms 80.0% ACC_TYPE='tl.float32', ALLOW_TF32=True, BLOCK_K=128, BLOCK_M=128, BLOCK_N=32, EVEN_K=True, GROUP_M=8, USE_FAST_ACCUM=False, num_stages=4, num_warps=8
SingleProcess AUTOTUNE benchmarking takes 0.2865 seconds and 0.0002 seconds precompiling for 20 choices
Autotune Choices Stats:
{"num_choices": 18, "num_triton_choices": 17, "best_kernel": "triton_mm_31777", "best_kernel_desc": "ACC_TYPE='tl.float32', ALLOW_TF32=True, BLOCK_K=16, BLOCK_M=64, BLOCK_N=64, EVEN_K=False, GROUP_M=8, USE_FAST_ACCUM=False, num_stages=2, num_warps=4", "best_time": 0.010239999741315842, "best_triton_pos": 0}
AUTOTUNE mm(3072x6, 6x1024)
strides: [1, 3072], [1024, 1]
dtypes: torch.bfloat16, torch.bfloat16
  triton_mm_31777 0.0102 ms 100.0% ACC_TYPE='tl.float32', ALLOW_TF32=True, BLOCK_K=16, BLOCK_M=64, BLOCK_N=64, EVEN_K=False, GROUP_M=8, USE_FAST_ACCUM=False, num_stages=2, num_warps=4
  triton_mm_31780 0.0102 ms 100.0% ACC_TYPE='tl.float32', ALLOW_TF32=True, BLOCK_K=16, BLOCK_M=64, BLOCK_N=128, EVEN_K=False, GROUP_M=8, USE_FAST_ACCUM=False, num_stages=3, num_warps=4
  triton_mm_31782 0.0102 ms 100.0% ACC_TYPE='tl.float32', ALLOW_TF32=True, BLOCK_K=16, BLOCK_M=64, BLOCK_N=128, EVEN_K=False, GROUP_M=8, USE_FAST_ACCUM=False, num_stages=4, num_warps=4
  triton_mm_31783 0.0102 ms 100.0% ACC_TYPE='tl.float32', ALLOW_TF32=True, BLOCK_K=16, BLOCK_M=128, BLOCK_N=64, EVEN_K=False, GROUP_M=8, USE_FAST_ACCUM=False, num_stages=3, num_warps=4
  triton_mm_31784 0.0102 ms 100.0% ACC_TYPE='tl.float32', ALLOW_TF32=True, BLOCK_K=16, BLOCK_M=128, BLOCK_N=64, EVEN_K=False, GROUP_M=8, USE_FAST_ACCUM=False, num_stages=4, num_warps=8
  triton_mm_31786 0.0102 ms 100.0% ACC_TYPE='tl.float32', ALLOW_TF32=True, BLOCK_K=16, BLOCK_M=128, BLOCK_N=128, EVEN_K=False, GROUP_M=8, USE_FAST_ACCUM=False, num_stages=3, num_warps=4
  triton_mm_31772 0.0113 ms 90.9% ACC_TYPE='tl.float32', ALLOW_TF32=True, BLOCK_K=16, BLOCK_M=32, BLOCK_N=32, EVEN_K=False, GROUP_M=8, USE_FAST_ACCUM=False, num_stages=1, num_warps=2
  triton_mm_31778 0.0113 ms 90.9% ACC_TYPE='tl.float32', ALLOW_TF32=True, BLOCK_K=16, BLOCK_M=64, BLOCK_N=64, EVEN_K=False, GROUP_M=8, USE_FAST_ACCUM=False, num_stages=3, num_warps=8
  triton_mm_31779 0.0113 ms 90.9% ACC_TYPE='tl.float32', ALLOW_TF32=True, BLOCK_K=16, BLOCK_M=64, BLOCK_N=64, EVEN_K=False, GROUP_M=8, USE_FAST_ACCUM=False, num_stages=5, num_warps=4
  triton_mm_31781 0.0113 ms 90.9% ACC_TYPE='tl.float32', ALLOW_TF32=True, BLOCK_K=16, BLOCK_M=64, BLOCK_N=128, EVEN_K=False, GROUP_M=8, USE_FAST_ACCUM=False, num_stages=4, num_warps=8
SingleProcess AUTOTUNE benchmarking takes 0.2529 seconds and 0.0004 seconds precompiling for 18 choices
Autotune Choices Stats:
{"num_choices": 18, "num_triton_choices": 17, "best_kernel": "triton_mm_50478", "best_kernel_desc": "ACC_TYPE='tl.float32', ALLOW_TF32=True, BLOCK_K=16, BLOCK_M=32, BLOCK_N=32, EVEN_K=False, GROUP_M=8, USE_FAST_ACCUM=False, num_stages=1, num_warps=2", "best_time": 0.008191999979317188, "best_triton_pos": 0}
AUTOTUNE mm(1024x6, 6x1024)
strides: [1, 1024], [1024, 1]
dtypes: torch.bfloat16, torch.bfloat16
  triton_mm_50478 0.0082 ms 100.0% ACC_TYPE='tl.float32', ALLOW_TF32=True, BLOCK_K=16, BLOCK_M=32, BLOCK_N=32, EVEN_K=False, GROUP_M=8, USE_FAST_ACCUM=False, num_stages=1, num_warps=2
  triton_mm_50479 0.0082 ms 100.0% ACC_TYPE='tl.float32', ALLOW_TF32=True, BLOCK_K=16, BLOCK_M=32, BLOCK_N=32, EVEN_K=False, GROUP_M=8, USE_FAST_ACCUM=False, num_stages=2, num_warps=4
  triton_mm_50483 0.0082 ms 100.0% ACC_TYPE='tl.float32', ALLOW_TF32=True, BLOCK_K=16, BLOCK_M=64, BLOCK_N=64, EVEN_K=False, GROUP_M=8, USE_FAST_ACCUM=False, num_stages=2, num_warps=4
  triton_mm_50484 0.0082 ms 100.0% ACC_TYPE='tl.float32', ALLOW_TF32=True, BLOCK_K=16, BLOCK_M=64, BLOCK_N=64, EVEN_K=False, GROUP_M=8, USE_FAST_ACCUM=False, num_stages=3, num_warps=8
  triton_mm_50485 0.0082 ms 100.0% ACC_TYPE='tl.float32', ALLOW_TF32=True, BLOCK_K=16, BLOCK_M=64, BLOCK_N=64, EVEN_K=False, GROUP_M=8, USE_FAST_ACCUM=False, num_stages=5, num_warps=4
  triton_mm_50486 0.0082 ms 100.0% ACC_TYPE='tl.float32', ALLOW_TF32=True, BLOCK_K=16, BLOCK_M=64, BLOCK_N=128, EVEN_K=False, GROUP_M=8, USE_FAST_ACCUM=False, num_stages=3, num_warps=4
  triton_mm_50487 0.0082 ms 100.0% ACC_TYPE='tl.float32', ALLOW_TF32=True, BLOCK_K=16, BLOCK_M=64, BLOCK_N=128, EVEN_K=False, GROUP_M=8, USE_FAST_ACCUM=False, num_stages=4, num_warps=8
  triton_mm_50488 0.0082 ms 100.0% ACC_TYPE='tl.float32', ALLOW_TF32=True, BLOCK_K=16, BLOCK_M=64, BLOCK_N=128, EVEN_K=False, GROUP_M=8, USE_FAST_ACCUM=False, num_stages=4, num_warps=4
  triton_mm_50489 0.0082 ms 100.0% ACC_TYPE='tl.float32', ALLOW_TF32=True, BLOCK_K=16, BLOCK_M=128, BLOCK_N=64, EVEN_K=False, GROUP_M=8, USE_FAST_ACCUM=False, num_stages=3, num_warps=4
  triton_mm_50490 0.0082 ms 100.0% ACC_TYPE='tl.float32', ALLOW_TF32=True, BLOCK_K=16, BLOCK_M=128, BLOCK_N=64, EVEN_K=False, GROUP_M=8, USE_FAST_ACCUM=False, num_stages=4, num_warps=8
SingleProcess AUTOTUNE benchmarking takes 0.2472 seconds and 0.0002 seconds precompiling for 18 choices
Autotune Choices Stats:
{"num_choices": 19, "num_triton_choices": 18, "best_kernel": "triton_mm_31758", "best_kernel_desc": "ACC_TYPE='tl.float32', ALLOW_TF32=True, BLOCK_K=128, BLOCK_M=32, BLOCK_N=32, EVEN_K=False, GROUP_M=8, USE_FAST_ACCUM=False, num_stages=5, num_warps=4", "best_time": 0.008191999979317188, "best_triton_pos": 0}
AUTOTUNE mm(32x300, 300x1024)
strides: [1, 32], [1024, 1]
dtypes: torch.bfloat16, torch.bfloat16
  triton_mm_31758 0.0082 ms 100.0% ACC_TYPE='tl.float32', ALLOW_TF32=True, BLOCK_K=128, BLOCK_M=32, BLOCK_N=32, EVEN_K=False, GROUP_M=8, USE_FAST_ACCUM=False, num_stages=5, num_warps=4
  triton_mm_31755 0.0092 ms 88.9% ACC_TYPE='tl.float32', ALLOW_TF32=True, BLOCK_K=128, BLOCK_M=32, BLOCK_N=32, EVEN_K=False, GROUP_M=8, USE_FAST_ACCUM=False, num_stages=2, num_warps=4
  triton_mm_31756 0.0092 ms 88.9% ACC_TYPE='tl.float32', ALLOW_TF32=True, BLOCK_K=32, BLOCK_M=32, BLOCK_N=64, EVEN_K=False, GROUP_M=8, USE_FAST_ACCUM=False, num_stages=5, num_warps=8
  triton_mm_31757 0.0092 ms 88.9% ACC_TYPE='tl.float32', ALLOW_TF32=True, BLOCK_K=32, BLOCK_M=32, BLOCK_N=32, EVEN_K=False, GROUP_M=8, USE_FAST_ACCUM=False, num_stages=5, num_warps=4
  triton_mm_31761 0.0092 ms 88.9% ACC_TYPE='tl.float32', ALLOW_TF32=True, BLOCK_K=64, BLOCK_M=32, BLOCK_N=64, EVEN_K=False, GROUP_M=8, USE_FAST_ACCUM=False, num_stages=3, num_warps=8
  triton_mm_31762 0.0092 ms 88.9% ACC_TYPE='tl.float32', ALLOW_TF32=True, BLOCK_K=128, BLOCK_M=32, BLOCK_N=64, EVEN_K=False, GROUP_M=8, USE_FAST_ACCUM=False, num_stages=5, num_warps=4
  triton_mm_31766 0.0092 ms 88.9% ACC_TYPE='tl.float32', ALLOW_TF32=True, BLOCK_K=128, BLOCK_M=32, BLOCK_N=128, EVEN_K=False, GROUP_M=8, USE_FAST_ACCUM=False, num_stages=4, num_warps=4
  mm 0.0102 ms 80.0% 
  triton_mm_31764 0.0102 ms 80.0% ACC_TYPE='tl.float32', ALLOW_TF32=True, BLOCK_K=32, BLOCK_M=32, BLOCK_N=128, EVEN_K=False, GROUP_M=8, USE_FAST_ACCUM=False, num_stages=4, num_warps=8
  triton_mm_31765 0.0102 ms 80.0% ACC_TYPE='tl.float32', ALLOW_TF32=True, BLOCK_K=64, BLOCK_M=32, BLOCK_N=128, EVEN_K=False, GROUP_M=8, USE_FAST_ACCUM=False, num_stages=3, num_warps=4
SingleProcess AUTOTUNE benchmarking takes 0.2625 seconds and 0.0002 seconds precompiling for 19 choices
Autotune Choices Stats:
{"num_choices": 19, "num_triton_choices": 18, "best_kernel": "triton_mm_50514", "best_kernel_desc": "ACC_TYPE='tl.float32', ALLOW_TF32=True, BLOCK_K=32, BLOCK_M=32, BLOCK_N=32, EVEN_K=False, GROUP_M=8, USE_FAST_ACCUM=False, num_stages=5, num_warps=4", "best_time": 0.009216000325977802, "best_triton_pos": 0}
AUTOTUNE mm(1024x300, 300x32)
strides: [1, 1024], [32, 1]
dtypes: torch.bfloat16, torch.bfloat16
  triton_mm_50514 0.0092 ms 100.0% ACC_TYPE='tl.float32', ALLOW_TF32=True, BLOCK_K=32, BLOCK_M=32, BLOCK_N=32, EVEN_K=False, GROUP_M=8, USE_FAST_ACCUM=False, num_stages=5, num_warps=4
  triton_mm_50515 0.0092 ms 100.0% ACC_TYPE='tl.float32', ALLOW_TF32=True, BLOCK_K=32, BLOCK_M=64, BLOCK_N=32, EVEN_K=False, GROUP_M=8, USE_FAST_ACCUM=False, num_stages=5, num_warps=8
  triton_mm_50516 0.0092 ms 100.0% ACC_TYPE='tl.float32', ALLOW_TF32=True, BLOCK_K=128, BLOCK_M=64, BLOCK_N=32, EVEN_K=False, GROUP_M=8, USE_FAST_ACCUM=False, num_stages=5, num_warps=4
  triton_mm_50519 0.0092 ms 100.0% ACC_TYPE='tl.float32', ALLOW_TF32=True, BLOCK_K=64, BLOCK_M=64, BLOCK_N=32, EVEN_K=False, GROUP_M=8, USE_FAST_ACCUM=False, num_stages=3, num_warps=8
  triton_mm_50522 0.0092 ms 100.0% ACC_TYPE='tl.float32', ALLOW_TF32=True, BLOCK_K=64, BLOCK_M=64, BLOCK_N=32, EVEN_K=False, GROUP_M=8, USE_FAST_ACCUM=False, num_stages=3, num_warps=4
  triton_mm_50523 0.0092 ms 100.0% ACC_TYPE='tl.float32', ALLOW_TF32=True, BLOCK_K=128, BLOCK_M=64, BLOCK_N=32, EVEN_K=False, GROUP_M=8, USE_FAST_ACCUM=False, num_stages=4, num_warps=4
  triton_mm_50527 0.0092 ms 100.0% ACC_TYPE='tl.float32', ALLOW_TF32=True, BLOCK_K=64, BLOCK_M=128, BLOCK_N=32, EVEN_K=False, GROUP_M=8, USE_FAST_ACCUM=False, num_stages=3, num_warps=4
  mm 0.0102 ms 90.0% 
  triton_mm_50513 0.0102 ms 90.0% ACC_TYPE='tl.float32', ALLOW_TF32=True, BLOCK_K=128, BLOCK_M=32, BLOCK_N=32, EVEN_K=False, GROUP_M=8, USE_FAST_ACCUM=False, num_stages=2, num_warps=4
  triton_mm_50520 0.0102 ms 90.0% ACC_TYPE='tl.float32', ALLOW_TF32=True, BLOCK_K=32, BLOCK_M=64, BLOCK_N=32, EVEN_K=False, GROUP_M=8, USE_FAST_ACCUM=False, num_stages=3, num_warps=4
SingleProcess AUTOTUNE benchmarking takes 0.2711 seconds and 0.0002 seconds precompiling for 19 choices
Autotune Choices Stats:
{"num_choices": 19, "num_triton_choices": 18, "best_kernel": "triton_mm_36166", "best_kernel_desc": "ACC_TYPE='tl.float32', ALLOW_TF32=True, BLOCK_K=128, BLOCK_M=16, BLOCK_N=64, EVEN_K=True, GROUP_M=8, USE_FAST_ACCUM=False, num_stages=5, num_warps=4", "best_time": 0.016383999958634377, "best_triton_pos": 0}
AUTOTUNE mm(6x3072, 3072x1024)
strides: [3072, 1], [1024, 1]
dtypes: torch.bfloat16, torch.bfloat16
  triton_mm_36166 0.0164 ms 100.0% ACC_TYPE='tl.float32', ALLOW_TF32=True, BLOCK_K=128, BLOCK_M=16, BLOCK_N=64, EVEN_K=True, GROUP_M=8, USE_FAST_ACCUM=False, num_stages=5, num_warps=4
  triton_mm_36162 0.0174 ms 94.1% ACC_TYPE='tl.float32', ALLOW_TF32=True, BLOCK_K=128, BLOCK_M=16, BLOCK_N=32, EVEN_K=True, GROUP_M=8, USE_FAST_ACCUM=False, num_stages=5, num_warps=2
  triton_mm_36170 0.0215 ms 76.2% ACC_TYPE='tl.float32', ALLOW_TF32=True, BLOCK_K=128, BLOCK_M=16, BLOCK_N=128, EVEN_K=True, GROUP_M=8, USE_FAST_ACCUM=False, num_stages=4, num_warps=4
  mm 0.0225 ms 72.7% 
  triton_mm_36175 0.0236 ms 69.6% ACC_TYPE='tl.float32', ALLOW_TF32=True, BLOCK_K=128, BLOCK_M=16, BLOCK_N=128, EVEN_K=True, GROUP_M=8, USE_FAST_ACCUM=False, num_stages=4, num_warps=8
  triton_mm_36174 0.0246 ms 66.7% ACC_TYPE='tl.float32', ALLOW_TF32=True, BLOCK_K=64, BLOCK_M=16, BLOCK_N=128, EVEN_K=True, GROUP_M=8, USE_FAST_ACCUM=False, num_stages=5, num_warps=8
  triton_mm_36161 0.0307 ms 53.3% ACC_TYPE='tl.float32', ALLOW_TF32=True, BLOCK_K=32, BLOCK_M=16, BLOCK_N=32, EVEN_K=True, GROUP_M=8, USE_FAST_ACCUM=False, num_stages=5, num_warps=2
  triton_mm_36169 0.0307 ms 53.3% ACC_TYPE='tl.float32', ALLOW_TF32=True, BLOCK_K=64, BLOCK_M=16, BLOCK_N=128, EVEN_K=True, GROUP_M=8, USE_FAST_ACCUM=False, num_stages=3, num_warps=4
  triton_mm_36160 0.0317 ms 51.6% ACC_TYPE='tl.float32', ALLOW_TF32=True, BLOCK_K=32, BLOCK_M=16, BLOCK_N=64, EVEN_K=True, GROUP_M=8, USE_FAST_ACCUM=False, num_stages=5, num_warps=4
  triton_mm_36165 0.0317 ms 51.6% ACC_TYPE='tl.float32', ALLOW_TF32=True, BLOCK_K=64, BLOCK_M=16, BLOCK_N=64, EVEN_K=True, GROUP_M=8, USE_FAST_ACCUM=False, num_stages=3, num_warps=4
SingleProcess AUTOTUNE benchmarking takes 0.3122 seconds and 0.0003 seconds precompiling for 19 choices
Autotune Choices Stats:
{"num_choices": 19, "num_triton_choices": 18, "best_kernel": "triton_mm_50464", "best_kernel_desc": "ACC_TYPE='tl.float32', ALLOW_TF32=True, BLOCK_K=128, BLOCK_M=16, BLOCK_N=32, EVEN_K=True, GROUP_M=8, USE_FAST_ACCUM=False, num_stages=5, num_warps=2", "best_time": 0.010239999741315842, "best_triton_pos": 0}
AUTOTUNE mm(6x1024, 1024x1024)
strides: [1024, 1], [1024, 1]
dtypes: torch.bfloat16, torch.bfloat16
  triton_mm_50464 0.0102 ms 100.0% ACC_TYPE='tl.float32', ALLOW_TF32=True, BLOCK_K=128, BLOCK_M=16, BLOCK_N=32, EVEN_K=True, GROUP_M=8, USE_FAST_ACCUM=False, num_stages=5, num_warps=2
  triton_mm_50468 0.0102 ms 100.0% ACC_TYPE='tl.float32', ALLOW_TF32=True, BLOCK_K=128, BLOCK_M=16, BLOCK_N=64, EVEN_K=True, GROUP_M=8, USE_FAST_ACCUM=False, num_stages=5, num_warps=4
  mm 0.0123 ms 83.3% 
  triton_mm_50462 0.0133 ms 76.9% ACC_TYPE='tl.float32', ALLOW_TF32=True, BLOCK_K=32, BLOCK_M=16, BLOCK_N=64, EVEN_K=True, GROUP_M=8, USE_FAST_ACCUM=False, num_stages=5, num_warps=4
  triton_mm_50463 0.0133 ms 76.9% ACC_TYPE='tl.float32', ALLOW_TF32=True, BLOCK_K=32, BLOCK_M=16, BLOCK_N=32, EVEN_K=True, GROUP_M=8, USE_FAST_ACCUM=False, num_stages=5, num_warps=2
  triton_mm_50476 0.0133 ms 76.9% ACC_TYPE='tl.float32', ALLOW_TF32=True, BLOCK_K=64, BLOCK_M=16, BLOCK_N=128, EVEN_K=True, GROUP_M=8, USE_FAST_ACCUM=False, num_stages=5, num_warps=8
  triton_mm_50477 0.0133 ms 76.9% ACC_TYPE='tl.float32', ALLOW_TF32=True, BLOCK_K=128, BLOCK_M=16, BLOCK_N=128, EVEN_K=True, GROUP_M=8, USE_FAST_ACCUM=False, num_stages=4, num_warps=8
  triton_mm_50467 0.0143 ms 71.4% ACC_TYPE='tl.float32', ALLOW_TF32=True, BLOCK_K=64, BLOCK_M=16, BLOCK_N=64, EVEN_K=True, GROUP_M=8, USE_FAST_ACCUM=False, num_stages=3, num_warps=4
  triton_mm_50461 0.0154 ms 66.7% ACC_TYPE='tl.float32', ALLOW_TF32=True, BLOCK_K=128, BLOCK_M=16, BLOCK_N=32, EVEN_K=True, GROUP_M=8, USE_FAST_ACCUM=False, num_stages=2, num_warps=2
  triton_mm_50471 0.0154 ms 66.7% ACC_TYPE='tl.float32', ALLOW_TF32=True, BLOCK_K=64, BLOCK_M=16, BLOCK_N=128, EVEN_K=True, GROUP_M=8, USE_FAST_ACCUM=False, num_stages=3, num_warps=4
SingleProcess AUTOTUNE benchmarking takes 0.2634 seconds and 0.0002 seconds precompiling for 19 choices
Autotune Choices Stats:
{"num_choices": 11, "num_triton_choices": 10, "best_kernel": "_mm_plus_mm", "best_time": 0.04095999896526337, "best_triton_pos": 1, "best_triton_time": 0.07168000191450119, "best_triton_kernel": "triton_mm_plus_mm_32223", "best_triton_kernel_desc": "ACC_TYPE='tl.float32', ALLOW_TF32=True, BLOCK_K=32, BLOCK_M=32, BLOCK_N=64, EVEN_K=True, GROUP_M=8, USE_FAST_ACCUM=False, num_stages=4, num_warps=8"}
AUTOTUNE mm_plus_mm(6x3072, 3072x1024, 6x3072, 3072x1024)
strides: [3072, 1], [1024, 1], [3072, 1], [1024, 1]
dtypes: torch.bfloat16, torch.bfloat16, torch.bfloat16, torch.bfloat16
  _mm_plus_mm 0.0410 ms 100.0% 
  triton_mm_plus_mm_32223 0.0717 ms 57.1% ACC_TYPE='tl.float32', ALLOW_TF32=True, BLOCK_K=32, BLOCK_M=32, BLOCK_N=64, EVEN_K=True, GROUP_M=8, USE_FAST_ACCUM=False, num_stages=4, num_warps=8
  triton_mm_plus_mm_32226 0.0758 ms 54.1% ACC_TYPE='tl.float32', ALLOW_TF32=True, BLOCK_K=128, BLOCK_M=32, BLOCK_N=32, EVEN_K=True, GROUP_M=8, USE_FAST_ACCUM=False, num_stages=1, num_warps=4
  triton_mm_plus_mm_32222 0.0768 ms 53.3% ACC_TYPE='tl.float32', ALLOW_TF32=True, BLOCK_K=32, BLOCK_M=64, BLOCK_N=32, EVEN_K=True, GROUP_M=8, USE_FAST_ACCUM=False, num_stages=4, num_warps=8
  triton_mm_plus_mm_32221 0.1034 ms 39.6% ACC_TYPE='tl.float32', ALLOW_TF32=True, BLOCK_K=32, BLOCK_M=64, BLOCK_N=64, EVEN_K=True, GROUP_M=8, USE_FAST_ACCUM=False, num_stages=4, num_warps=16
  triton_mm_plus_mm_32220 0.1085 ms 37.7% ACC_TYPE='tl.float32', ALLOW_TF32=True, BLOCK_K=32, BLOCK_M=64, BLOCK_N=64, EVEN_K=True, GROUP_M=8, USE_FAST_ACCUM=False, num_stages=3, num_warps=8
  triton_mm_plus_mm_32225 0.1300 ms 31.5% ACC_TYPE='tl.float32', ALLOW_TF32=True, BLOCK_K=64, BLOCK_M=64, BLOCK_N=64, EVEN_K=True, GROUP_M=8, USE_FAST_ACCUM=False, num_stages=1, num_warps=8
  triton_mm_plus_mm_32219 0.1853 ms 22.1% ACC_TYPE='tl.float32', ALLOW_TF32=True, BLOCK_K=32, BLOCK_M=64, BLOCK_N=64, EVEN_K=True, GROUP_M=8, USE_FAST_ACCUM=False, num_stages=2, num_warps=4
  triton_mm_plus_mm_32228 0.2560 ms 16.0% ACC_TYPE='tl.float32', ALLOW_TF32=True, BLOCK_K=16, BLOCK_M=32, BLOCK_N=32, EVEN_K=True, GROUP_M=8, USE_FAST_ACCUM=False, num_stages=1, num_warps=2
  triton_mm_plus_mm_32224 0.2847 ms 14.4% ACC_TYPE='tl.float32', ALLOW_TF32=True, BLOCK_K=32, BLOCK_M=128, BLOCK_N=128, EVEN_K=True, GROUP_M=8, USE_FAST_ACCUM=False, num_stages=1, num_warps=8
SingleProcess AUTOTUNE benchmarking takes 0.3023 seconds and 0.0002 seconds precompiling for 11 choices
Autotune Choices Stats:
{"num_choices": 19, "num_triton_choices": 18, "best_kernel": "triton_mm_31738", "best_kernel_desc": "ACC_TYPE='tl.float32', ALLOW_TF32=True, BLOCK_K=32, BLOCK_M=32, BLOCK_N=64, EVEN_K=True, GROUP_M=8, USE_FAST_ACCUM=False, num_stages=5, num_warps=8", "best_time": 0.008191999979317188, "best_triton_pos": 0}
AUTOTUNE mm(300x32, 32x1024)
strides: [32, 1], [1024, 1]
dtypes: torch.bfloat16, torch.bfloat16
  triton_mm_31738 0.0082 ms 100.0% ACC_TYPE='tl.float32', ALLOW_TF32=True, BLOCK_K=32, BLOCK_M=32, BLOCK_N=64, EVEN_K=True, GROUP_M=8, USE_FAST_ACCUM=False, num_stages=5, num_warps=8
  triton_mm_31742 0.0082 ms 100.0% ACC_TYPE='tl.float32', ALLOW_TF32=True, BLOCK_K=32, BLOCK_M=64, BLOCK_N=64, EVEN_K=True, GROUP_M=8, USE_FAST_ACCUM=False, num_stages=2, num_warps=4
  triton_mm_31743 0.0082 ms 100.0% ACC_TYPE='tl.float32', ALLOW_TF32=True, BLOCK_K=32, BLOCK_M=64, BLOCK_N=64, EVEN_K=True, GROUP_M=8, USE_FAST_ACCUM=False, num_stages=3, num_warps=8
  triton_mm_31744 0.0082 ms 100.0% ACC_TYPE='tl.float32', ALLOW_TF32=True, BLOCK_K=32, BLOCK_M=64, BLOCK_N=64, EVEN_K=True, GROUP_M=8, USE_FAST_ACCUM=False, num_stages=5, num_warps=4
  triton_mm_31746 0.0082 ms 100.0% ACC_TYPE='tl.float32', ALLOW_TF32=True, BLOCK_K=32, BLOCK_M=64, BLOCK_N=128, EVEN_K=True, GROUP_M=8, USE_FAST_ACCUM=False, num_stages=4, num_warps=8
  triton_mm_31736 0.0092 ms 88.9% ACC_TYPE='tl.float32', ALLOW_TF32=True, BLOCK_K=16, BLOCK_M=32, BLOCK_N=32, EVEN_K=True, GROUP_M=8, USE_FAST_ACCUM=False, num_stages=1, num_warps=2
  triton_mm_31737 0.0092 ms 88.9% ACC_TYPE='tl.float32', ALLOW_TF32=True, BLOCK_K=32, BLOCK_M=32, BLOCK_N=32, EVEN_K=True, GROUP_M=8, USE_FAST_ACCUM=False, num_stages=2, num_warps=4
  triton_mm_31739 0.0092 ms 88.9% ACC_TYPE='tl.float32', ALLOW_TF32=True, BLOCK_K=32, BLOCK_M=64, BLOCK_N=32, EVEN_K=True, GROUP_M=8, USE_FAST_ACCUM=False, num_stages=5, num_warps=8
  triton_mm_31740 0.0092 ms 88.9% ACC_TYPE='tl.float32', ALLOW_TF32=True, BLOCK_K=32, BLOCK_M=64, BLOCK_N=32, EVEN_K=True, GROUP_M=8, USE_FAST_ACCUM=False, num_stages=5, num_warps=4
  triton_mm_31741 0.0092 ms 88.9% ACC_TYPE='tl.float32', ALLOW_TF32=True, BLOCK_K=16, BLOCK_M=64, BLOCK_N=64, EVEN_K=True, GROUP_M=8, USE_FAST_ACCUM=False, num_stages=2, num_warps=4
SingleProcess AUTOTUNE benchmarking takes 0.2655 seconds and 0.0002 seconds precompiling for 19 choices
W0717 10:00:52.662000 13342 sim-link-f1/deps/lerobot/.venv/lib/python3.12/site-packages/torch/_inductor/scheduler.py:3820] [3/1] Layout conflict detected for buf26: template expects FixedLayout('cuda:0', torch.float32, size=[s12, 1, 1018], stride=[1018, 1018, 1]) but layout is frozen to FixedLayout('cuda:0', torch.float32, size=[s12, 1, 1018], stride=[1018, 1018*s12, 1])
E0717 10:00:52.979000 13342 sim-link-f1/deps/lerobot/.venv/lib/python3.12/site-packages/torch/_inductor/select_algorithm.py:3924] [3/1] Runtime error during autotuning: 
E0717 10:00:52.979000 13342 sim-link-f1/deps/lerobot/.venv/lib/python3.12/site-packages/torch/_inductor/select_algorithm.py:3924] [3/1] No valid triton configs. OutOfMemoryError: out of resource: triton_mm Required: 196608 Hardware limit:166912 Reducing block sizes or `num_stages` may help.. 
E0717 10:00:52.979000 13342 sim-link-f1/deps/lerobot/.venv/lib/python3.12/site-packages/torch/_inductor/select_algorithm.py:3924] [3/1] Ignoring this choice.
Autotune Choices Stats:
{"num_choices": 21, "num_triton_choices": 20, "best_kernel": "mm", "best_time": 0.023552000522613525, "best_triton_pos": 1, "best_triton_time": 0.02457600086927414, "best_triton_kernel": "triton_mm_32113", "best_triton_kernel_desc": "ACC_TYPE='tl.float32', ALLOW_TF32=True, BLOCK_K=64, BLOCK_M=64, BLOCK_N=128, EVEN_K=True, GROUP_M=8, USE_FAST_ACCUM=False, num_stages=3, num_warps=4"}
AUTOTUNE mm(300x1024, 1024x4096)
strides: [1024, 1], [4096, 1]
dtypes: torch.bfloat16, torch.bfloat16
  mm 0.0236 ms 100.0% 
  triton_mm_32113 0.0246 ms 95.8% ACC_TYPE='tl.float32', ALLOW_TF32=True, BLOCK_K=64, BLOCK_M=64, BLOCK_N=128, EVEN_K=True, GROUP_M=8, USE_FAST_ACCUM=False, num_stages=3, num_warps=4
  triton_mm_32120 0.0256 ms 92.0% ACC_TYPE='tl.float32', ALLOW_TF32=True, BLOCK_K=64, BLOCK_M=128, BLOCK_N=128, EVEN_K=True, GROUP_M=8, USE_FAST_ACCUM=False, num_stages=5, num_warps=8
  triton_mm_32109 0.0266 ms 88.5% ACC_TYPE='tl.float32', ALLOW_TF32=True, BLOCK_K=64, BLOCK_M=64, BLOCK_N=64, EVEN_K=True, GROUP_M=8, USE_FAST_ACCUM=False, num_stages=3, num_warps=8
  triton_mm_32119 0.0266 ms 88.5% ACC_TYPE='tl.float32', ALLOW_TF32=True, BLOCK_K=64, BLOCK_M=128, BLOCK_N=128, EVEN_K=True, GROUP_M=8, USE_FAST_ACCUM=False, num_stages=3, num_warps=4
  triton_mm_32111 0.0276 ms 85.2% ACC_TYPE='tl.float32', ALLOW_TF32=True, BLOCK_K=32, BLOCK_M=64, BLOCK_N=128, EVEN_K=True, GROUP_M=8, USE_FAST_ACCUM=False, num_stages=3, num_warps=4
  triton_mm_32112 0.0276 ms 85.2% ACC_TYPE='tl.float32', ALLOW_TF32=True, BLOCK_K=32, BLOCK_M=64, BLOCK_N=128, EVEN_K=True, GROUP_M=8, USE_FAST_ACCUM=False, num_stages=4, num_warps=8
  triton_mm_32116 0.0276 ms 85.2% ACC_TYPE='tl.float32', ALLOW_TF32=True, BLOCK_K=32, BLOCK_M=128, BLOCK_N=64, EVEN_K=True, GROUP_M=8, USE_FAST_ACCUM=False, num_stages=4, num_warps=8
  triton_mm_32114 0.0287 ms 82.1% ACC_TYPE='tl.float32', ALLOW_TF32=True, BLOCK_K=128, BLOCK_M=64, BLOCK_N=128, EVEN_K=True, GROUP_M=8, USE_FAST_ACCUM=False, num_stages=4, num_warps=4
  triton_mm_32115 0.0287 ms 82.1% ACC_TYPE='tl.float32', ALLOW_TF32=True, BLOCK_K=32, BLOCK_M=128, BLOCK_N=64, EVEN_K=True, GROUP_M=8, USE_FAST_ACCUM=False, num_stages=3, num_warps=4
SingleProcess AUTOTUNE benchmarking takes 0.2899 seconds and 0.0002 seconds precompiling for 21 choices
E0717 10:00:53.354000 13342 sim-link-f1/deps/lerobot/.venv/lib/python3.12/site-packages/torch/_inductor/select_algorithm.py:3924] [3/1] Runtime error during autotuning: 
E0717 10:00:53.354000 13342 sim-link-f1/deps/lerobot/.venv/lib/python3.12/site-packages/torch/_inductor/select_algorithm.py:3924] [3/1] No valid triton configs. OutOfMemoryError: out of resource: triton_mm Required: 196608 Hardware limit:166912 Reducing block sizes or `num_stages` may help.. 
E0717 10:00:53.354000 13342 sim-link-f1/deps/lerobot/.venv/lib/python3.12/site-packages/torch/_inductor/select_algorithm.py:3924] [3/1] Ignoring this choice.
Autotune Choices Stats:
{"num_choices": 21, "num_triton_choices": 20, "best_kernel": "triton_mm_32150", "best_kernel_desc": "ACC_TYPE='tl.float32', ALLOW_TF32=True, BLOCK_K=128, BLOCK_M=64, BLOCK_N=64, EVEN_K=True, GROUP_M=8, USE_FAST_ACCUM=False, num_stages=5, num_warps=4", "best_time": 0.027648000046610832, "best_triton_pos": 0}
AUTOTUNE mm(300x4096, 4096x1024)
strides: [4096, 1], [1024, 1]
dtypes: torch.bfloat16, torch.bfloat16
  triton_mm_32150 0.0276 ms 100.0% ACC_TYPE='tl.float32', ALLOW_TF32=True, BLOCK_K=128, BLOCK_M=64, BLOCK_N=64, EVEN_K=True, GROUP_M=8, USE_FAST_ACCUM=False, num_stages=5, num_warps=4
  mm 0.0297 ms 93.1% 
  triton_mm_32149 0.0440 ms 62.8% ACC_TYPE='tl.float32', ALLOW_TF32=True, BLOCK_K=64, BLOCK_M=64, BLOCK_N=64, EVEN_K=True, GROUP_M=8, USE_FAST_ACCUM=False, num_stages=3, num_warps=8
  triton_mm_32143 0.0481 ms 57.4% ACC_TYPE='tl.float32', ALLOW_TF32=True, BLOCK_K=128, BLOCK_M=32, BLOCK_N=32, EVEN_K=True, GROUP_M=8, USE_FAST_ACCUM=False, num_stages=2, num_warps=4
  triton_mm_32154 0.0481 ms 57.4% ACC_TYPE='tl.float32', ALLOW_TF32=True, BLOCK_K=128, BLOCK_M=64, BLOCK_N=128, EVEN_K=True, GROUP_M=8, USE_FAST_ACCUM=False, num_stages=4, num_warps=4
  triton_mm_32146 0.0492 ms 56.2% ACC_TYPE='tl.float32', ALLOW_TF32=True, BLOCK_K=128, BLOCK_M=64, BLOCK_N=32, EVEN_K=True, GROUP_M=8, USE_FAST_ACCUM=False, num_stages=5, num_warps=4
  triton_mm_32153 0.0502 ms 55.1% ACC_TYPE='tl.float32', ALLOW_TF32=True, BLOCK_K=64, BLOCK_M=64, BLOCK_N=128, EVEN_K=True, GROUP_M=8, USE_FAST_ACCUM=False, num_stages=3, num_warps=4
  triton_mm_32152 0.0553 ms 50.0% ACC_TYPE='tl.float32', ALLOW_TF32=True, BLOCK_K=32, BLOCK_M=64, BLOCK_N=128, EVEN_K=True, GROUP_M=8, USE_FAST_ACCUM=False, num_stages=4, num_warps=8
  triton_mm_32144 0.0563 ms 49.1% ACC_TYPE='tl.float32', ALLOW_TF32=True, BLOCK_K=32, BLOCK_M=32, BLOCK_N=64, EVEN_K=True, GROUP_M=8, USE_FAST_ACCUM=False, num_stages=5, num_warps=8
  triton_mm_32145 0.0563 ms 49.1% ACC_TYPE='tl.float32', ALLOW_TF32=True, BLOCK_K=32, BLOCK_M=64, BLOCK_N=32, EVEN_K=True, GROUP_M=8, USE_FAST_ACCUM=False, num_stages=5, num_warps=8
SingleProcess AUTOTUNE benchmarking takes 0.3701 seconds and 0.0002 seconds precompiling for 21 choices
E0717 10:00:53.636000 13342 sim-link-f1/deps/lerobot/.venv/lib/python3.12/site-packages/torch/_inductor/select_algorithm.py:3924] [3/1] Runtime error during autotuning: 
E0717 10:00:53.636000 13342 sim-link-f1/deps/lerobot/.venv/lib/python3.12/site-packages/torch/_inductor/select_algorithm.py:3924] [3/1] No valid triton configs. OutOfMemoryError: out of resource: triton_mm Required: 196608 Hardware limit:166912 Reducing block sizes or `num_stages` may help.. 
E0717 10:00:53.636000 13342 sim-link-f1/deps/lerobot/.venv/lib/python3.12/site-packages/torch/_inductor/select_algorithm.py:3924] [3/1] Ignoring this choice.
Autotune Choices Stats:
{"num_choices": 21, "num_triton_choices": 20, "best_kernel": "mm", "best_time": 0.016383999958634377, "best_triton_pos": 1, "best_triton_time": 0.01740800030529499, "best_triton_kernel": "triton_mm_32261", "best_triton_kernel_desc": "ACC_TYPE='tl.float32', ALLOW_TF32=True, BLOCK_K=128, BLOCK_M=64, BLOCK_N=128, EVEN_K=True, GROUP_M=8, USE_FAST_ACCUM=False, num_stages=4, num_warps=4"}
AUTOTUNE mm(300x1024, 1024x2048)
strides: [1024, 1], [2048, 1]
dtypes: torch.bfloat16, torch.bfloat16
  mm 0.0164 ms 100.0% 
  triton_mm_32261 0.0174 ms 94.1% ACC_TYPE='tl.float32', ALLOW_TF32=True, BLOCK_K=128, BLOCK_M=64, BLOCK_N=128, EVEN_K=True, GROUP_M=8, USE_FAST_ACCUM=False, num_stages=4, num_warps=4
  triton_mm_32260 0.0184 ms 88.9% ACC_TYPE='tl.float32', ALLOW_TF32=True, BLOCK_K=64, BLOCK_M=64, BLOCK_N=128, EVEN_K=True, GROUP_M=8, USE_FAST_ACCUM=False, num_stages=3, num_warps=4
  triton_mm_32259 0.0195 ms 84.2% ACC_TYPE='tl.float32', ALLOW_TF32=True, BLOCK_K=32, BLOCK_M=64, BLOCK_N=128, EVEN_K=True, GROUP_M=8, USE_FAST_ACCUM=False, num_stages=4, num_warps=8
  triton_mm_32263 0.0195 ms 84.2% ACC_TYPE='tl.float32', ALLOW_TF32=True, BLOCK_K=32, BLOCK_M=128, BLOCK_N=64, EVEN_K=True, GROUP_M=8, USE_FAST_ACCUM=False, num_stages=4, num_warps=8
  triton_mm_32256 0.0205 ms 80.0% ACC_TYPE='tl.float32', ALLOW_TF32=True, BLOCK_K=64, BLOCK_M=64, BLOCK_N=64, EVEN_K=True, GROUP_M=8, USE_FAST_ACCUM=False, num_stages=3, num_warps=8
  triton_mm_32257 0.0225 ms 72.7% ACC_TYPE='tl.float32', ALLOW_TF32=True, BLOCK_K=128, BLOCK_M=64, BLOCK_N=64, EVEN_K=True, GROUP_M=8, USE_FAST_ACCUM=False, num_stages=5, num_warps=4
  triton_mm_32258 0.0225 ms 72.7% ACC_TYPE='tl.float32', ALLOW_TF32=True, BLOCK_K=32, BLOCK_M=64, BLOCK_N=128, EVEN_K=True, GROUP_M=8, USE_FAST_ACCUM=False, num_stages=3, num_warps=4
  triton_mm_32262 0.0246 ms 66.7% ACC_TYPE='tl.float32', ALLOW_TF32=True, BLOCK_K=32, BLOCK_M=128, BLOCK_N=64, EVEN_K=True, GROUP_M=8, USE_FAST_ACCUM=False, num_stages=3, num_warps=4
  triton_mm_32267 0.0246 ms 66.7% ACC_TYPE='tl.float32', ALLOW_TF32=True, BLOCK_K=64, BLOCK_M=128, BLOCK_N=128, EVEN_K=True, GROUP_M=8, USE_FAST_ACCUM=False, num_stages=5, num_warps=8
SingleProcess AUTOTUNE benchmarking takes 0.2806 seconds and 0.0002 seconds precompiling for 21 choices
E0717 10:00:54.239000 13342 sim-link-f1/deps/lerobot/.venv/lib/python3.12/site-packages/torch/_inductor/select_algorithm.py:3924] [3/1] Runtime error during autotuning: 
E0717 10:00:54.239000 13342 sim-link-f1/deps/lerobot/.venv/lib/python3.12/site-packages/torch/_inductor/select_algorithm.py:3924] [3/1] No valid triton configs. OutOfMemoryError: out of resource: triton_bmm Required: 196608 Hardware limit:166912 Reducing block sizes or `num_stages` may help.. 
E0717 10:00:54.239000 13342 sim-link-f1/deps/lerobot/.venv/lib/python3.12/site-packages/torch/_inductor/select_algorithm.py:3924] [3/1] Ignoring this choice.
Autotune Choices Stats:
{"num_choices": 21, "num_triton_choices": 20, "best_kernel": "triton_bmm_32306", "best_kernel_desc": "ACC_TYPE='tl.float32', ALLOW_TF32=True, BLOCK_K=64, BLOCK_M=128, BLOCK_N=128, EVEN_K=True, GROUP_M=8, USE_FAST_ACCUM=False, num_stages=3, num_warps=4", "best_time": 0.15564799308776855, "best_triton_pos": 0}
AUTOTUNE bmm(48x1018x256, 48x256x1018)
strides: [260608, 256, 1], [260608, 1, 256]
dtypes: torch.bfloat16, torch.bfloat16
  triton_bmm_32306 0.1556 ms 100.0% ACC_TYPE='tl.float32', ALLOW_TF32=True, BLOCK_K=64, BLOCK_M=128, BLOCK_N=128, EVEN_K=True, GROUP_M=8, USE_FAST_ACCUM=False, num_stages=3, num_warps=4
  triton_bmm_32305 0.1618 ms 96.2% ACC_TYPE='tl.float32', ALLOW_TF32=True, BLOCK_K=32, BLOCK_M=128, BLOCK_N=128, EVEN_K=True, GROUP_M=8, USE_FAST_ACCUM=False, num_stages=3, num_warps=4
  triton_bmm_32300 0.1720 ms 90.5% ACC_TYPE='tl.float32', ALLOW_TF32=True, BLOCK_K=64, BLOCK_M=64, BLOCK_N=128, EVEN_K=True, GROUP_M=8, USE_FAST_ACCUM=False, num_stages=3, num_warps=4
  triton_bmm_32298 0.1731 ms 89.9% ACC_TYPE='tl.float32', ALLOW_TF32=True, BLOCK_K=32, BLOCK_M=64, BLOCK_N=128, EVEN_K=True, GROUP_M=8, USE_FAST_ACCUM=False, num_stages=3, num_warps=4
  triton_bmm_32302 0.1782 ms 87.4% ACC_TYPE='tl.float32', ALLOW_TF32=True, BLOCK_K=32, BLOCK_M=128, BLOCK_N=64, EVEN_K=True, GROUP_M=8, USE_FAST_ACCUM=False, num_stages=3, num_warps=4
  triton_bmm_32299 0.2079 ms 74.9% ACC_TYPE='tl.float32', ALLOW_TF32=True, BLOCK_K=32, BLOCK_M=64, BLOCK_N=128, EVEN_K=True, GROUP_M=8, USE_FAST_ACCUM=False, num_stages=4, num_warps=8
  triton_bmm_32303 0.2099 ms 74.1% ACC_TYPE='tl.float32', ALLOW_TF32=True, BLOCK_K=32, BLOCK_M=128, BLOCK_N=64, EVEN_K=True, GROUP_M=8, USE_FAST_ACCUM=False, num_stages=4, num_warps=8
  triton_bmm_32304 0.2150 ms 72.4% ACC_TYPE='tl.float32', ALLOW_TF32=True, BLOCK_K=32, BLOCK_M=128, BLOCK_N=128, EVEN_K=True, GROUP_M=8, USE_FAST_ACCUM=False, num_stages=2, num_warps=8
  triton_bmm_32307 0.2232 ms 69.7% ACC_TYPE='tl.float32', ALLOW_TF32=True, BLOCK_K=64, BLOCK_M=128, BLOCK_N=128, EVEN_K=True, GROUP_M=8, USE_FAST_ACCUM=False, num_stages=5, num_warps=8
  triton_bmm_32296 0.2324 ms 67.0% ACC_TYPE='tl.float32', ALLOW_TF32=True, BLOCK_K=64, BLOCK_M=64, BLOCK_N=64, EVEN_K=True, GROUP_M=8, USE_FAST_ACCUM=False, num_stages=3, num_warps=8
SingleProcess AUTOTUNE benchmarking takes 0.5999 seconds and 0.0002 seconds precompiling for 21 choices
E0717 10:00:54.942000 13342 sim-link-f1/deps/lerobot/.venv/lib/python3.12/site-packages/torch/_inductor/select_algorithm.py:3924] [3/1] Runtime error during autotuning: 
E0717 10:00:54.942000 13342 sim-link-f1/deps/lerobot/.venv/lib/python3.12/site-packages/torch/_inductor/select_algorithm.py:3924] [3/1] No valid triton configs. OutOfMemoryError: out of resource: triton_bmm Required: 196608 Hardware limit:166912 Reducing block sizes or `num_stages` may help.. 
E0717 10:00:54.942000 13342 sim-link-f1/deps/lerobot/.venv/lib/python3.12/site-packages/torch/_inductor/select_algorithm.py:3924] [3/1] Ignoring this choice.
Autotune Choices Stats:
{"num_choices": 21, "num_triton_choices": 20, "best_kernel": "triton_bmm_32278", "best_kernel_desc": "ACC_TYPE='tl.float32', ALLOW_TF32=True, BLOCK_K=32, BLOCK_M=64, BLOCK_N=128, EVEN_K=False, GROUP_M=8, USE_FAST_ACCUM=False, num_stages=3, num_warps=4", "best_time": 0.17612800002098083, "best_triton_pos": 0}
AUTOTUNE bmm(48x1018x1018, 48x1018x256)
strides: [1036324, 1, 1018], [260608, 256, 1]
dtypes: torch.bfloat16, torch.bfloat16
  triton_bmm_32278 0.1761 ms 100.0% ACC_TYPE='tl.float32', ALLOW_TF32=True, BLOCK_K=32, BLOCK_M=64, BLOCK_N=128, EVEN_K=False, GROUP_M=8, USE_FAST_ACCUM=False, num_stages=3, num_warps=4
  triton_bmm_32285 0.1761 ms 100.0% ACC_TYPE='tl.float32', ALLOW_TF32=True, BLOCK_K=32, BLOCK_M=128, BLOCK_N=128, EVEN_K=False, GROUP_M=8, USE_FAST_ACCUM=False, num_stages=3, num_warps=4
  triton_bmm_32280 0.1864 ms 94.5% ACC_TYPE='tl.float32', ALLOW_TF32=True, BLOCK_K=64, BLOCK_M=64, BLOCK_N=128, EVEN_K=False, GROUP_M=8, USE_FAST_ACCUM=False, num_stages=3, num_warps=4
  triton_bmm_32279 0.1966 ms 89.6% ACC_TYPE='tl.float32', ALLOW_TF32=True, BLOCK_K=32, BLOCK_M=64, BLOCK_N=128, EVEN_K=False, GROUP_M=8, USE_FAST_ACCUM=False, num_stages=4, num_warps=8
  bmm 0.2120 ms 83.1% 
  triton_bmm_32282 0.2171 ms 81.1% ACC_TYPE='tl.float32', ALLOW_TF32=True, BLOCK_K=32, BLOCK_M=128, BLOCK_N=64, EVEN_K=False, GROUP_M=8, USE_FAST_ACCUM=False, num_stages=3, num_warps=4
  triton_bmm_32287 0.2284 ms 77.1% ACC_TYPE='tl.float32', ALLOW_TF32=True, BLOCK_K=64, BLOCK_M=128, BLOCK_N=128, EVEN_K=False, GROUP_M=8, USE_FAST_ACCUM=False, num_stages=5, num_warps=8
  triton_bmm_32283 0.2488 ms 70.8% ACC_TYPE='tl.float32', ALLOW_TF32=True, BLOCK_K=32, BLOCK_M=128, BLOCK_N=64, EVEN_K=False, GROUP_M=8, USE_FAST_ACCUM=False, num_stages=4, num_warps=8
  triton_bmm_32286 0.2642 ms 66.7% ACC_TYPE='tl.float32', ALLOW_TF32=True, BLOCK_K=64, BLOCK_M=128, BLOCK_N=128, EVEN_K=False, GROUP_M=8, USE_FAST_ACCUM=False, num_stages=3, num_warps=4
  triton_bmm_32276 0.2775 ms 63.5% ACC_TYPE='tl.float32', ALLOW_TF32=True, BLOCK_K=64, BLOCK_M=64, BLOCK_N=64, EVEN_K=False, GROUP_M=8, USE_FAST_ACCUM=False, num_stages=3, num_warps=8
SingleProcess AUTOTUNE benchmarking takes 0.7028 seconds and 0.0002 seconds precompiling for 21 choices
E0717 10:00:55.218000 13342 sim-link-f1/deps/lerobot/.venv/lib/python3.12/site-packages/torch/_inductor/select_algorithm.py:3924] [3/1] Runtime error during autotuning: 
E0717 10:00:55.218000 13342 sim-link-f1/deps/lerobot/.venv/lib/python3.12/site-packages/torch/_inductor/select_algorithm.py:3924] [3/1] No valid triton configs. OutOfMemoryError: out of resource: triton_mm Required: 196608 Hardware limit:166912 Reducing block sizes or `num_stages` may help.. 
E0717 10:00:55.218000 13342 sim-link-f1/deps/lerobot/.venv/lib/python3.12/site-packages/torch/_inductor/select_algorithm.py:3924] [3/1] Ignoring this choice.
Autotune Choices Stats:
{"num_choices": 21, "num_triton_choices": 20, "best_kernel": "triton_mm_32376", "best_kernel_desc": "ACC_TYPE='tl.float32', ALLOW_TF32=True, BLOCK_K=64, BLOCK_M=64, BLOCK_N=64, EVEN_K=True, GROUP_M=8, USE_FAST_ACCUM=False, num_stages=3, num_warps=8", "best_time": 0.009216000325977802, "best_triton_pos": 0}
AUTOTUNE mm(300x256, 256x1024)
strides: [256, 1], [1024, 1]
dtypes: torch.bfloat16, torch.bfloat16
  triton_mm_32376 0.0092 ms 100.0% ACC_TYPE='tl.float32', ALLOW_TF32=True, BLOCK_K=64, BLOCK_M=64, BLOCK_N=64, EVEN_K=True, GROUP_M=8, USE_FAST_ACCUM=False, num_stages=3, num_warps=8
  triton_mm_32377 0.0092 ms 100.0% ACC_TYPE='tl.float32', ALLOW_TF32=True, BLOCK_K=128, BLOCK_M=64, BLOCK_N=64, EVEN_K=True, GROUP_M=8, USE_FAST_ACCUM=False, num_stages=5, num_warps=4
  mm 0.0102 ms 90.0% 
  triton_mm_32370 0.0102 ms 90.0% ACC_TYPE='tl.float32', ALLOW_TF32=True, BLOCK_K=128, BLOCK_M=32, BLOCK_N=32, EVEN_K=True, GROUP_M=8, USE_FAST_ACCUM=False, num_stages=2, num_warps=4
  triton_mm_32379 0.0102 ms 90.0% ACC_TYPE='tl.float32', ALLOW_TF32=True, BLOCK_K=32, BLOCK_M=64, BLOCK_N=128, EVEN_K=True, GROUP_M=8, USE_FAST_ACCUM=False, num_stages=4, num_warps=8
  triton_mm_32380 0.0102 ms 90.0% ACC_TYPE='tl.float32', ALLOW_TF32=True, BLOCK_K=64, BLOCK_M=64, BLOCK_N=128, EVEN_K=True, GROUP_M=8, USE_FAST_ACCUM=False, num_stages=3, num_warps=4
  triton_mm_32381 0.0102 ms 90.0% ACC_TYPE='tl.float32', ALLOW_TF32=True, BLOCK_K=128, BLOCK_M=64, BLOCK_N=128, EVEN_K=True, GROUP_M=8, USE_FAST_ACCUM=False, num_stages=4, num_warps=4
  triton_mm_32383 0.0102 ms 90.0% ACC_TYPE='tl.float32', ALLOW_TF32=True, BLOCK_K=32, BLOCK_M=128, BLOCK_N=64, EVEN_K=True, GROUP_M=8, USE_FAST_ACCUM=False, num_stages=4, num_warps=8
  triton_mm_32371 0.0113 ms 81.8% ACC_TYPE='tl.float32', ALLOW_TF32=True, BLOCK_K=32, BLOCK_M=32, BLOCK_N=64, EVEN_K=True, GROUP_M=8, USE_FAST_ACCUM=False, num_stages=5, num_warps=8
  triton_mm_32372 0.0113 ms 81.8% ACC_TYPE='tl.float32', ALLOW_TF32=True, BLOCK_K=32, BLOCK_M=64, BLOCK_N=32, EVEN_K=True, GROUP_M=8, USE_FAST_ACCUM=False, num_stages=5, num_warps=8
SingleProcess AUTOTUNE benchmarking takes 0.2744 seconds and 0.0003 seconds precompiling for 21 choices
E0717 10:00:55.924000 13342 sim-link-f1/deps/lerobot/.venv/lib/python3.12/site-packages/torch/_inductor/select_algorithm.py:3924] [3/1] Runtime error during autotuning: 
E0717 10:00:55.924000 13342 sim-link-f1/deps/lerobot/.venv/lib/python3.12/site-packages/torch/_inductor/select_algorithm.py:3924] [3/1] No valid triton configs. OutOfMemoryError: out of resource: triton_bmm Required: 196608 Hardware limit:166912 Reducing block sizes or `num_stages` may help.. 
E0717 10:00:55.924000 13342 sim-link-f1/deps/lerobot/.venv/lib/python3.12/site-packages/torch/_inductor/select_algorithm.py:3924] [3/1] Ignoring this choice.
Autotune Choices Stats:
{"num_choices": 21, "num_triton_choices": 20, "best_kernel": "triton_bmm_32325", "best_kernel_desc": "ACC_TYPE='tl.float32', ALLOW_TF32=True, BLOCK_K=32, BLOCK_M=128, BLOCK_N=128, EVEN_K=False, GROUP_M=8, USE_FAST_ACCUM=False, num_stages=3, num_warps=4", "best_time": 0.17612800002098083, "best_triton_pos": 0}
AUTOTUNE bmm(48x256x1018, 48x1018x1018)
strides: [260608, 1, 256], [1036324, 1018, 1]
dtypes: torch.bfloat16, torch.bfloat16
  triton_bmm_32325 0.1761 ms 100.0% ACC_TYPE='tl.float32', ALLOW_TF32=True, BLOCK_K=32, BLOCK_M=128, BLOCK_N=128, EVEN_K=False, GROUP_M=8, USE_FAST_ACCUM=False, num_stages=3, num_warps=4
  triton_bmm_32322 0.1792 ms 98.3% ACC_TYPE='tl.float32', ALLOW_TF32=True, BLOCK_K=32, BLOCK_M=128, BLOCK_N=64, EVEN_K=False, GROUP_M=8, USE_FAST_ACCUM=False, num_stages=3, num_warps=4
  bmm 0.2068 ms 85.1% 
  triton_bmm_32323 0.2089 ms 84.3% ACC_TYPE='tl.float32', ALLOW_TF32=True, BLOCK_K=32, BLOCK_M=128, BLOCK_N=64, EVEN_K=False, GROUP_M=8, USE_FAST_ACCUM=False, num_stages=4, num_warps=8
  triton_bmm_32318 0.2171 ms 81.1% ACC_TYPE='tl.float32', ALLOW_TF32=True, BLOCK_K=32, BLOCK_M=64, BLOCK_N=128, EVEN_K=False, GROUP_M=8, USE_FAST_ACCUM=False, num_stages=3, num_warps=4
  triton_bmm_32320 0.2304 ms 76.4% ACC_TYPE='tl.float32', ALLOW_TF32=True, BLOCK_K=64, BLOCK_M=64, BLOCK_N=128, EVEN_K=False, GROUP_M=8, USE_FAST_ACCUM=False, num_stages=3, num_warps=4
  triton_bmm_32319 0.2468 ms 71.4% ACC_TYPE='tl.float32', ALLOW_TF32=True, BLOCK_K=32, BLOCK_M=64, BLOCK_N=128, EVEN_K=False, GROUP_M=8, USE_FAST_ACCUM=False, num_stages=4, num_warps=8
  triton_bmm_32327 0.2529 ms 69.6% ACC_TYPE='tl.float32', ALLOW_TF32=True, BLOCK_K=64, BLOCK_M=128, BLOCK_N=128, EVEN_K=False, GROUP_M=8, USE_FAST_ACCUM=False, num_stages=5, num_warps=8
  triton_bmm_32326 0.2775 ms 63.5% ACC_TYPE='tl.float32', ALLOW_TF32=True, BLOCK_K=64, BLOCK_M=128, BLOCK_N=128, EVEN_K=False, GROUP_M=8, USE_FAST_ACCUM=False, num_stages=3, num_warps=4
  triton_bmm_32315 0.2785 ms 63.2% ACC_TYPE='tl.float32', ALLOW_TF32=True, BLOCK_K=32, BLOCK_M=64, BLOCK_N=64, EVEN_K=False, GROUP_M=8, USE_FAST_ACCUM=False, num_stages=2, num_warps=4
SingleProcess AUTOTUNE benchmarking takes 0.7052 seconds and 0.0003 seconds precompiling for 21 choices
E0717 10:00:56.664000 13342 sim-link-f1/deps/lerobot/.venv/lib/python3.12/site-packages/torch/_inductor/select_algorithm.py:3924] [3/1] Runtime error during autotuning: 
E0717 10:00:56.664000 13342 sim-link-f1/deps/lerobot/.venv/lib/python3.12/site-packages/torch/_inductor/select_algorithm.py:3924] [3/1] No valid triton configs. OutOfMemoryError: out of resource: triton_bmm Required: 196608 Hardware limit:166912 Reducing block sizes or `num_stages` may help.. 
E0717 10:00:56.664000 13342 sim-link-f1/deps/lerobot/.venv/lib/python3.12/site-packages/torch/_inductor/select_algorithm.py:3924] [3/1] Ignoring this choice.
Autotune Choices Stats:
{"num_choices": 21, "num_triton_choices": 20, "best_kernel": "bmm", "best_time": 0.25702399015426636, "best_triton_pos": 1, "best_triton_time": 0.2682879865169525, "best_triton_kernel": "triton_bmm_32345", "best_triton_kernel_desc": "ACC_TYPE='tl.float32', ALLOW_TF32=True, BLOCK_K=32, BLOCK_M=128, BLOCK_N=128, EVEN_K=False, GROUP_M=8, USE_FAST_ACCUM=False, num_stages=3, num_warps=4"}
AUTOTUNE bmm(48x1018x1018, 48x1018x256)
strides: [1036324, 1018, 1], [260608, 1, 1018]
dtypes: torch.bfloat16, torch.bfloat16
  bmm 0.2570 ms 100.0% 
  triton_bmm_32345 0.2683 ms 95.8% ACC_TYPE='tl.float32', ALLOW_TF32=True, BLOCK_K=32, BLOCK_M=128, BLOCK_N=128, EVEN_K=False, GROUP_M=8, USE_FAST_ACCUM=False, num_stages=3, num_warps=4
  triton_bmm_32340 0.2724 ms 94.4% ACC_TYPE='tl.float32', ALLOW_TF32=True, BLOCK_K=64, BLOCK_M=64, BLOCK_N=128, EVEN_K=False, GROUP_M=8, USE_FAST_ACCUM=False, num_stages=3, num_warps=4
  triton_bmm_32342 0.2785 ms 92.3% ACC_TYPE='tl.float32', ALLOW_TF32=True, BLOCK_K=32, BLOCK_M=128, BLOCK_N=64, EVEN_K=False, GROUP_M=8, USE_FAST_ACCUM=False, num_stages=3, num_warps=4
  triton_bmm_32338 0.2898 ms 88.7% ACC_TYPE='tl.float32', ALLOW_TF32=True, BLOCK_K=32, BLOCK_M=64, BLOCK_N=128, EVEN_K=False, GROUP_M=8, USE_FAST_ACCUM=False, num_stages=3, num_warps=4
  triton_bmm_32343 0.3154 ms 81.5% ACC_TYPE='tl.float32', ALLOW_TF32=True, BLOCK_K=32, BLOCK_M=128, BLOCK_N=64, EVEN_K=False, GROUP_M=8, USE_FAST_ACCUM=False, num_stages=4, num_warps=8
  triton_bmm_32347 0.3236 ms 79.4% ACC_TYPE='tl.float32', ALLOW_TF32=True, BLOCK_K=64, BLOCK_M=128, BLOCK_N=128, EVEN_K=False, GROUP_M=8, USE_FAST_ACCUM=False, num_stages=5, num_warps=8
  triton_bmm_32339 0.3308 ms 77.7% ACC_TYPE='tl.float32', ALLOW_TF32=True, BLOCK_K=32, BLOCK_M=64, BLOCK_N=128, EVEN_K=False, GROUP_M=8, USE_FAST_ACCUM=False, num_stages=4, num_warps=8
  triton_bmm_32335 0.3574 ms 71.9% ACC_TYPE='tl.float32', ALLOW_TF32=True, BLOCK_K=32, BLOCK_M=64, BLOCK_N=64, EVEN_K=False, GROUP_M=8, USE_FAST_ACCUM=False, num_stages=2, num_warps=4
  triton_bmm_32336 0.3635 ms 70.7% ACC_TYPE='tl.float32', ALLOW_TF32=True, BLOCK_K=64, BLOCK_M=64, BLOCK_N=64, EVEN_K=False, GROUP_M=8, USE_FAST_ACCUM=False, num_stages=3, num_warps=8
SingleProcess AUTOTUNE benchmarking takes 0.7387 seconds and 0.0002 seconds precompiling for 21 choices
E0717 10:00:56.968000 13342 sim-link-f1/deps/lerobot/.venv/lib/python3.12/site-packages/torch/_inductor/select_algorithm.py:3924] [3/1] Runtime error during autotuning: 
E0717 10:00:56.968000 13342 sim-link-f1/deps/lerobot/.venv/lib/python3.12/site-packages/torch/_inductor/select_algorithm.py:3924] [3/1] No valid triton configs. OutOfMemoryError: out of resource: triton_mm Required: 196608 Hardware limit:166912 Reducing block sizes or `num_stages` may help.. 
E0717 10:00:56.968000 13342 sim-link-f1/deps/lerobot/.venv/lib/python3.12/site-packages/torch/_inductor/select_algorithm.py:3924] [3/1] Ignoring this choice.
Autotune Choices Stats:
{"num_choices": 21, "num_triton_choices": 20, "best_kernel": "mm", "best_time": 0.018432000651955605, "best_triton_pos": 1, "best_triton_time": 0.018432000651955605, "best_triton_kernel": "triton_mm_32457", "best_triton_kernel_desc": "ACC_TYPE='tl.float32', ALLOW_TF32=True, BLOCK_K=128, BLOCK_M=64, BLOCK_N=64, EVEN_K=True, GROUP_M=8, USE_FAST_ACCUM=False, num_stages=5, num_warps=4"}
AUTOTUNE mm(300x2048, 2048x1024)
strides: [2048, 1], [1024, 1]
dtypes: torch.bfloat16, torch.bfloat16
  mm 0.0184 ms 100.0% 
  triton_mm_32457 0.0184 ms 100.0% ACC_TYPE='tl.float32', ALLOW_TF32=True, BLOCK_K=128, BLOCK_M=64, BLOCK_N=64, EVEN_K=True, GROUP_M=8, USE_FAST_ACCUM=False, num_stages=5, num_warps=4
  triton_mm_32456 0.0246 ms 75.0% ACC_TYPE='tl.float32', ALLOW_TF32=True, BLOCK_K=64, BLOCK_M=64, BLOCK_N=64, EVEN_K=True, GROUP_M=8, USE_FAST_ACCUM=False, num_stages=3, num_warps=8
  triton_mm_32450 0.0276 ms 66.7% ACC_TYPE='tl.float32', ALLOW_TF32=True, BLOCK_K=128, BLOCK_M=32, BLOCK_N=32, EVEN_K=True, GROUP_M=8, USE_FAST_ACCUM=False, num_stages=2, num_warps=4
  triton_mm_32453 0.0276 ms 66.7% ACC_TYPE='tl.float32', ALLOW_TF32=True, BLOCK_K=128, BLOCK_M=64, BLOCK_N=32, EVEN_K=True, GROUP_M=8, USE_FAST_ACCUM=False, num_stages=5, num_warps=4
  triton_mm_32460 0.0287 ms 64.3% ACC_TYPE='tl.float32', ALLOW_TF32=True, BLOCK_K=64, BLOCK_M=64, BLOCK_N=128, EVEN_K=True, GROUP_M=8, USE_FAST_ACCUM=False, num_stages=3, num_warps=4
  triton_mm_32461 0.0287 ms 64.3% ACC_TYPE='tl.float32', ALLOW_TF32=True, BLOCK_K=128, BLOCK_M=64, BLOCK_N=128, EVEN_K=True, GROUP_M=8, USE_FAST_ACCUM=False, num_stages=4, num_warps=4
  triton_mm_32459 0.0307 ms 60.0% ACC_TYPE='tl.float32', ALLOW_TF32=True, BLOCK_K=32, BLOCK_M=64, BLOCK_N=128, EVEN_K=True, GROUP_M=8, USE_FAST_ACCUM=False, num_stages=4, num_warps=8
  triton_mm_32451 0.0317 ms 58.1% ACC_TYPE='tl.float32', ALLOW_TF32=True, BLOCK_K=32, BLOCK_M=32, BLOCK_N=64, EVEN_K=True, GROUP_M=8, USE_FAST_ACCUM=False, num_stages=5, num_warps=8
  triton_mm_32452 0.0317 ms 58.1% ACC_TYPE='tl.float32', ALLOW_TF32=True, BLOCK_K=32, BLOCK_M=64, BLOCK_N=32, EVEN_K=True, GROUP_M=8, USE_FAST_ACCUM=False, num_stages=5, num_warps=8
SingleProcess AUTOTUNE benchmarking takes 0.3006 seconds and 0.0002 seconds precompiling for 21 choices
E0717 10:00:57.280000 13342 sim-link-f1/deps/lerobot/.venv/lib/python3.12/site-packages/torch/_inductor/select_algorithm.py:3924] [3/1] Runtime error during autotuning: 
E0717 10:00:57.280000 13342 sim-link-f1/deps/lerobot/.venv/lib/python3.12/site-packages/torch/_inductor/select_algorithm.py:3924] [3/1] No valid triton configs. OutOfMemoryError: out of resource: triton_mm Required: 196608 Hardware limit:166912 Reducing block sizes or `num_stages` may help.. 
E0717 10:00:57.280000 13342 sim-link-f1/deps/lerobot/.venv/lib/python3.12/site-packages/torch/_inductor/select_algorithm.py:3924] [3/1] Ignoring this choice.
Autotune Choices Stats:
{"num_choices": 21, "num_triton_choices": 20, "best_kernel": "triton_mm_32091", "best_kernel_desc": "ACC_TYPE='tl.float32', ALLOW_TF32=True, BLOCK_K=32, BLOCK_M=64, BLOCK_N=128, EVEN_K=False, GROUP_M=8, USE_FAST_ACCUM=False, num_stages=3, num_warps=4", "best_time": 0.02457600086927414, "best_triton_pos": 0}
AUTOTUNE mm(1024x300, 300x4096)
strides: [1, 1024], [4096, 1]
dtypes: torch.bfloat16, torch.bfloat16
  triton_mm_32091 0.0246 ms 100.0% ACC_TYPE='tl.float32', ALLOW_TF32=True, BLOCK_K=32, BLOCK_M=64, BLOCK_N=128, EVEN_K=False, GROUP_M=8, USE_FAST_ACCUM=False, num_stages=3, num_warps=4
  triton_mm_32093 0.0246 ms 100.0% ACC_TYPE='tl.float32', ALLOW_TF32=True, BLOCK_K=64, BLOCK_M=64, BLOCK_N=128, EVEN_K=False, GROUP_M=8, USE_FAST_ACCUM=False, num_stages=3, num_warps=4
  triton_mm_32095 0.0266 ms 92.3% ACC_TYPE='tl.float32', ALLOW_TF32=True, BLOCK_K=32, BLOCK_M=128, BLOCK_N=64, EVEN_K=False, GROUP_M=8, USE_FAST_ACCUM=False, num_stages=3, num_warps=4
  triton_mm_32098 0.0266 ms 92.3% ACC_TYPE='tl.float32', ALLOW_TF32=True, BLOCK_K=32, BLOCK_M=128, BLOCK_N=128, EVEN_K=False, GROUP_M=8, USE_FAST_ACCUM=False, num_stages=3, num_warps=4
  triton_mm_32099 0.0266 ms 92.3% ACC_TYPE='tl.float32', ALLOW_TF32=True, BLOCK_K=64, BLOCK_M=128, BLOCK_N=128, EVEN_K=False, GROUP_M=8, USE_FAST_ACCUM=False, num_stages=3, num_warps=4
  triton_mm_32092 0.0287 ms 85.7% ACC_TYPE='tl.float32', ALLOW_TF32=True, BLOCK_K=32, BLOCK_M=64, BLOCK_N=128, EVEN_K=False, GROUP_M=8, USE_FAST_ACCUM=False, num_stages=4, num_warps=8
  triton_mm_32096 0.0287 ms 85.7% ACC_TYPE='tl.float32', ALLOW_TF32=True, BLOCK_K=32, BLOCK_M=128, BLOCK_N=64, EVEN_K=False, GROUP_M=8, USE_FAST_ACCUM=False, num_stages=4, num_warps=8
  mm 0.0307 ms 80.0% 
  triton_mm_32088 0.0307 ms 80.0% ACC_TYPE='tl.float32', ALLOW_TF32=True, BLOCK_K=32, BLOCK_M=64, BLOCK_N=64, EVEN_K=False, GROUP_M=8, USE_FAST_ACCUM=False, num_stages=2, num_warps=4
  triton_mm_32089 0.0317 ms 77.4% ACC_TYPE='tl.float32', ALLOW_TF32=True, BLOCK_K=64, BLOCK_M=64, BLOCK_N=64, EVEN_K=False, GROUP_M=8, USE_FAST_ACCUM=False, num_stages=3, num_warps=8
SingleProcess AUTOTUNE benchmarking takes 0.3090 seconds and 0.0002 seconds precompiling for 21 choices
E0717 10:00:57.581000 13342 sim-link-f1/deps/lerobot/.venv/lib/python3.12/site-packages/torch/_inductor/select_algorithm.py:3924] [3/1] Runtime error during autotuning: 
E0717 10:00:57.581000 13342 sim-link-f1/deps/lerobot/.venv/lib/python3.12/site-packages/torch/_inductor/select_algorithm.py:3924] [3/1] No valid triton configs. OutOfMemoryError: out of resource: triton_mm Required: 196608 Hardware limit:166912 Reducing block sizes or `num_stages` may help.. 
E0717 10:00:57.581000 13342 sim-link-f1/deps/lerobot/.venv/lib/python3.12/site-packages/torch/_inductor/select_algorithm.py:3924] [3/1] Ignoring this choice.
Autotune Choices Stats:
{"num_choices": 21, "num_triton_choices": 20, "best_kernel": "triton_mm_32133", "best_kernel_desc": "ACC_TYPE='tl.float32', ALLOW_TF32=True, BLOCK_K=64, BLOCK_M=64, BLOCK_N=128, EVEN_K=False, GROUP_M=8, USE_FAST_ACCUM=False, num_stages=3, num_warps=4", "best_time": 0.02457600086927414, "best_triton_pos": 0}
AUTOTUNE mm(4096x300, 300x1024)
strides: [1, 4096], [1024, 1]
dtypes: torch.bfloat16, torch.bfloat16
  triton_mm_32133 0.0246 ms 100.0% ACC_TYPE='tl.float32', ALLOW_TF32=True, BLOCK_K=64, BLOCK_M=64, BLOCK_N=128, EVEN_K=False, GROUP_M=8, USE_FAST_ACCUM=False, num_stages=3, num_warps=4
  triton_mm_32135 0.0246 ms 100.0% ACC_TYPE='tl.float32', ALLOW_TF32=True, BLOCK_K=32, BLOCK_M=128, BLOCK_N=64, EVEN_K=False, GROUP_M=8, USE_FAST_ACCUM=False, num_stages=3, num_warps=4
  triton_mm_32138 0.0256 ms 96.0% ACC_TYPE='tl.float32', ALLOW_TF32=True, BLOCK_K=32, BLOCK_M=128, BLOCK_N=128, EVEN_K=False, GROUP_M=8, USE_FAST_ACCUM=False, num_stages=3, num_warps=4
  triton_mm_32131 0.0266 ms 92.3% ACC_TYPE='tl.float32', ALLOW_TF32=True, BLOCK_K=32, BLOCK_M=64, BLOCK_N=128, EVEN_K=False, GROUP_M=8, USE_FAST_ACCUM=False, num_stages=3, num_warps=4
  triton_mm_32139 0.0266 ms 92.3% ACC_TYPE='tl.float32', ALLOW_TF32=True, BLOCK_K=64, BLOCK_M=128, BLOCK_N=128, EVEN_K=False, GROUP_M=8, USE_FAST_ACCUM=False, num_stages=3, num_warps=4
  triton_mm_32136 0.0276 ms 88.9% ACC_TYPE='tl.float32', ALLOW_TF32=True, BLOCK_K=32, BLOCK_M=128, BLOCK_N=64, EVEN_K=False, GROUP_M=8, USE_FAST_ACCUM=False, num_stages=4, num_warps=8
  triton_mm_32132 0.0297 ms 82.8% ACC_TYPE='tl.float32', ALLOW_TF32=True, BLOCK_K=32, BLOCK_M=64, BLOCK_N=128, EVEN_K=False, GROUP_M=8, USE_FAST_ACCUM=False, num_stages=4, num_warps=8
  mm 0.0307 ms 80.0% 
  triton_mm_32128 0.0307 ms 80.0% ACC_TYPE='tl.float32', ALLOW_TF32=True, BLOCK_K=32, BLOCK_M=64, BLOCK_N=64, EVEN_K=False, GROUP_M=8, USE_FAST_ACCUM=False, num_stages=2, num_warps=4
  triton_mm_32129 0.0307 ms 80.0% ACC_TYPE='tl.float32', ALLOW_TF32=True, BLOCK_K=64, BLOCK_M=64, BLOCK_N=64, EVEN_K=False, GROUP_M=8, USE_FAST_ACCUM=False, num_stages=3, num_warps=8
SingleProcess AUTOTUNE benchmarking takes 0.3004 seconds and 0.0002 seconds precompiling for 21 choices
E0717 10:00:57.867000 13342 sim-link-f1/deps/lerobot/.venv/lib/python3.12/site-packages/torch/_inductor/select_algorithm.py:3924] [3/1] Runtime error during autotuning: 
E0717 10:00:57.867000 13342 sim-link-f1/deps/lerobot/.venv/lib/python3.12/site-packages/torch/_inductor/select_algorithm.py:3924] [3/1] No valid triton configs. OutOfMemoryError: out of resource: triton_mm Required: 196608 Hardware limit:166912 Reducing block sizes or `num_stages` may help.. 
E0717 10:00:57.867000 13342 sim-link-f1/deps/lerobot/.venv/lib/python3.12/site-packages/torch/_inductor/select_algorithm.py:3924] [3/1] Ignoring this choice.
Autotune Choices Stats:
{"num_choices": 21, "num_triton_choices": 20, "best_kernel": "triton_mm_32238", "best_kernel_desc": "ACC_TYPE='tl.float32', ALLOW_TF32=True, BLOCK_K=32, BLOCK_M=64, BLOCK_N=128, EVEN_K=False, GROUP_M=8, USE_FAST_ACCUM=False, num_stages=3, num_warps=4", "best_time": 0.01740800030529499, "best_triton_pos": 0}
AUTOTUNE mm(1024x300, 300x2048)
strides: [1, 1024], [2048, 1]
dtypes: torch.bfloat16, torch.bfloat16
  triton_mm_32238 0.0174 ms 100.0% ACC_TYPE='tl.float32', ALLOW_TF32=True, BLOCK_K=32, BLOCK_M=64, BLOCK_N=128, EVEN_K=False, GROUP_M=8, USE_FAST_ACCUM=False, num_stages=3, num_warps=4
  triton_mm_32240 0.0174 ms 100.0% ACC_TYPE='tl.float32', ALLOW_TF32=True, BLOCK_K=64, BLOCK_M=64, BLOCK_N=128, EVEN_K=False, GROUP_M=8, USE_FAST_ACCUM=False, num_stages=3, num_warps=4
  triton_mm_32242 0.0174 ms 100.0% ACC_TYPE='tl.float32', ALLOW_TF32=True, BLOCK_K=32, BLOCK_M=128, BLOCK_N=64, EVEN_K=False, GROUP_M=8, USE_FAST_ACCUM=False, num_stages=3, num_warps=4
  mm 0.0184 ms 94.4% 
  triton_mm_32245 0.0184 ms 94.4% ACC_TYPE='tl.float32', ALLOW_TF32=True, BLOCK_K=32, BLOCK_M=128, BLOCK_N=128, EVEN_K=False, GROUP_M=8, USE_FAST_ACCUM=False, num_stages=3, num_warps=4
  triton_mm_32235 0.0195 ms 89.5% ACC_TYPE='tl.float32', ALLOW_TF32=True, BLOCK_K=32, BLOCK_M=64, BLOCK_N=64, EVEN_K=False, GROUP_M=8, USE_FAST_ACCUM=False, num_stages=2, num_warps=4
  triton_mm_32243 0.0195 ms 89.5% ACC_TYPE='tl.float32', ALLOW_TF32=True, BLOCK_K=32, BLOCK_M=128, BLOCK_N=64, EVEN_K=False, GROUP_M=8, USE_FAST_ACCUM=False, num_stages=4, num_warps=8
  triton_mm_32246 0.0195 ms 89.5% ACC_TYPE='tl.float32', ALLOW_TF32=True, BLOCK_K=64, BLOCK_M=128, BLOCK_N=128, EVEN_K=False, GROUP_M=8, USE_FAST_ACCUM=False, num_stages=3, num_warps=4
  triton_mm_32236 0.0205 ms 85.0% ACC_TYPE='tl.float32', ALLOW_TF32=True, BLOCK_K=64, BLOCK_M=64, BLOCK_N=64, EVEN_K=False, GROUP_M=8, USE_FAST_ACCUM=False, num_stages=3, num_warps=8
  triton_mm_32239 0.0205 ms 85.0% ACC_TYPE='tl.float32', ALLOW_TF32=True, BLOCK_K=32, BLOCK_M=64, BLOCK_N=128, EVEN_K=False, GROUP_M=8, USE_FAST_ACCUM=False, num_stages=4, num_warps=8
SingleProcess AUTOTUNE benchmarking takes 0.2825 seconds and 0.0002 seconds precompiling for 21 choices
E0717 10:00:58.147000 13342 sim-link-f1/deps/lerobot/.venv/lib/python3.12/site-packages/torch/_inductor/select_algorithm.py:3924] [3/1] Runtime error during autotuning: 
E0717 10:00:58.147000 13342 sim-link-f1/deps/lerobot/.venv/lib/python3.12/site-packages/torch/_inductor/select_algorithm.py:3924] [3/1] No valid triton configs. OutOfMemoryError: out of resource: triton_mm Required: 196608 Hardware limit:166912 Reducing block sizes or `num_stages` may help.. 
E0717 10:00:58.147000 13342 sim-link-f1/deps/lerobot/.venv/lib/python3.12/site-packages/torch/_inductor/select_algorithm.py:3924] [3/1] Ignoring this choice.
Autotune Choices Stats:
{"num_choices": 21, "num_triton_choices": 20, "best_kernel": "mm", "best_time": 0.010239999741315842, "best_triton_pos": 1, "best_triton_time": 0.010239999741315842, "best_triton_kernel": "triton_mm_32356", "best_triton_kernel_desc": "ACC_TYPE='tl.float32', ALLOW_TF32=True, BLOCK_K=64, BLOCK_M=64, BLOCK_N=64, EVEN_K=False, GROUP_M=8, USE_FAST_ACCUM=False, num_stages=3, num_warps=8"}
AUTOTUNE mm(256x300, 300x1024)
strides: [1, 256], [1024, 1]
dtypes: torch.bfloat16, torch.bfloat16
  mm 0.0102 ms 100.0% 
  triton_mm_32356 0.0102 ms 100.0% ACC_TYPE='tl.float32', ALLOW_TF32=True, BLOCK_K=64, BLOCK_M=64, BLOCK_N=64, EVEN_K=False, GROUP_M=8, USE_FAST_ACCUM=False, num_stages=3, num_warps=8
  triton_mm_32351 0.0113 ms 90.9% ACC_TYPE='tl.float32', ALLOW_TF32=True, BLOCK_K=32, BLOCK_M=32, BLOCK_N=64, EVEN_K=False, GROUP_M=8, USE_FAST_ACCUM=False, num_stages=5, num_warps=8
  triton_mm_32357 0.0113 ms 90.9% ACC_TYPE='tl.float32', ALLOW_TF32=True, BLOCK_K=128, BLOCK_M=64, BLOCK_N=64, EVEN_K=False, GROUP_M=8, USE_FAST_ACCUM=False, num_stages=5, num_warps=4
  triton_mm_32360 0.0113 ms 90.9% ACC_TYPE='tl.float32', ALLOW_TF32=True, BLOCK_K=64, BLOCK_M=64, BLOCK_N=128, EVEN_K=False, GROUP_M=8, USE_FAST_ACCUM=False, num_stages=3, num_warps=4
  triton_mm_32350 0.0123 ms 83.3% ACC_TYPE='tl.float32', ALLOW_TF32=True, BLOCK_K=128, BLOCK_M=32, BLOCK_N=32, EVEN_K=False, GROUP_M=8, USE_FAST_ACCUM=False, num_stages=2, num_warps=4
  triton_mm_32352 0.0123 ms 83.3% ACC_TYPE='tl.float32', ALLOW_TF32=True, BLOCK_K=32, BLOCK_M=64, BLOCK_N=32, EVEN_K=False, GROUP_M=8, USE_FAST_ACCUM=False, num_stages=5, num_warps=8
  triton_mm_32359 0.0123 ms 83.3% ACC_TYPE='tl.float32', ALLOW_TF32=True, BLOCK_K=32, BLOCK_M=64, BLOCK_N=128, EVEN_K=False, GROUP_M=8, USE_FAST_ACCUM=False, num_stages=4, num_warps=8
  triton_mm_32361 0.0123 ms 83.3% ACC_TYPE='tl.float32', ALLOW_TF32=True, BLOCK_K=128, BLOCK_M=64, BLOCK_N=128, EVEN_K=False, GROUP_M=8, USE_FAST_ACCUM=False, num_stages=4, num_warps=4
  triton_mm_32362 0.0123 ms 83.3% ACC_TYPE='tl.float32', ALLOW_TF32=True, BLOCK_K=32, BLOCK_M=128, BLOCK_N=64, EVEN_K=False, GROUP_M=8, USE_FAST_ACCUM=False, num_stages=3, num_warps=4
SingleProcess AUTOTUNE benchmarking takes 0.2783 seconds and 0.0003 seconds precompiling for 21 choices
E0717 10:00:58.444000 13342 sim-link-f1/deps/lerobot/.venv/lib/python3.12/site-packages/torch/_inductor/select_algorithm.py:3924] [3/1] Runtime error during autotuning: 
E0717 10:00:58.444000 13342 sim-link-f1/deps/lerobot/.venv/lib/python3.12/site-packages/torch/_inductor/select_algorithm.py:3924] [3/1] No valid triton configs. OutOfMemoryError: out of resource: triton_mm Required: 196608 Hardware limit:166912 Reducing block sizes or `num_stages` may help.. 
E0717 10:00:58.444000 13342 sim-link-f1/deps/lerobot/.venv/lib/python3.12/site-packages/torch/_inductor/select_algorithm.py:3924] [3/1] Ignoring this choice.
Autotune Choices Stats:
{"num_choices": 21, "num_triton_choices": 20, "best_kernel": "triton_mm_32438", "best_kernel_desc": "ACC_TYPE='tl.float32', ALLOW_TF32=True, BLOCK_K=32, BLOCK_M=64, BLOCK_N=128, EVEN_K=False, GROUP_M=8, USE_FAST_ACCUM=False, num_stages=3, num_warps=4", "best_time": 0.01740800030529499, "best_triton_pos": 0}
AUTOTUNE mm(2048x300, 300x1024)
strides: [1, 2048], [1024, 1]
dtypes: torch.bfloat16, torch.bfloat16
  triton_mm_32438 0.0174 ms 100.0% ACC_TYPE='tl.float32', ALLOW_TF32=True, BLOCK_K=32, BLOCK_M=64, BLOCK_N=128, EVEN_K=False, GROUP_M=8, USE_FAST_ACCUM=False, num_stages=3, num_warps=4
  triton_mm_32442 0.0174 ms 100.0% ACC_TYPE='tl.float32', ALLOW_TF32=True, BLOCK_K=32, BLOCK_M=128, BLOCK_N=64, EVEN_K=False, GROUP_M=8, USE_FAST_ACCUM=False, num_stages=3, num_warps=4
  triton_mm_32440 0.0184 ms 94.4% ACC_TYPE='tl.float32', ALLOW_TF32=True, BLOCK_K=64, BLOCK_M=64, BLOCK_N=128, EVEN_K=False, GROUP_M=8, USE_FAST_ACCUM=False, num_stages=3, num_warps=4
  mm 0.0195 ms 89.5% 
  triton_mm_32435 0.0195 ms 89.5% ACC_TYPE='tl.float32', ALLOW_TF32=True, BLOCK_K=32, BLOCK_M=64, BLOCK_N=64, EVEN_K=False, GROUP_M=8, USE_FAST_ACCUM=False, num_stages=2, num_warps=4
  triton_mm_32436 0.0195 ms 89.5% ACC_TYPE='tl.float32', ALLOW_TF32=True, BLOCK_K=64, BLOCK_M=64, BLOCK_N=64, EVEN_K=False, GROUP_M=8, USE_FAST_ACCUM=False, num_stages=3, num_warps=8
  triton_mm_32443 0.0195 ms 89.5% ACC_TYPE='tl.float32', ALLOW_TF32=True, BLOCK_K=32, BLOCK_M=128, BLOCK_N=64, EVEN_K=False, GROUP_M=8, USE_FAST_ACCUM=False, num_stages=4, num_warps=8
  triton_mm_32445 0.0195 ms 89.5% ACC_TYPE='tl.float32', ALLOW_TF32=True, BLOCK_K=32, BLOCK_M=128, BLOCK_N=128, EVEN_K=False, GROUP_M=8, USE_FAST_ACCUM=False, num_stages=3, num_warps=4
  triton_mm_32446 0.0195 ms 89.5% ACC_TYPE='tl.float32', ALLOW_TF32=True, BLOCK_K=64, BLOCK_M=128, BLOCK_N=128, EVEN_K=False, GROUP_M=8, USE_FAST_ACCUM=False, num_stages=3, num_warps=4
  triton_mm_32439 0.0205 ms 85.0% ACC_TYPE='tl.float32', ALLOW_TF32=True, BLOCK_K=32, BLOCK_M=64, BLOCK_N=128, EVEN_K=False, GROUP_M=8, USE_FAST_ACCUM=False, num_stages=4, num_warps=8
SingleProcess AUTOTUNE benchmarking takes 0.2924 seconds and 0.0002 seconds precompiling for 21 choices
E0717 10:00:58.904000 13342 sim-link-f1/deps/lerobot/.venv/lib/python3.12/site-packages/torch/_inductor/select_algorithm.py:3924] [3/1] Runtime error during autotuning: 
E0717 10:00:58.904000 13342 sim-link-f1/deps/lerobot/.venv/lib/python3.12/site-packages/torch/_inductor/select_algorithm.py:3924] [3/1] No valid triton configs. OutOfMemoryError: out of resource: triton_mm Required: 196608 Hardware limit:166912 Reducing block sizes or `num_stages` may help.. 
E0717 10:00:58.904000 13342 sim-link-f1/deps/lerobot/.venv/lib/python3.12/site-packages/torch/_inductor/select_algorithm.py:3924] [3/1] Ignoring this choice.
Autotune Choices Stats:
{"num_choices": 21, "num_triton_choices": 20, "best_kernel": "mm", "best_time": 0.04608000069856644, "best_triton_pos": 1, "best_triton_time": 0.058368001133203506, "best_triton_kernel": "triton_mm_32516", "best_triton_kernel_desc": "ACC_TYPE='tl.float32', ALLOW_TF32=True, BLOCK_K=128, BLOCK_M=64, BLOCK_N=128, EVEN_K=False, GROUP_M=8, USE_FAST_ACCUM=False, num_stages=4, num_warps=4"}
AUTOTUNE mm(256x5808, 5808x2048)
strides: [1, 256], [2048, 1]
dtypes: torch.bfloat16, torch.bfloat16
  mm 0.0461 ms 100.0% 
  triton_mm_32516 0.0584 ms 78.9% ACC_TYPE='tl.float32', ALLOW_TF32=True, BLOCK_K=128, BLOCK_M=64, BLOCK_N=128, EVEN_K=False, GROUP_M=8, USE_FAST_ACCUM=False, num_stages=4, num_warps=4
  triton_mm_32515 0.0707 ms 65.2% ACC_TYPE='tl.float32', ALLOW_TF32=True, BLOCK_K=64, BLOCK_M=64, BLOCK_N=128, EVEN_K=False, GROUP_M=8, USE_FAST_ACCUM=False, num_stages=3, num_warps=4
  triton_mm_32511 0.0778 ms 59.2% ACC_TYPE='tl.float32', ALLOW_TF32=True, BLOCK_K=64, BLOCK_M=64, BLOCK_N=64, EVEN_K=False, GROUP_M=8, USE_FAST_ACCUM=False, num_stages=3, num_warps=8
  triton_mm_32518 0.0778 ms 59.2% ACC_TYPE='tl.float32', ALLOW_TF32=True, BLOCK_K=32, BLOCK_M=128, BLOCK_N=64, EVEN_K=False, GROUP_M=8, USE_FAST_ACCUM=False, num_stages=4, num_warps=8
  triton_mm_32514 0.0809 ms 57.0% ACC_TYPE='tl.float32', ALLOW_TF32=True, BLOCK_K=32, BLOCK_M=64, BLOCK_N=128, EVEN_K=False, GROUP_M=8, USE_FAST_ACCUM=False, num_stages=4, num_warps=8
  triton_mm_32512 0.0850 ms 54.2% ACC_TYPE='tl.float32', ALLOW_TF32=True, BLOCK_K=128, BLOCK_M=64, BLOCK_N=64, EVEN_K=False, GROUP_M=8, USE_FAST_ACCUM=False, num_stages=5, num_warps=4
  triton_mm_32505 0.0963 ms 47.9% ACC_TYPE='tl.float32', ALLOW_TF32=True, BLOCK_K=128, BLOCK_M=32, BLOCK_N=32, EVEN_K=False, GROUP_M=8, USE_FAST_ACCUM=False, num_stages=2, num_warps=4
  triton_mm_32508 0.0973 ms 47.4% ACC_TYPE='tl.float32', ALLOW_TF32=True, BLOCK_K=128, BLOCK_M=64, BLOCK_N=32, EVEN_K=False, GROUP_M=8, USE_FAST_ACCUM=False, num_stages=5, num_warps=4
  triton_mm_32521 0.0973 ms 47.4% ACC_TYPE='tl.float32', ALLOW_TF32=True, BLOCK_K=64, BLOCK_M=128, BLOCK_N=128, EVEN_K=False, GROUP_M=8, USE_FAST_ACCUM=False, num_stages=3, num_warps=4
SingleProcess AUTOTUNE benchmarking takes 0.4571 seconds and 0.0002 seconds precompiling for 21 choices
E0717 10:00:59.269000 13342 sim-link-f1/deps/lerobot/.venv/lib/python3.12/site-packages/torch/_inductor/select_algorithm.py:3924] [3/1] Runtime error during autotuning: 
E0717 10:00:59.269000 13342 sim-link-f1/deps/lerobot/.venv/lib/python3.12/site-packages/torch/_inductor/select_algorithm.py:3924] [3/1] No valid triton configs. OutOfMemoryError: out of resource: triton_mm Required: 196608 Hardware limit:166912 Reducing block sizes or `num_stages` may help.. 
E0717 10:00:59.269000 13342 sim-link-f1/deps/lerobot/.venv/lib/python3.12/site-packages/torch/_inductor/select_algorithm.py:3924] [3/1] Ignoring this choice.
Autotune Choices Stats:
{"num_choices": 21, "num_triton_choices": 20, "best_kernel": "mm", "best_time": 0.04198399931192398, "best_triton_pos": 1, "best_triton_time": 0.04198399931192398, "best_triton_kernel": "triton_mm_32540", "best_triton_kernel_desc": "ACC_TYPE='tl.float32', ALLOW_TF32=True, BLOCK_K=32, BLOCK_M=128, BLOCK_N=128, EVEN_K=True, GROUP_M=8, USE_FAST_ACCUM=False, num_stages=3, num_warps=4"}
AUTOTUNE mm(5808x256, 256x2048)
strides: [256, 1], [2048, 1]
dtypes: torch.bfloat16, torch.bfloat16
  mm 0.0420 ms 100.0% 
  triton_mm_32540 0.0420 ms 100.0% ACC_TYPE='tl.float32', ALLOW_TF32=True, BLOCK_K=32, BLOCK_M=128, BLOCK_N=128, EVEN_K=True, GROUP_M=8, USE_FAST_ACCUM=False, num_stages=3, num_warps=4
  triton_mm_32541 0.0430 ms 97.6% ACC_TYPE='tl.float32', ALLOW_TF32=True, BLOCK_K=64, BLOCK_M=128, BLOCK_N=128, EVEN_K=True, GROUP_M=8, USE_FAST_ACCUM=False, num_stages=3, num_warps=4
  triton_mm_32533 0.0451 ms 93.2% ACC_TYPE='tl.float32', ALLOW_TF32=True, BLOCK_K=32, BLOCK_M=64, BLOCK_N=128, EVEN_K=True, GROUP_M=8, USE_FAST_ACCUM=False, num_stages=3, num_warps=4
  triton_mm_32535 0.0451 ms 93.2% ACC_TYPE='tl.float32', ALLOW_TF32=True, BLOCK_K=64, BLOCK_M=64, BLOCK_N=128, EVEN_K=True, GROUP_M=8, USE_FAST_ACCUM=False, num_stages=3, num_warps=4
  triton_mm_32537 0.0451 ms 93.2% ACC_TYPE='tl.float32', ALLOW_TF32=True, BLOCK_K=32, BLOCK_M=128, BLOCK_N=64, EVEN_K=True, GROUP_M=8, USE_FAST_ACCUM=False, num_stages=3, num_warps=4
  triton_mm_32534 0.0522 ms 80.4% ACC_TYPE='tl.float32', ALLOW_TF32=True, BLOCK_K=32, BLOCK_M=64, BLOCK_N=128, EVEN_K=True, GROUP_M=8, USE_FAST_ACCUM=False, num_stages=4, num_warps=8
  triton_mm_32538 0.0522 ms 80.4% ACC_TYPE='tl.float32', ALLOW_TF32=True, BLOCK_K=32, BLOCK_M=128, BLOCK_N=64, EVEN_K=True, GROUP_M=8, USE_FAST_ACCUM=False, num_stages=4, num_warps=8
  triton_mm_32539 0.0553 ms 75.9% ACC_TYPE='tl.float32', ALLOW_TF32=True, BLOCK_K=32, BLOCK_M=128, BLOCK_N=128, EVEN_K=True, GROUP_M=8, USE_FAST_ACCUM=False, num_stages=2, num_warps=8
  triton_mm_32530 0.0573 ms 73.2% ACC_TYPE='tl.float32', ALLOW_TF32=True, BLOCK_K=32, BLOCK_M=64, BLOCK_N=64, EVEN_K=True, GROUP_M=8, USE_FAST_ACCUM=False, num_stages=2, num_warps=4
SingleProcess AUTOTUNE benchmarking takes 0.3627 seconds and 0.0002 seconds precompiling for 21 choices
E0717 10:01:00.019000 13342 sim-link-f1/deps/lerobot/.venv/lib/python3.12/site-packages/torch/_inductor/select_algorithm.py:3924] [3/1] Runtime error during autotuning: 
E0717 10:01:00.019000 13342 sim-link-f1/deps/lerobot/.venv/lib/python3.12/site-packages/torch/_inductor/select_algorithm.py:3924] [3/1] No valid triton configs. OutOfMemoryError: out of resource: triton_mm Required: 196608 Hardware limit:166912 Reducing block sizes or `num_stages` may help.. 
E0717 10:01:00.019000 13342 sim-link-f1/deps/lerobot/.venv/lib/python3.12/site-packages/torch/_inductor/select_algorithm.py:3924] [3/1] Ignoring this choice.
Autotune Choices Stats:
{"num_choices": 21, "num_triton_choices": 20, "best_kernel": "triton_mm_32595", "best_kernel_desc": "ACC_TYPE='tl.float32', ALLOW_TF32=True, BLOCK_K=64, BLOCK_M=64, BLOCK_N=128, EVEN_K=False, GROUP_M=8, USE_FAST_ACCUM=False, num_stages=3, num_warps=4", "best_time": 0.24166400730609894, "best_triton_pos": 0}
AUTOTUNE mm(2048x5808, 5808x2048)
strides: [1, 2048], [2048, 1]
dtypes: torch.bfloat16, torch.bfloat16
  triton_mm_32595 0.2417 ms 100.0% ACC_TYPE='tl.float32', ALLOW_TF32=True, BLOCK_K=64, BLOCK_M=64, BLOCK_N=128, EVEN_K=False, GROUP_M=8, USE_FAST_ACCUM=False, num_stages=3, num_warps=4
  triton_mm_32597 0.2611 ms 92.5% ACC_TYPE='tl.float32', ALLOW_TF32=True, BLOCK_K=32, BLOCK_M=128, BLOCK_N=64, EVEN_K=False, GROUP_M=8, USE_FAST_ACCUM=False, num_stages=3, num_warps=4
  triton_mm_32601 0.2662 ms 90.8% ACC_TYPE='tl.float32', ALLOW_TF32=True, BLOCK_K=64, BLOCK_M=128, BLOCK_N=128, EVEN_K=False, GROUP_M=8, USE_FAST_ACCUM=False, num_stages=3, num_warps=4
  triton_mm_32596 0.2806 ms 86.1% ACC_TYPE='tl.float32', ALLOW_TF32=True, BLOCK_K=128, BLOCK_M=64, BLOCK_N=128, EVEN_K=False, GROUP_M=8, USE_FAST_ACCUM=False, num_stages=4, num_warps=4
  triton_mm_32598 0.2826 ms 85.5% ACC_TYPE='tl.float32', ALLOW_TF32=True, BLOCK_K=32, BLOCK_M=128, BLOCK_N=64, EVEN_K=False, GROUP_M=8, USE_FAST_ACCUM=False, num_stages=4, num_warps=8
  mm 0.2847 ms 84.9% 
  triton_mm_32593 0.2857 ms 84.6% ACC_TYPE='tl.float32', ALLOW_TF32=True, BLOCK_K=32, BLOCK_M=64, BLOCK_N=128, EVEN_K=False, GROUP_M=8, USE_FAST_ACCUM=False, num_stages=3, num_warps=4
  triton_mm_32600 0.2867 ms 84.3% ACC_TYPE='tl.float32', ALLOW_TF32=True, BLOCK_K=32, BLOCK_M=128, BLOCK_N=128, EVEN_K=False, GROUP_M=8, USE_FAST_ACCUM=False, num_stages=3, num_warps=4
  triton_mm_32602 0.3000 ms 80.5% ACC_TYPE='tl.float32', ALLOW_TF32=True, BLOCK_K=64, BLOCK_M=128, BLOCK_N=128, EVEN_K=False, GROUP_M=8, USE_FAST_ACCUM=False, num_stages=5, num_warps=8
  triton_mm_32594 0.3062 ms 78.9% ACC_TYPE='tl.float32', ALLOW_TF32=True, BLOCK_K=32, BLOCK_M=64, BLOCK_N=128, EVEN_K=False, GROUP_M=8, USE_FAST_ACCUM=False, num_stages=4, num_warps=8
SingleProcess AUTOTUNE benchmarking takes 0.7420 seconds and 0.0002 seconds precompiling for 21 choices
E0717 10:01:00.744000 13342 sim-link-f1/deps/lerobot/.venv/lib/python3.12/site-packages/torch/_inductor/select_algorithm.py:3924] [3/1] Runtime error during autotuning: 
E0717 10:01:00.744000 13342 sim-link-f1/deps/lerobot/.venv/lib/python3.12/site-packages/torch/_inductor/select_algorithm.py:3924] [3/1] No valid triton configs. OutOfMemoryError: out of resource: triton_mm Required: 196608 Hardware limit:166912 Reducing block sizes or `num_stages` may help.. 
E0717 10:01:00.744000 13342 sim-link-f1/deps/lerobot/.venv/lib/python3.12/site-packages/torch/_inductor/select_algorithm.py:3924] [3/1] Ignoring this choice.
Autotune Choices Stats:
{"num_choices": 21, "num_triton_choices": 20, "best_kernel": "triton_mm_32621", "best_kernel_desc": "ACC_TYPE='tl.float32', ALLOW_TF32=True, BLOCK_K=64, BLOCK_M=128, BLOCK_N=128, EVEN_K=True, GROUP_M=8, USE_FAST_ACCUM=False, num_stages=3, num_warps=4", "best_time": 0.21606400609016418, "best_triton_pos": 0}
AUTOTUNE mm(5808x2048, 2048x2048)
strides: [2048, 1], [2048, 1]
dtypes: torch.bfloat16, torch.bfloat16
  triton_mm_32621 0.2161 ms 100.0% ACC_TYPE='tl.float32', ALLOW_TF32=True, BLOCK_K=64, BLOCK_M=128, BLOCK_N=128, EVEN_K=True, GROUP_M=8, USE_FAST_ACCUM=False, num_stages=3, num_warps=4
  mm 0.2171 ms 99.5% 
  triton_mm_32620 0.2304 ms 93.8% ACC_TYPE='tl.float32', ALLOW_TF32=True, BLOCK_K=32, BLOCK_M=128, BLOCK_N=128, EVEN_K=True, GROUP_M=8, USE_FAST_ACCUM=False, num_stages=3, num_warps=4
  triton_mm_32613 0.2365 ms 91.3% ACC_TYPE='tl.float32', ALLOW_TF32=True, BLOCK_K=32, BLOCK_M=64, BLOCK_N=128, EVEN_K=True, GROUP_M=8, USE_FAST_ACCUM=False, num_stages=3, num_warps=4
  triton_mm_32615 0.2427 ms 89.0% ACC_TYPE='tl.float32', ALLOW_TF32=True, BLOCK_K=64, BLOCK_M=64, BLOCK_N=128, EVEN_K=True, GROUP_M=8, USE_FAST_ACCUM=False, num_stages=3, num_warps=4
  triton_mm_32617 0.2468 ms 87.6% ACC_TYPE='tl.float32', ALLOW_TF32=True, BLOCK_K=32, BLOCK_M=128, BLOCK_N=64, EVEN_K=True, GROUP_M=8, USE_FAST_ACCUM=False, num_stages=3, num_warps=4
  triton_mm_32614 0.2714 ms 79.6% ACC_TYPE='tl.float32', ALLOW_TF32=True, BLOCK_K=32, BLOCK_M=64, BLOCK_N=128, EVEN_K=True, GROUP_M=8, USE_FAST_ACCUM=False, num_stages=4, num_warps=8
  triton_mm_32622 0.2734 ms 79.0% ACC_TYPE='tl.float32', ALLOW_TF32=True, BLOCK_K=64, BLOCK_M=128, BLOCK_N=128, EVEN_K=True, GROUP_M=8, USE_FAST_ACCUM=False, num_stages=5, num_warps=8
  triton_mm_32618 0.2857 ms 75.6% ACC_TYPE='tl.float32', ALLOW_TF32=True, BLOCK_K=32, BLOCK_M=128, BLOCK_N=64, EVEN_K=True, GROUP_M=8, USE_FAST_ACCUM=False, num_stages=4, num_warps=8
  triton_mm_32619 0.3205 ms 67.4% ACC_TYPE='tl.float32', ALLOW_TF32=True, BLOCK_K=32, BLOCK_M=128, BLOCK_N=128, EVEN_K=True, GROUP_M=8, USE_FAST_ACCUM=False, num_stages=2, num_warps=8
SingleProcess AUTOTUNE benchmarking takes 0.7251 seconds and 0.0002 seconds precompiling for 21 choices
E0717 10:01:01.780000 13342 sim-link-f1/deps/lerobot/.venv/lib/python3.12/site-packages/torch/_inductor/select_algorithm.py:3924] [3/1] Runtime error during autotuning: 
E0717 10:01:01.780000 13342 sim-link-f1/deps/lerobot/.venv/lib/python3.12/site-packages/torch/_inductor/select_algorithm.py:3924] [3/1] No valid triton configs. OutOfMemoryError: out of resource: triton_mm Required: 196608 Hardware limit:166912 Reducing block sizes or `num_stages` may help.. 
E0717 10:01:01.780000 13342 sim-link-f1/deps/lerobot/.venv/lib/python3.12/site-packages/torch/_inductor/select_algorithm.py:3924] [3/1] Ignoring this choice.
Autotune Choices Stats:
{"num_choices": 21, "num_triton_choices": 20, "best_kernel": "mm", "best_time": 1.4807039499282837, "best_triton_pos": 1, "best_triton_time": 1.6435199975967407, "best_triton_kernel": "triton_mm_33192", "best_triton_kernel_desc": "ACC_TYPE='tl.float32', ALLOW_TF32=True, BLOCK_K=64, BLOCK_M=128, BLOCK_N=128, EVEN_K=True, GROUP_M=8, USE_FAST_ACCUM=False, num_stages=3, num_warps=4"}
AUTOTUNE mm(5808x2048, 2048x16384)
strides: [2048, 1], [16384, 1]
dtypes: torch.bfloat16, torch.bfloat16
  mm 1.4807 ms 100.0% 
  triton_mm_33192 1.6435 ms 90.1% ACC_TYPE='tl.float32', ALLOW_TF32=True, BLOCK_K=64, BLOCK_M=128, BLOCK_N=128, EVEN_K=True, GROUP_M=8, USE_FAST_ACCUM=False, num_stages=3, num_warps=4
  triton_mm_33191 1.7172 ms 86.2% ACC_TYPE='tl.float32', ALLOW_TF32=True, BLOCK_K=32, BLOCK_M=128, BLOCK_N=128, EVEN_K=True, GROUP_M=8, USE_FAST_ACCUM=False, num_stages=3, num_warps=4
  triton_mm_33184 1.8289 ms 81.0% ACC_TYPE='tl.float32', ALLOW_TF32=True, BLOCK_K=32, BLOCK_M=64, BLOCK_N=128, EVEN_K=True, GROUP_M=8, USE_FAST_ACCUM=False, num_stages=3, num_warps=4
  triton_mm_33188 1.8534 ms 79.9% ACC_TYPE='tl.float32', ALLOW_TF32=True, BLOCK_K=32, BLOCK_M=128, BLOCK_N=64, EVEN_K=True, GROUP_M=8, USE_FAST_ACCUM=False, num_stages=3, num_warps=4
  triton_mm_33186 1.9323 ms 76.6% ACC_TYPE='tl.float32', ALLOW_TF32=True, BLOCK_K=64, BLOCK_M=64, BLOCK_N=128, EVEN_K=True, GROUP_M=8, USE_FAST_ACCUM=False, num_stages=3, num_warps=4
  triton_mm_33193 2.1207 ms 69.8% ACC_TYPE='tl.float32', ALLOW_TF32=True, BLOCK_K=64, BLOCK_M=128, BLOCK_N=128, EVEN_K=True, GROUP_M=8, USE_FAST_ACCUM=False, num_stages=5, num_warps=8
  triton_mm_33185 2.1238 ms 69.7% ACC_TYPE='tl.float32', ALLOW_TF32=True, BLOCK_K=32, BLOCK_M=64, BLOCK_N=128, EVEN_K=True, GROUP_M=8, USE_FAST_ACCUM=False, num_stages=4, num_warps=8
  triton_mm_33189 2.2497 ms 65.8% ACC_TYPE='tl.float32', ALLOW_TF32=True, BLOCK_K=32, BLOCK_M=128, BLOCK_N=64, EVEN_K=True, GROUP_M=8, USE_FAST_ACCUM=False, num_stages=4, num_warps=8
  triton_mm_33190 2.3255 ms 63.7% ACC_TYPE='tl.float32', ALLOW_TF32=True, BLOCK_K=32, BLOCK_M=128, BLOCK_N=128, EVEN_K=True, GROUP_M=8, USE_FAST_ACCUM=False, num_stages=2, num_warps=8
SingleProcess AUTOTUNE benchmarking takes 0.9885 seconds and 0.0002 seconds precompiling for 21 choices
E0717 10:01:02.777000 13342 sim-link-f1/deps/lerobot/.venv/lib/python3.12/site-packages/torch/_inductor/select_algorithm.py:3924] [3/1] Runtime error during autotuning: 
E0717 10:01:02.777000 13342 sim-link-f1/deps/lerobot/.venv/lib/python3.12/site-packages/torch/_inductor/select_algorithm.py:3924] [3/1] No valid triton configs. OutOfMemoryError: out of resource: triton_mm Required: 196608 Hardware limit:166912 Reducing block sizes or `num_stages` may help.. 
E0717 10:01:02.777000 13342 sim-link-f1/deps/lerobot/.venv/lib/python3.12/site-packages/torch/_inductor/select_algorithm.py:3924] [3/1] Ignoring this choice.
Autotune Choices Stats:
{"num_choices": 21, "num_triton_choices": 20, "best_kernel": "mm", "best_time": 1.4120960235595703, "best_triton_pos": 1, "best_triton_time": 1.5800319910049438, "best_triton_kernel": "triton_mm_33171", "best_triton_kernel_desc": "ACC_TYPE='tl.float32', ALLOW_TF32=True, BLOCK_K=32, BLOCK_M=128, BLOCK_N=128, EVEN_K=False, GROUP_M=8, USE_FAST_ACCUM=False, num_stages=3, num_warps=4"}
AUTOTUNE mm(2048x5808, 5808x16384)
strides: [1, 2048], [16384, 1]
dtypes: torch.bfloat16, torch.bfloat16
  mm 1.4121 ms 100.0% 
  triton_mm_33171 1.5800 ms 89.4% ACC_TYPE='tl.float32', ALLOW_TF32=True, BLOCK_K=32, BLOCK_M=128, BLOCK_N=128, EVEN_K=False, GROUP_M=8, USE_FAST_ACCUM=False, num_stages=3, num_warps=4
  triton_mm_33172 1.6650 ms 84.8% ACC_TYPE='tl.float32', ALLOW_TF32=True, BLOCK_K=64, BLOCK_M=128, BLOCK_N=128, EVEN_K=False, GROUP_M=8, USE_FAST_ACCUM=False, num_stages=3, num_warps=4
  triton_mm_33168 1.8412 ms 76.7% ACC_TYPE='tl.float32', ALLOW_TF32=True, BLOCK_K=32, BLOCK_M=128, BLOCK_N=64, EVEN_K=False, GROUP_M=8, USE_FAST_ACCUM=False, num_stages=3, num_warps=4
  triton_mm_33164 1.9108 ms 73.9% ACC_TYPE='tl.float32', ALLOW_TF32=True, BLOCK_K=32, BLOCK_M=64, BLOCK_N=128, EVEN_K=False, GROUP_M=8, USE_FAST_ACCUM=False, num_stages=3, num_warps=4
  triton_mm_33173 1.9169 ms 73.7% ACC_TYPE='tl.float32', ALLOW_TF32=True, BLOCK_K=64, BLOCK_M=128, BLOCK_N=128, EVEN_K=False, GROUP_M=8, USE_FAST_ACCUM=False, num_stages=5, num_warps=8
  triton_mm_33166 1.9835 ms 71.2% ACC_TYPE='tl.float32', ALLOW_TF32=True, BLOCK_K=64, BLOCK_M=64, BLOCK_N=128, EVEN_K=False, GROUP_M=8, USE_FAST_ACCUM=False, num_stages=3, num_warps=4
  triton_mm_33169 2.0951 ms 67.4% ACC_TYPE='tl.float32', ALLOW_TF32=True, BLOCK_K=32, BLOCK_M=128, BLOCK_N=64, EVEN_K=False, GROUP_M=8, USE_FAST_ACCUM=False, num_stages=4, num_warps=8
  triton_mm_33167 2.1832 ms 64.7% ACC_TYPE='tl.float32', ALLOW_TF32=True, BLOCK_K=128, BLOCK_M=64, BLOCK_N=128, EVEN_K=False, GROUP_M=8, USE_FAST_ACCUM=False, num_stages=4, num_warps=4
  triton_mm_33170 2.3296 ms 60.6% ACC_TYPE='tl.float32', ALLOW_TF32=True, BLOCK_K=32, BLOCK_M=128, BLOCK_N=128, EVEN_K=False, GROUP_M=8, USE_FAST_ACCUM=False, num_stages=2, num_warps=8
SingleProcess AUTOTUNE benchmarking takes 0.9911 seconds and 0.0002 seconds precompiling for 21 choices
E0717 10:01:03.764000 13342 sim-link-f1/deps/lerobot/.venv/lib/python3.12/site-packages/torch/_inductor/select_algorithm.py:3924] [3/1] Runtime error during autotuning: 
E0717 10:01:03.764000 13342 sim-link-f1/deps/lerobot/.venv/lib/python3.12/site-packages/torch/_inductor/select_algorithm.py:3924] [3/1] No valid triton configs. OutOfMemoryError: out of resource: triton_mm Required: 196608 Hardware limit:166912 Reducing block sizes or `num_stages` may help.. 
E0717 10:01:03.764000 13342 sim-link-f1/deps/lerobot/.venv/lib/python3.12/site-packages/torch/_inductor/select_algorithm.py:3924] [3/1] Ignoring this choice.
Autotune Choices Stats:
{"num_choices": 21, "num_triton_choices": 20, "best_kernel": "mm", "best_time": 1.4141440391540527, "best_triton_pos": 1, "best_triton_time": 1.5872000455856323, "best_triton_kernel": "triton_mm_33211", "best_triton_kernel_desc": "ACC_TYPE='tl.float32', ALLOW_TF32=True, BLOCK_K=32, BLOCK_M=128, BLOCK_N=128, EVEN_K=False, GROUP_M=8, USE_FAST_ACCUM=False, num_stages=3, num_warps=4"}
AUTOTUNE mm(16384x5808, 5808x2048)
strides: [1, 16384], [2048, 1]
dtypes: torch.bfloat16, torch.bfloat16
  mm 1.4141 ms 100.0% 
  triton_mm_33211 1.5872 ms 89.1% ACC_TYPE='tl.float32', ALLOW_TF32=True, BLOCK_K=32, BLOCK_M=128, BLOCK_N=128, EVEN_K=False, GROUP_M=8, USE_FAST_ACCUM=False, num_stages=3, num_warps=4
  triton_mm_33212 1.6589 ms 85.2% ACC_TYPE='tl.float32', ALLOW_TF32=True, BLOCK_K=64, BLOCK_M=128, BLOCK_N=128, EVEN_K=False, GROUP_M=8, USE_FAST_ACCUM=False, num_stages=3, num_warps=4
  triton_mm_33204 1.8616 ms 76.0% ACC_TYPE='tl.float32', ALLOW_TF32=True, BLOCK_K=32, BLOCK_M=64, BLOCK_N=128, EVEN_K=False, GROUP_M=8, USE_FAST_ACCUM=False, num_stages=3, num_warps=4
  triton_mm_33213 1.9343 ms 73.1% ACC_TYPE='tl.float32', ALLOW_TF32=True, BLOCK_K=64, BLOCK_M=128, BLOCK_N=128, EVEN_K=False, GROUP_M=8, USE_FAST_ACCUM=False, num_stages=5, num_warps=8
  triton_mm_33208 1.9712 ms 71.7% ACC_TYPE='tl.float32', ALLOW_TF32=True, BLOCK_K=32, BLOCK_M=128, BLOCK_N=64, EVEN_K=False, GROUP_M=8, USE_FAST_ACCUM=False, num_stages=3, num_warps=4
  triton_mm_33206 1.9825 ms 71.3% ACC_TYPE='tl.float32', ALLOW_TF32=True, BLOCK_K=64, BLOCK_M=64, BLOCK_N=128, EVEN_K=False, GROUP_M=8, USE_FAST_ACCUM=False, num_stages=3, num_warps=4
  triton_mm_33207 2.0726 ms 68.2% ACC_TYPE='tl.float32', ALLOW_TF32=True, BLOCK_K=128, BLOCK_M=64, BLOCK_N=128, EVEN_K=False, GROUP_M=8, USE_FAST_ACCUM=False, num_stages=4, num_warps=4
  triton_mm_33209 2.0931 ms 67.6% ACC_TYPE='tl.float32', ALLOW_TF32=True, BLOCK_K=32, BLOCK_M=128, BLOCK_N=64, EVEN_K=False, GROUP_M=8, USE_FAST_ACCUM=False, num_stages=4, num_warps=8
  triton_mm_33205 2.3132 ms 61.1% ACC_TYPE='tl.float32', ALLOW_TF32=True, BLOCK_K=32, BLOCK_M=64, BLOCK_N=128, EVEN_K=False, GROUP_M=8, USE_FAST_ACCUM=False, num_stages=4, num_warps=8
SingleProcess AUTOTUNE benchmarking takes 0.9840 seconds and 0.0002 seconds precompiling for 21 choices
E0717 10:01:04.757000 13342 sim-link-f1/deps/lerobot/.venv/lib/python3.12/site-packages/torch/_inductor/select_algorithm.py:3924] [3/1] Runtime error during autotuning: 
E0717 10:01:04.757000 13342 sim-link-f1/deps/lerobot/.venv/lib/python3.12/site-packages/torch/_inductor/select_algorithm.py:3924] [3/1] No valid triton configs. OutOfMemoryError: out of resource: triton_mm Required: 196608 Hardware limit:166912 Reducing block sizes or `num_stages` may help.. 
E0717 10:01:04.757000 13342 sim-link-f1/deps/lerobot/.venv/lib/python3.12/site-packages/torch/_inductor/select_algorithm.py:3924] [3/1] Ignoring this choice.
Autotune Choices Stats:
{"num_choices": 21, "num_triton_choices": 20, "best_kernel": "mm", "best_time": 1.4131200313568115, "best_triton_pos": 1, "best_triton_time": 1.6394239664077759, "best_triton_kernel": "triton_mm_33232", "best_triton_kernel_desc": "ACC_TYPE='tl.float32', ALLOW_TF32=True, BLOCK_K=64, BLOCK_M=128, BLOCK_N=128, EVEN_K=True, GROUP_M=8, USE_FAST_ACCUM=False, num_stages=3, num_warps=4"}
AUTOTUNE mm(5808x16384, 16384x2048)
strides: [16384, 1], [2048, 1]
dtypes: torch.bfloat16, torch.bfloat16
  mm 1.4131 ms 100.0% 
  triton_mm_33232 1.6394 ms 86.2% ACC_TYPE='tl.float32', ALLOW_TF32=True, BLOCK_K=64, BLOCK_M=128, BLOCK_N=128, EVEN_K=True, GROUP_M=8, USE_FAST_ACCUM=False, num_stages=3, num_warps=4
  triton_mm_33231 1.7080 ms 82.7% ACC_TYPE='tl.float32', ALLOW_TF32=True, BLOCK_K=32, BLOCK_M=128, BLOCK_N=128, EVEN_K=True, GROUP_M=8, USE_FAST_ACCUM=False, num_stages=3, num_warps=4
  triton_mm_33224 1.9446 ms 72.7% ACC_TYPE='tl.float32', ALLOW_TF32=True, BLOCK_K=32, BLOCK_M=64, BLOCK_N=128, EVEN_K=True, GROUP_M=8, USE_FAST_ACCUM=False, num_stages=3, num_warps=4
  triton_mm_33226 1.9548 ms 72.3% ACC_TYPE='tl.float32', ALLOW_TF32=True, BLOCK_K=64, BLOCK_M=64, BLOCK_N=128, EVEN_K=True, GROUP_M=8, USE_FAST_ACCUM=False, num_stages=3, num_warps=4
  triton_mm_33228 1.9896 ms 71.0% ACC_TYPE='tl.float32', ALLOW_TF32=True, BLOCK_K=32, BLOCK_M=128, BLOCK_N=64, EVEN_K=True, GROUP_M=8, USE_FAST_ACCUM=False, num_stages=3, num_warps=4
  triton_mm_33233 1.9917 ms 71.0% ACC_TYPE='tl.float32', ALLOW_TF32=True, BLOCK_K=64, BLOCK_M=128, BLOCK_N=128, EVEN_K=True, GROUP_M=8, USE_FAST_ACCUM=False, num_stages=5, num_warps=8
  triton_mm_33225 2.1596 ms 65.4% ACC_TYPE='tl.float32', ALLOW_TF32=True, BLOCK_K=32, BLOCK_M=64, BLOCK_N=128, EVEN_K=True, GROUP_M=8, USE_FAST_ACCUM=False, num_stages=4, num_warps=8
  triton_mm_33229 2.1903 ms 64.5% ACC_TYPE='tl.float32', ALLOW_TF32=True, BLOCK_K=32, BLOCK_M=128, BLOCK_N=64, EVEN_K=True, GROUP_M=8, USE_FAST_ACCUM=False, num_stages=4, num_warps=8
  triton_mm_33227 2.3511 ms 60.1% ACC_TYPE='tl.float32', ALLOW_TF32=True, BLOCK_K=128, BLOCK_M=64, BLOCK_N=128, EVEN_K=True, GROUP_M=8, USE_FAST_ACCUM=False, num_stages=4, num_warps=4
SingleProcess AUTOTUNE benchmarking takes 0.9888 seconds and 0.0002 seconds precompiling for 21 choices
Training:  78%|███████▊  | 3921/5000 [1:16:47<31:24:11, 104.77s/step]Training:  78%|███████▊  | 3922/5000 [1:16:50<22:10:01, 74.03s/step] Training:  78%|███████▊  | 3923/5000 [1:16:51<15:37:00, 52.20s/step]Training:  78%|███████▊  | 3924/5000 [1:16:52<11:00:24, 36.83s/step]Training:  78%|███████▊  | 3925/5000 [1:16:53<7:46:54, 26.06s/step] Training:  79%|███████▊  | 3926/5000 [1:16:54<5:31:36, 18.53s/step]Training:  79%|███████▊  | 3927/5000 [1:16:55<3:56:58, 13.25s/step]Training:  79%|███████▊  | 3928/5000 [1:16:56<2:50:49,  9.56s/step]Training:  79%|███████▊  | 3929/5000 [1:16:57<2:04:33,  6.98s/step]Training:  79%|███████▊  | 3930/5000 [1:16:58<1:32:13,  5.17s/step]INFO 2026-07-17 10:03:36 ot_train.py:677 step:4K smpl:31K ep:129 epch:1.00 loss:0.007 grdn:0.422 lr:5.0e-06 updt_s:35.582 data_s:0.133 smp/s:0 mem_gb:33.20
Training:  79%|███████▊  | 3931/5000 [1:16:58<1:09:36,  3.91s/step]Training:  79%|███████▊  | 3932/5000 [1:16:59<53:51,  3.03s/step]  Training:  79%|███████▊  | 3933/5000 [1:17:00<42:43,  2.40s/step]Training:  79%|███████▊  | 3934/5000 [1:17:01<35:03,  1.97s/step]Training:  79%|███████▊  | 3935/5000 [1:17:02<29:33,  1.67s/step]Training:  79%|███████▊  | 3936/5000 [1:17:03<25:46,  1.45s/step]Training:  79%|███████▊  | 3937/5000 [1:17:04<23:04,  1.30s/step]Training:  79%|███████▉  | 3938/5000 [1:17:05<21:17,  1.20s/step]Training:  79%|███████▉  | 3939/5000 [1:17:06<19:54,  1.13s/step]Training:  79%|███████▉  | 3940/5000 [1:17:07<19:00,  1.08s/step]INFO 2026-07-17 10:03:45 ot_train.py:677 step:4K smpl:32K ep:130 epch:1.00 loss:0.006 grdn:0.390 lr:4.9e-06 updt_s:0.953 data_s:0.005 smp/s:8 mem_gb:31.43
Training:  79%|███████▉  | 3941/5000 [1:17:08<18:20,  1.04s/step]Training:  79%|███████▉  | 3942/5000 [1:17:09<17:55,  1.02s/step]Training:  79%|███████▉  | 3943/5000 [1:17:10<17:32,  1.00step/s]Training:  79%|███████▉  | 3944/5000 [1:17:11<17:23,  1.01step/s]Training:  79%|███████▉  | 3945/5000 [1:17:12<17:10,  1.02step/s]Training:  79%|███████▉  | 3946/5000 [1:17:13<17:04,  1.03step/s]Training:  79%|███████▉  | 3947/5000 [1:17:14<16:59,  1.03step/s]Training:  79%|███████▉  | 3948/5000 [1:17:15<16:57,  1.03step/s]Training:  79%|███████▉  | 3949/5000 [1:17:16<16:51,  1.04step/s]Training:  79%|███████▉  | 3950/5000 [1:17:17<16:52,  1.04step/s]INFO 2026-07-17 10:03:55 ot_train.py:677 step:4K smpl:32K ep:130 epch:1.01 loss:0.005 grdn:0.307 lr:4.9e-06 updt_s:0.954 data_s:0.005 smp/s:8 mem_gb:31.43
Training:  79%|███████▉  | 3951/5000 [1:17:18<16:50,  1.04step/s]Training:  79%|███████▉  | 3952/5000 [1:17:19<16:48,  1.04step/s]Training:  79%|███████▉  | 3953/5000 [1:17:20<16:46,  1.04step/s]Training:  79%|███████▉  | 3954/5000 [1:17:21<16:45,  1.04step/s]Training:  79%|███████▉  | 3955/5000 [1:17:21<16:40,  1.04step/s]Training:  79%|███████▉  | 3956/5000 [1:17:22<16:44,  1.04step/s]Training:  79%|███████▉  | 3957/5000 [1:17:31<54:49,  3.15s/step]Training:  79%|███████▉  | 3958/5000 [1:17:32<43:38,  2.51s/step]Training:  79%|███████▉  | 3959/5000 [1:17:33<35:36,  2.05s/step]Training:  79%|███████▉  | 3960/5000 [1:17:34<29:57,  1.73s/step]INFO 2026-07-17 10:04:12 ot_train.py:677 step:4K smpl:32K ep:130 epch:1.01 loss:0.017 grdn:0.570 lr:4.8e-06 updt_s:1.691 data_s:0.009 smp/s:5 mem_gb:31.43
Training:  79%|███████▉  | 3961/5000 [1:17:35<25:57,  1.50s/step]Training:  79%|███████▉  | 3962/5000 [1:17:36<23:15,  1.34s/step]Training:  79%|███████▉  | 3963/5000 [1:17:37<21:15,  1.23s/step]Training:  79%|███████▉  | 3964/5000 [1:17:38<19:52,  1.15s/step]Training:  79%|███████▉  | 3965/5000 [1:17:39<18:55,  1.10s/step]Training:  79%|███████▉  | 3966/5000 [1:17:40<18:19,  1.06s/step]Training:  79%|███████▉  | 3967/5000 [1:17:40<17:48,  1.03s/step]Training:  79%|███████▉  | 3968/5000 [1:17:41<17:28,  1.02s/step]Training:  79%|███████▉  | 3969/5000 [1:17:42<17:12,  1.00s/step]Training:  79%|███████▉  | 3970/5000 [1:17:43<17:00,  1.01step/s]INFO 2026-07-17 10:04:22 ot_train.py:677 step:4K smpl:32K ep:131 epch:1.01 loss:0.006 grdn:0.355 lr:4.8e-06 updt_s:0.965 data_s:0.005 smp/s:8 mem_gb:31.43
Training:  79%|███████▉  | 3971/5000 [1:17:44<16:51,  1.02step/s]Training:  79%|███████▉  | 3972/5000 [1:17:45<16:48,  1.02step/s]Training:  79%|███████▉  | 3973/5000 [1:17:46<16:48,  1.02step/s]Training:  79%|███████▉  | 3974/5000 [1:17:47<16:49,  1.02step/s]Training:  80%|███████▉  | 3975/5000 [1:17:48<16:45,  1.02step/s]Training:  80%|███████▉  | 3976/5000 [1:17:49<16:45,  1.02step/s]Training:  80%|███████▉  | 3977/5000 [1:17:50<16:46,  1.02step/s]Training:  80%|███████▉  | 3978/5000 [1:17:51<16:42,  1.02step/s]Training:  80%|███████▉  | 3979/5000 [1:17:52<16:39,  1.02step/s]Training:  80%|███████▉  | 3980/5000 [1:17:53<16:39,  1.02step/s]INFO 2026-07-17 10:04:31 ot_train.py:677 step:4K smpl:32K ep:131 epch:1.02 loss:0.006 grdn:0.369 lr:4.8e-06 updt_s:0.974 data_s:0.005 smp/s:8 mem_gb:31.43
Training:  80%|███████▉  | 3981/5000 [1:17:54<16:38,  1.02step/s]Training:  80%|███████▉  | 3982/5000 [1:17:55<16:39,  1.02step/s]Training:  80%|███████▉  | 3983/5000 [1:17:56<16:40,  1.02step/s]Training:  80%|███████▉  | 3984/5000 [1:17:57<16:37,  1.02step/s]Training:  80%|███████▉  | 3985/5000 [1:17:58<16:34,  1.02step/s]Training:  80%|███████▉  | 3986/5000 [1:17:59<16:37,  1.02step/s]Training:  80%|███████▉  | 3987/5000 [1:18:00<16:39,  1.01step/s]Training:  80%|███████▉  | 3988/5000 [1:18:01<16:34,  1.02step/s]Training:  80%|███████▉  | 3989/5000 [1:18:02<16:31,  1.02step/s]Training:  80%|███████▉  | 3990/5000 [1:18:03<16:29,  1.02step/s]INFO 2026-07-17 10:04:41 ot_train.py:677 step:4K smpl:32K ep:131 epch:1.02 loss:0.010 grdn:0.455 lr:4.7e-06 updt_s:0.977 data_s:0.005 smp/s:8 mem_gb:31.43
Training:  80%|███████▉  | 3991/5000 [1:18:04<16:30,  1.02step/s]Training:  80%|███████▉  | 3992/5000 [1:18:05<16:32,  1.02step/s]Training:  80%|███████▉  | 3993/5000 [1:18:06<16:29,  1.02step/s]Training:  80%|███████▉  | 3994/5000 [1:18:07<16:24,  1.02step/s]Training:  80%|███████▉  | 3995/5000 [1:18:08<16:24,  1.02step/s]Training:  80%|███████▉  | 3996/5000 [1:18:09<16:20,  1.02step/s]Training:  80%|███████▉  | 3997/5000 [1:18:10<16:16,  1.03step/s]Training:  80%|███████▉  | 3998/5000 [1:18:11<16:13,  1.03step/s]Training:  80%|███████▉  | 3999/5000 [1:18:12<16:15,  1.03step/s]Training:  80%|████████  | 4000/5000 [1:18:13<16:16,  1.02step/s]INFO 2026-07-17 10:04:51 ot_train.py:677 step:4K smpl:32K ep:132 epch:1.02 loss:0.005 grdn:0.278 lr:4.7e-06 updt_s:0.972 data_s:0.005 smp/s:8 mem_gb:31.43
INFO 2026-07-17 10:04:51 ot_train.py:722 Checkpoint policy after step 4000
Training:  80%|████████  | 4001/5000 [1:18:39<2:19:55,  8.40s/step]Training:  80%|████████  | 4002/5000 [1:18:39<1:42:40,  6.17s/step]Training:  80%|████████  | 4003/5000 [1:18:40<1:16:40,  4.61s/step]Training:  80%|████████  | 4004/5000 [1:18:41<58:29,  3.52s/step]  Training:  80%|████████  | 4005/5000 [1:18:42<45:43,  2.76s/step]Training:  80%|████████  | 4006/5000 [1:18:43<36:56,  2.23s/step]Training:  80%|████████  | 4007/5000 [1:18:44<30:34,  1.85s/step]Training:  80%|████████  | 4008/5000 [1:18:45<26:08,  1.58s/step]Training:  80%|████████  | 4009/5000 [1:18:46<23:01,  1.39s/step]Training:  80%|████████  | 4010/5000 [1:18:47<20:50,  1.26s/step]INFO 2026-07-17 10:05:25 ot_train.py:677 step:4K smpl:32K ep:132 epch:1.02 loss:0.007 grdn:0.405 lr:4.6e-06 updt_s:0.966 data_s:0.005 smp/s:8 mem_gb:31.43
Training:  80%|████████  | 4011/5000 [1:18:48<19:17,  1.17s/step]Training:  80%|████████  | 4012/5000 [1:18:49<18:13,  1.11s/step]Training:  80%|████████  | 4013/5000 [1:18:50<17:26,  1.06s/step]Training:  80%|████████  | 4014/5000 [1:18:51<16:54,  1.03s/step]Training:  80%|████████  | 4015/5000 [1:18:52<16:31,  1.01s/step]Training:  80%|████████  | 4016/5000 [1:18:53<16:23,  1.00step/s]Training:  80%|████████  | 4017/5000 [1:18:54<16:12,  1.01step/s]Training:  80%|████████  | 4018/5000 [1:18:55<16:08,  1.01step/s]Training:  80%|████████  | 4019/5000 [1:18:56<16:04,  1.02step/s]Training:  80%|████████  | 4020/5000 [1:18:57<16:03,  1.02step/s]INFO 2026-07-17 10:05:35 ot_train.py:677 step:4K smpl:32K ep:132 epch:1.03 loss:0.007 grdn:0.374 lr:4.6e-06 updt_s:0.961 data_s:0.005 smp/s:8 mem_gb:31.43
Training:  80%|████████  | 4021/5000 [1:18:58<16:00,  1.02step/s]Training:  80%|████████  | 4022/5000 [1:18:59<16:05,  1.01step/s]Training:  80%|████████  | 4023/5000 [1:19:00<16:02,  1.02step/s]Training:  80%|████████  | 4024/5000 [1:19:01<16:05,  1.01step/s]Training:  80%|████████  | 4025/5000 [1:19:02<15:58,  1.02step/s]Training:  81%|████████  | 4026/5000 [1:19:03<15:56,  1.02step/s]Training:  81%|████████  | 4027/5000 [1:19:04<15:50,  1.02step/s]Training:  81%|████████  | 4028/5000 [1:19:05<15:50,  1.02step/s]Training:  81%|████████  | 4029/5000 [1:19:06<15:47,  1.03step/s]Training:  81%|████████  | 4030/5000 [1:19:07<15:47,  1.02step/s]INFO 2026-07-17 10:05:45 ot_train.py:677 step:4K smpl:32K ep:133 epch:1.03 loss:0.005 grdn:0.337 lr:4.5e-06 updt_s:0.975 data_s:0.004 smp/s:8 mem_gb:31.43
Training:  81%|████████  | 4031/5000 [1:19:08<15:47,  1.02step/s]Training:  81%|████████  | 4032/5000 [1:19:09<15:50,  1.02step/s]Training:  81%|████████  | 4033/5000 [1:19:10<15:46,  1.02step/s]Training:  81%|████████  | 4034/5000 [1:19:11<15:45,  1.02step/s]Training:  81%|████████  | 4035/5000 [1:19:12<15:40,  1.03step/s]Training:  81%|████████  | 4036/5000 [1:19:13<15:40,  1.03step/s]Training:  81%|████████  | 4037/5000 [1:19:14<15:38,  1.03step/s]Training:  81%|████████  | 4038/5000 [1:19:15<15:39,  1.02step/s]Training:  81%|████████  | 4039/5000 [1:19:15<15:39,  1.02step/s]Training:  81%|████████  | 4040/5000 [1:19:16<15:38,  1.02step/s]INFO 2026-07-17 10:05:55 ot_train.py:677 step:4K smpl:32K ep:133 epch:1.03 loss:0.005 grdn:0.321 lr:4.5e-06 updt_s:0.972 data_s:0.005 smp/s:8 mem_gb:31.43
Training:  81%|████████  | 4041/5000 [1:19:17<15:35,  1.03step/s]Training:  81%|████████  | 4042/5000 [1:19:18<15:36,  1.02step/s]Training:  81%|████████  | 4043/5000 [1:19:19<15:34,  1.02step/s]Training:  81%|████████  | 4044/5000 [1:19:20<15:34,  1.02step/s]Training:  81%|████████  | 4045/5000 [1:19:21<15:31,  1.03step/s]Training:  81%|████████  | 4046/5000 [1:19:22<15:34,  1.02step/s]Training:  81%|████████  | 4047/5000 [1:19:23<15:34,  1.02step/s]Training:  81%|████████  | 4048/5000 [1:19:24<15:33,  1.02step/s]Training:  81%|████████  | 4049/5000 [1:19:25<15:31,  1.02step/s]Training:  81%|████████  | 4050/5000 [1:19:26<15:30,  1.02step/s]INFO 2026-07-17 10:06:04 ot_train.py:677 step:4K smpl:32K ep:133 epch:1.03 loss:0.013 grdn:0.495 lr:4.5e-06 updt_s:0.974 data_s:0.005 smp/s:8 mem_gb:31.43
Training:  81%|████████  | 4051/5000 [1:19:27<15:27,  1.02step/s]Training:  81%|████████  | 4052/5000 [1:19:28<15:26,  1.02step/s]Training:  81%|████████  | 4053/5000 [1:19:29<15:26,  1.02step/s]Training:  81%|████████  | 4054/5000 [1:19:34<35:46,  2.27s/step]Training:  81%|████████  | 4055/5000 [1:19:35<29:34,  1.88s/step]Training:  81%|████████  | 4056/5000 [1:19:36<25:16,  1.61s/step]Training:  81%|████████  | 4057/5000 [1:19:37<22:13,  1.41s/step]Training:  81%|████████  | 4058/5000 [1:19:38<20:10,  1.28s/step]Training:  81%|████████  | 4059/5000 [1:19:39<18:41,  1.19s/step]Training:  81%|████████  | 4060/5000 [1:19:40<17:38,  1.13s/step]INFO 2026-07-17 10:06:18 ot_train.py:677 step:4K smpl:32K ep:134 epch:1.04 loss:0.006 grdn:0.403 lr:4.4e-06 updt_s:1.399 data_s:0.005 smp/s:6 mem_gb:31.43
Training:  81%|████████  | 4061/5000 [1:19:41<16:54,  1.08s/step]Training:  81%|████████  | 4062/5000 [1:19:42<16:23,  1.05s/step]Training:  81%|████████▏ | 4063/5000 [1:19:43<15:59,  1.02s/step]Training:  81%|████████▏ | 4064/5000 [1:19:44<15:44,  1.01s/step]Training:  81%|████████▏ | 4065/5000 [1:19:45<15:31,  1.00step/s]Training:  81%|████████▏ | 4066/5000 [1:19:46<15:27,  1.01step/s]Training:  81%|████████▏ | 4067/5000 [1:19:47<15:23,  1.01step/s]Training:  81%|████████▏ | 4068/5000 [1:19:48<15:20,  1.01step/s]Training:  81%|████████▏ | 4069/5000 [1:19:49<15:14,  1.02step/s]Training:  81%|████████▏ | 4070/5000 [1:19:50<15:17,  1.01step/s]INFO 2026-07-17 10:06:28 ot_train.py:677 step:4K smpl:33K ep:134 epch:1.04 loss:0.011 grdn:0.485 lr:4.4e-06 updt_s:0.972 data_s:0.005 smp/s:8 mem_gb:31.43
Training:  81%|████████▏ | 4071/5000 [1:19:51<15:12,  1.02step/s]Training:  81%|████████▏ | 4072/5000 [1:19:52<15:10,  1.02step/s]Training:  81%|████████▏ | 4073/5000 [1:19:53<15:09,  1.02step/s]Training:  81%|████████▏ | 4074/5000 [1:19:54<15:08,  1.02step/s]Training:  82%|████████▏ | 4075/5000 [1:19:55<15:08,  1.02step/s]Training:  82%|████████▏ | 4076/5000 [1:19:56<15:08,  1.02step/s]Training:  82%|████████▏ | 4077/5000 [1:19:57<15:05,  1.02step/s]Training:  82%|████████▏ | 4078/5000 [1:19:58<15:06,  1.02step/s]Training:  82%|████████▏ | 4079/5000 [1:19:59<15:03,  1.02step/s]Training:  82%|████████▏ | 4080/5000 [1:20:00<15:01,  1.02step/s]INFO 2026-07-17 10:06:38 ot_train.py:677 step:4K smpl:33K ep:134 epch:1.04 loss:0.007 grdn:0.402 lr:4.3e-06 updt_s:0.975 data_s:0.005 smp/s:8 mem_gb:31.43
Training:  82%|████████▏ | 4081/5000 [1:20:01<14:58,  1.02step/s]Training:  82%|████████▏ | 4082/5000 [1:20:02<14:58,  1.02step/s]Training:  82%|████████▏ | 4083/5000 [1:20:03<14:57,  1.02step/s]Training:  82%|████████▏ | 4084/5000 [1:20:04<14:57,  1.02step/s]Training:  82%|████████▏ | 4085/5000 [1:20:05<14:54,  1.02step/s]Training:  82%|████████▏ | 4086/5000 [1:20:06<14:56,  1.02step/s]Training:  82%|████████▏ | 4087/5000 [1:20:07<14:54,  1.02step/s]Training:  82%|████████▏ | 4088/5000 [1:20:08<14:54,  1.02step/s]Training:  82%|████████▏ | 4089/5000 [1:20:09<14:51,  1.02step/s]Training:  82%|████████▏ | 4090/5000 [1:20:10<14:50,  1.02step/s]INFO 2026-07-17 10:06:48 ot_train.py:677 step:4K smpl:33K ep:135 epch:1.04 loss:0.007 grdn:0.424 lr:4.3e-06 updt_s:0.974 data_s:0.005 smp/s:8 mem_gb:31.43
Training:  82%|████████▏ | 4091/5000 [1:20:11<14:50,  1.02step/s]Training:  82%|████████▏ | 4092/5000 [1:20:12<14:53,  1.02step/s]Training:  82%|████████▏ | 4093/5000 [1:20:13<14:48,  1.02step/s]Training:  82%|████████▏ | 4094/5000 [1:20:14<14:49,  1.02step/s]Training:  82%|████████▏ | 4095/5000 [1:20:15<14:46,  1.02step/s]Training:  82%|████████▏ | 4096/5000 [1:20:16<14:46,  1.02step/s]Training:  82%|████████▏ | 4097/5000 [1:20:17<14:42,  1.02step/s]Training:  82%|████████▏ | 4098/5000 [1:20:18<14:42,  1.02step/s]Training:  82%|████████▏ | 4099/5000 [1:20:18<14:41,  1.02step/s]Training:  82%|████████▏ | 4100/5000 [1:20:19<14:41,  1.02step/s]INFO 2026-07-17 10:06:58 ot_train.py:677 step:4K smpl:33K ep:135 epch:1.05 loss:0.009 grdn:0.380 lr:4.3e-06 updt_s:0.974 data_s:0.005 smp/s:8 mem_gb:31.43
Training:  82%|████████▏ | 4101/5000 [1:20:20<14:37,  1.02step/s]Training:  82%|████████▏ | 4102/5000 [1:20:21<14:37,  1.02step/s]Training:  82%|████████▏ | 4103/5000 [1:20:22<14:36,  1.02step/s]Training:  82%|████████▏ | 4104/5000 [1:20:23<14:35,  1.02step/s]Training:  82%|████████▏ | 4105/5000 [1:20:24<14:33,  1.03step/s]Training:  82%|████████▏ | 4106/5000 [1:20:25<14:33,  1.02step/s]Training:  82%|████████▏ | 4107/5000 [1:20:26<14:33,  1.02step/s]Training:  82%|████████▏ | 4108/5000 [1:20:27<14:35,  1.02step/s]Training:  82%|████████▏ | 4109/5000 [1:20:28<14:35,  1.02step/s]Training:  82%|████████▏ | 4110/5000 [1:20:29<14:34,  1.02step/s]INFO 2026-07-17 10:07:07 ot_train.py:677 step:4K smpl:33K ep:135 epch:1.05 loss:0.007 grdn:0.358 lr:4.2e-06 updt_s:0.974 data_s:0.005 smp/s:8 mem_gb:31.43
Training:  82%|████████▏ | 4111/5000 [1:20:30<14:31,  1.02step/s]Training:  82%|████████▏ | 4112/5000 [1:20:31<14:30,  1.02step/s]Training:  82%|████████▏ | 4113/5000 [1:20:32<14:26,  1.02step/s]Training:  82%|████████▏ | 4114/5000 [1:20:33<14:26,  1.02step/s]Training:  82%|████████▏ | 4115/5000 [1:20:34<14:21,  1.03step/s]Training:  82%|████████▏ | 4116/5000 [1:20:35<14:16,  1.03step/s]Training:  82%|████████▏ | 4117/5000 [1:20:36<14:14,  1.03step/s]Training:  82%|████████▏ | 4118/5000 [1:20:37<14:10,  1.04step/s]Training:  82%|████████▏ | 4119/5000 [1:20:38<14:07,  1.04step/s]Training:  82%|████████▏ | 4120/5000 [1:20:39<14:03,  1.04step/s]INFO 2026-07-17 10:07:17 ot_train.py:677 step:4K smpl:33K ep:136 epch:1.05 loss:0.008 grdn:0.369 lr:4.2e-06 updt_s:0.960 data_s:0.005 smp/s:8 mem_gb:31.43
Training:  82%|████████▏ | 4121/5000 [1:20:40<14:04,  1.04step/s]Training:  82%|████████▏ | 4122/5000 [1:20:41<14:02,  1.04step/s]Training:  82%|████████▏ | 4123/5000 [1:20:42<14:03,  1.04step/s]Training:  82%|████████▏ | 4124/5000 [1:20:43<14:06,  1.04step/s]Training:  82%|████████▎ | 4125/5000 [1:20:44<14:09,  1.03step/s]Training:  83%|████████▎ | 4126/5000 [1:20:45<14:09,  1.03step/s]Training:  83%|████████▎ | 4127/5000 [1:20:46<14:10,  1.03step/s]Training:  83%|████████▎ | 4128/5000 [1:20:47<14:09,  1.03step/s]Training:  83%|████████▎ | 4129/5000 [1:20:48<14:14,  1.02step/s]Training:  83%|████████▎ | 4130/5000 [1:20:49<14:15,  1.02step/s]INFO 2026-07-17 10:07:27 ot_train.py:677 step:4K smpl:33K ep:136 epch:1.05 loss:0.006 grdn:0.366 lr:4.2e-06 updt_s:0.971 data_s:0.005 smp/s:8 mem_gb:31.43
Training:  83%|████████▎ | 4131/5000 [1:20:50<14:13,  1.02step/s]Training:  83%|████████▎ | 4132/5000 [1:20:51<14:08,  1.02step/s]Training:  83%|████████▎ | 4133/5000 [1:20:52<14:11,  1.02step/s]Training:  83%|████████▎ | 4134/5000 [1:20:53<14:07,  1.02step/s]Training:  83%|████████▎ | 4135/5000 [1:20:54<14:06,  1.02step/s]Training:  83%|████████▎ | 4136/5000 [1:20:55<14:03,  1.02step/s]Training:  83%|████████▎ | 4137/5000 [1:20:56<14:02,  1.02step/s]Training:  83%|████████▎ | 4138/5000 [1:20:56<14:02,  1.02step/s]Training:  83%|████████▎ | 4139/5000 [1:20:57<14:03,  1.02step/s]Training:  83%|████████▎ | 4140/5000 [1:20:58<14:02,  1.02step/s]INFO 2026-07-17 10:07:37 ot_train.py:677 step:4K smpl:33K ep:136 epch:1.06 loss:0.011 grdn:0.458 lr:4.1e-06 updt_s:0.972 data_s:0.005 smp/s:8 mem_gb:31.43
Training:  83%|████████▎ | 4141/5000 [1:20:59<13:59,  1.02step/s]Training:  83%|████████▎ | 4142/5000 [1:21:00<13:58,  1.02step/s]Training:  83%|████████▎ | 4143/5000 [1:21:01<13:56,  1.02step/s]Training:  83%|████████▎ | 4144/5000 [1:21:02<13:55,  1.02step/s]Training:  83%|████████▎ | 4145/5000 [1:21:03<13:54,  1.03step/s]Training:  83%|████████▎ | 4146/5000 [1:21:04<13:55,  1.02step/s]Training:  83%|████████▎ | 4147/5000 [1:21:05<13:54,  1.02step/s]Training:  83%|████████▎ | 4148/5000 [1:21:06<13:52,  1.02step/s]Training:  83%|████████▎ | 4149/5000 [1:21:10<24:04,  1.70s/step]Training:  83%|████████▎ | 4150/5000 [1:21:11<21:00,  1.48s/step]INFO 2026-07-17 10:07:49 ot_train.py:677 step:4K smpl:33K ep:137 epch:1.06 loss:0.006 grdn:0.327 lr:4.1e-06 updt_s:1.212 data_s:0.005 smp/s:7 mem_gb:31.43
Training:  83%|████████▎ | 4151/5000 [1:21:12<18:47,  1.33s/step]Training:  83%|████████▎ | 4152/5000 [1:21:13<17:15,  1.22s/step]Training:  83%|████████▎ | 4153/5000 [1:21:14<16:10,  1.15s/step]Training:  83%|████████▎ | 4154/5000 [1:21:15<15:28,  1.10s/step]Training:  83%|████████▎ | 4155/5000 [1:21:15<14:56,  1.06s/step]Training:  83%|████████▎ | 4156/5000 [1:21:16<14:34,  1.04s/step]Training:  83%|████████▎ | 4157/5000 [1:21:17<14:22,  1.02s/step]Training:  83%|████████▎ | 4158/5000 [1:21:18<14:09,  1.01s/step]Training:  83%|████████▎ | 4159/5000 [1:21:19<13:59,  1.00step/s]Training:  83%|████████▎ | 4160/5000 [1:21:20<13:54,  1.01step/s]INFO 2026-07-17 10:07:59 ot_train.py:677 step:4K smpl:33K ep:137 epch:1.06 loss:0.008 grdn:0.427 lr:4.0e-06 updt_s:0.972 data_s:0.005 smp/s:8 mem_gb:31.43
Training:  83%|████████▎ | 4161/5000 [1:21:21<13:52,  1.01step/s]Training:  83%|████████▎ | 4162/5000 [1:21:22<13:47,  1.01step/s]Training:  83%|████████▎ | 4163/5000 [1:21:23<13:42,  1.02step/s]Training:  83%|████████▎ | 4164/5000 [1:21:24<13:42,  1.02step/s]Training:  83%|████████▎ | 4165/5000 [1:21:25<13:37,  1.02step/s]Training:  83%|████████▎ | 4166/5000 [1:21:26<13:36,  1.02step/s]Training:  83%|████████▎ | 4167/5000 [1:21:27<13:34,  1.02step/s]Training:  83%|████████▎ | 4168/5000 [1:21:28<13:36,  1.02step/s]Training:  83%|████████▎ | 4169/5000 [1:21:29<13:31,  1.02step/s]Training:  83%|████████▎ | 4170/5000 [1:21:30<13:32,  1.02step/s]INFO 2026-07-17 10:08:08 ot_train.py:677 step:4K smpl:33K ep:137 epch:1.06 loss:0.007 grdn:0.421 lr:4.0e-06 updt_s:0.973 data_s:0.005 smp/s:8 mem_gb:31.43
Training:  83%|████████▎ | 4171/5000 [1:21:31<13:29,  1.02step/s]Training:  83%|████████▎ | 4172/5000 [1:21:32<13:29,  1.02step/s]Training:  83%|████████▎ | 4173/5000 [1:21:33<13:26,  1.03step/s]Training:  83%|████████▎ | 4174/5000 [1:21:34<13:28,  1.02step/s]Training:  84%|████████▎ | 4175/5000 [1:21:35<13:26,  1.02step/s]Training:  84%|████████▎ | 4176/5000 [1:21:36<13:25,  1.02step/s]Training:  84%|████████▎ | 4177/5000 [1:21:37<13:25,  1.02step/s]Training:  84%|████████▎ | 4178/5000 [1:21:38<13:23,  1.02step/s]Training:  84%|████████▎ | 4179/5000 [1:21:39<13:20,  1.03step/s]Training:  84%|████████▎ | 4180/5000 [1:21:40<13:20,  1.02step/s]INFO 2026-07-17 10:08:18 ot_train.py:677 step:4K smpl:33K ep:138 epch:1.07 loss:0.008 grdn:0.416 lr:4.0e-06 updt_s:0.971 data_s:0.005 smp/s:8 mem_gb:31.43
Training:  84%|████████▎ | 4181/5000 [1:21:41<13:20,  1.02step/s]Training:  84%|████████▎ | 4182/5000 [1:21:42<13:24,  1.02step/s]Training:  84%|████████▎ | 4183/5000 [1:21:43<13:20,  1.02step/s]Training:  84%|████████▎ | 4184/5000 [1:21:44<13:19,  1.02step/s]Training:  84%|████████▎ | 4185/5000 [1:21:45<13:17,  1.02step/s]Training:  84%|████████▎ | 4186/5000 [1:21:46<13:16,  1.02step/s]Training:  84%|████████▎ | 4187/5000 [1:21:47<13:14,  1.02step/s]Training:  84%|████████▍ | 4188/5000 [1:21:48<13:14,  1.02step/s]Training:  84%|████████▍ | 4189/5000 [1:21:49<13:12,  1.02step/s]Training:  84%|████████▍ | 4190/5000 [1:21:50<13:13,  1.02step/s]INFO 2026-07-17 10:08:28 ot_train.py:677 step:4K smpl:34K ep:138 epch:1.07 loss:0.007 grdn:0.366 lr:3.9e-06 updt_s:0.974 data_s:0.005 smp/s:8 mem_gb:31.43
Training:  84%|████████▍ | 4191/5000 [1:21:51<13:14,  1.02step/s]Training:  84%|████████▍ | 4192/5000 [1:21:52<13:15,  1.02step/s]Training:  84%|████████▍ | 4193/5000 [1:21:53<13:13,  1.02step/s]Training:  84%|████████▍ | 4194/5000 [1:21:54<13:10,  1.02step/s]Training:  84%|████████▍ | 4195/5000 [1:21:55<13:11,  1.02step/s]Training:  84%|████████▍ | 4196/5000 [1:21:56<13:09,  1.02step/s]Training:  84%|████████▍ | 4197/5000 [1:21:57<13:07,  1.02step/s]Training:  84%|████████▍ | 4198/5000 [1:21:58<13:05,  1.02step/s]Training:  84%|████████▍ | 4199/5000 [1:21:59<13:05,  1.02step/s]Training:  84%|████████▍ | 4200/5000 [1:22:00<13:04,  1.02step/s]INFO 2026-07-17 10:08:38 ot_train.py:677 step:4K smpl:34K ep:138 epch:1.07 loss:0.009 grdn:0.349 lr:3.9e-06 updt_s:0.976 data_s:0.005 smp/s:8 mem_gb:31.43
Training:  84%|████████▍ | 4201/5000 [1:22:01<13:05,  1.02step/s]Training:  84%|████████▍ | 4202/5000 [1:22:02<13:04,  1.02step/s]Training:  84%|████████▍ | 4203/5000 [1:22:02<13:01,  1.02step/s]Training:  84%|████████▍ | 4204/5000 [1:22:03<12:59,  1.02step/s]Training:  84%|████████▍ | 4205/5000 [1:22:04<12:57,  1.02step/s]Training:  84%|████████▍ | 4206/5000 [1:22:05<12:55,  1.02step/s]Training:  84%|████████▍ | 4207/5000 [1:22:06<12:54,  1.02step/s]Training:  84%|████████▍ | 4208/5000 [1:22:07<12:52,  1.02step/s]Training:  84%|████████▍ | 4209/5000 [1:22:08<12:53,  1.02step/s]Training:  84%|████████▍ | 4210/5000 [1:22:09<12:54,  1.02step/s]INFO 2026-07-17 10:08:48 ot_train.py:677 step:4K smpl:34K ep:139 epch:1.07 loss:0.007 grdn:0.348 lr:3.9e-06 updt_s:0.974 data_s:0.005 smp/s:8 mem_gb:31.43
Training:  84%|████████▍ | 4211/5000 [1:22:10<12:52,  1.02step/s]Training:  84%|████████▍ | 4212/5000 [1:22:11<12:51,  1.02step/s]Training:  84%|████████▍ | 4213/5000 [1:22:12<12:50,  1.02step/s]Training:  84%|████████▍ | 4214/5000 [1:22:13<12:48,  1.02step/s]Training:  84%|████████▍ | 4215/5000 [1:22:14<12:46,  1.02step/s]Training:  84%|████████▍ | 4216/5000 [1:22:15<12:46,  1.02step/s]Training:  84%|████████▍ | 4217/5000 [1:22:16<12:44,  1.02step/s]Training:  84%|████████▍ | 4218/5000 [1:22:17<12:45,  1.02step/s]Training:  84%|████████▍ | 4219/5000 [1:22:18<12:43,  1.02step/s]Training:  84%|████████▍ | 4220/5000 [1:22:19<12:41,  1.02step/s]INFO 2026-07-17 10:08:57 ot_train.py:677 step:4K smpl:34K ep:139 epch:1.08 loss:0.005 grdn:0.346 lr:3.8e-06 updt_s:0.971 data_s:0.005 smp/s:8 mem_gb:31.43
Training:  84%|████████▍ | 4221/5000 [1:22:20<12:42,  1.02step/s]Training:  84%|████████▍ | 4222/5000 [1:22:21<12:41,  1.02step/s]Training:  84%|████████▍ | 4223/5000 [1:22:22<12:38,  1.02step/s]Training:  84%|████████▍ | 4224/5000 [1:22:23<12:37,  1.02step/s]Training:  84%|████████▍ | 4225/5000 [1:22:24<12:38,  1.02step/s]Training:  85%|████████▍ | 4226/5000 [1:22:25<12:38,  1.02step/s]Training:  85%|████████▍ | 4227/5000 [1:22:26<12:37,  1.02step/s]Training:  85%|████████▍ | 4228/5000 [1:22:27<12:35,  1.02step/s]Training:  85%|████████▍ | 4229/5000 [1:22:28<12:34,  1.02step/s]Training:  85%|████████▍ | 4230/5000 [1:22:29<12:33,  1.02step/s]INFO 2026-07-17 10:09:07 ot_train.py:677 step:4K smpl:34K ep:139 epch:1.08 loss:0.010 grdn:0.425 lr:3.8e-06 updt_s:0.973 data_s:0.005 smp/s:8 mem_gb:31.43
Training:  85%|████████▍ | 4231/5000 [1:22:30<12:31,  1.02step/s]Training:  85%|████████▍ | 4232/5000 [1:22:31<12:30,  1.02step/s]Training:  85%|████████▍ | 4233/5000 [1:22:32<12:32,  1.02step/s]Training:  85%|████████▍ | 4234/5000 [1:22:33<12:30,  1.02step/s]Training:  85%|████████▍ | 4235/5000 [1:22:34<12:29,  1.02step/s]Training:  85%|████████▍ | 4236/5000 [1:22:35<12:30,  1.02step/s]Training:  85%|████████▍ | 4237/5000 [1:22:36<12:28,  1.02step/s]Training:  85%|████████▍ | 4238/5000 [1:22:37<12:26,  1.02step/s]Training:  85%|████████▍ | 4239/5000 [1:22:38<12:24,  1.02step/s]Training:  85%|████████▍ | 4240/5000 [1:22:39<12:25,  1.02step/s]INFO 2026-07-17 10:09:17 ot_train.py:677 step:4K smpl:34K ep:140 epch:1.08 loss:0.008 grdn:0.395 lr:3.8e-06 updt_s:0.975 data_s:0.005 smp/s:8 mem_gb:31.43
Training:  85%|████████▍ | 4241/5000 [1:22:40<12:25,  1.02step/s]Training:  85%|████████▍ | 4242/5000 [1:22:41<12:23,  1.02step/s]Training:  85%|████████▍ | 4243/5000 [1:22:42<12:21,  1.02step/s]Training:  85%|████████▍ | 4244/5000 [1:22:43<12:18,  1.02step/s]Training:  85%|████████▍ | 4245/5000 [1:22:44<12:17,  1.02step/s]Training:  85%|████████▍ | 4246/5000 [1:22:45<12:15,  1.03step/s]Training:  85%|████████▍ | 4247/5000 [1:22:46<12:13,  1.03step/s]Training:  85%|████████▍ | 4248/5000 [1:22:47<12:15,  1.02step/s]Training:  85%|████████▍ | 4249/5000 [1:22:48<12:17,  1.02step/s]Training:  85%|████████▌ | 4250/5000 [1:22:48<12:16,  1.02step/s]INFO 2026-07-17 10:09:27 ot_train.py:677 step:4K smpl:34K ep:140 epch:1.08 loss:0.010 grdn:0.455 lr:3.7e-06 updt_s:0.974 data_s:0.005 smp/s:8 mem_gb:31.43
Training:  85%|████████▌ | 4251/5000 [1:22:49<12:14,  1.02step/s]Training:  85%|████████▌ | 4252/5000 [1:22:50<12:14,  1.02step/s]Training:  85%|████████▌ | 4253/5000 [1:22:56<29:27,  2.37s/step]Training:  85%|████████▌ | 4254/5000 [1:22:57<24:14,  1.95s/step]Training:  85%|████████▌ | 4255/5000 [1:22:58<20:34,  1.66s/step]Training:  85%|████████▌ | 4256/5000 [1:22:59<18:01,  1.45s/step]Training:  85%|████████▌ | 4257/5000 [1:23:00<16:13,  1.31s/step]Training:  85%|████████▌ | 4258/5000 [1:23:01<14:58,  1.21s/step]Training:  85%|████████▌ | 4259/5000 [1:23:02<14:07,  1.14s/step]Training:  85%|████████▌ | 4260/5000 [1:23:03<13:30,  1.10s/step]INFO 2026-07-17 10:09:41 ot_train.py:677 step:4K smpl:34K ep:140 epch:1.09 loss:0.004 grdn:0.277 lr:3.7e-06 updt_s:1.435 data_s:0.005 smp/s:6 mem_gb:31.43
Training:  85%|████████▌ | 4261/5000 [1:23:04<13:04,  1.06s/step]Training:  85%|████████▌ | 4262/5000 [1:23:05<12:44,  1.04s/step]Training:  85%|████████▌ | 4263/5000 [1:23:06<12:32,  1.02s/step]Training:  85%|████████▌ | 4264/5000 [1:23:07<12:22,  1.01s/step]Training:  85%|████████▌ | 4265/5000 [1:23:08<12:15,  1.00s/step]Training:  85%|████████▌ | 4266/5000 [1:23:09<12:08,  1.01step/s]Training:  85%|████████▌ | 4267/5000 [1:23:10<12:03,  1.01step/s]Training:  85%|████████▌ | 4268/5000 [1:23:11<12:02,  1.01step/s]Training:  85%|████████▌ | 4269/5000 [1:23:12<12:01,  1.01step/s]Training:  85%|████████▌ | 4270/5000 [1:23:13<11:57,  1.02step/s]INFO 2026-07-17 10:09:51 ot_train.py:677 step:4K smpl:34K ep:140 epch:1.09 loss:0.007 grdn:0.384 lr:3.7e-06 updt_s:0.975 data_s:0.005 smp/s:8 mem_gb:31.43
Training:  85%|████████▌ | 4271/5000 [1:23:14<11:55,  1.02step/s]Training:  85%|████████▌ | 4272/5000 [1:23:15<11:54,  1.02step/s]Training:  85%|████████▌ | 4273/5000 [1:23:16<11:51,  1.02step/s]Training:  85%|████████▌ | 4274/5000 [1:23:17<11:51,  1.02step/s]Training:  86%|████████▌ | 4275/5000 [1:23:18<11:49,  1.02step/s]Training:  86%|████████▌ | 4276/5000 [1:23:19<11:49,  1.02step/s]Training:  86%|████████▌ | 4277/5000 [1:23:20<11:49,  1.02step/s]Training:  86%|████████▌ | 4278/5000 [1:23:21<11:48,  1.02step/s]Training:  86%|████████▌ | 4279/5000 [1:23:22<11:47,  1.02step/s]Training:  86%|████████▌ | 4280/5000 [1:23:23<11:45,  1.02step/s]INFO 2026-07-17 10:10:01 ot_train.py:677 step:4K smpl:34K ep:141 epch:1.09 loss:0.007 grdn:0.332 lr:3.6e-06 updt_s:0.974 data_s:0.005 smp/s:8 mem_gb:31.43
Training:  86%|████████▌ | 4281/5000 [1:23:23<11:43,  1.02step/s]Training:  86%|████████▌ | 4282/5000 [1:23:24<11:41,  1.02step/s]Training:  86%|████████▌ | 4283/5000 [1:23:25<11:40,  1.02step/s]Training:  86%|████████▌ | 4284/5000 [1:23:26<11:42,  1.02step/s]Training:  86%|████████▌ | 4285/5000 [1:23:27<11:40,  1.02step/s]Training:  86%|████████▌ | 4286/5000 [1:23:28<11:39,  1.02step/s]Training:  86%|████████▌ | 4287/5000 [1:23:29<11:40,  1.02step/s]Training:  86%|████████▌ | 4288/5000 [1:23:30<11:38,  1.02step/s]Training:  86%|████████▌ | 4289/5000 [1:23:31<11:36,  1.02step/s]Training:  86%|████████▌ | 4290/5000 [1:23:32<11:34,  1.02step/s]INFO 2026-07-17 10:10:10 ot_train.py:677 step:4K smpl:34K ep:141 epch:1.09 loss:0.010 grdn:0.472 lr:3.6e-06 updt_s:0.974 data_s:0.005 smp/s:8 mem_gb:31.43
Training:  86%|████████▌ | 4291/5000 [1:23:33<11:35,  1.02step/s]Training:  86%|████████▌ | 4292/5000 [1:23:34<11:34,  1.02step/s]Training:  86%|████████▌ | 4293/5000 [1:23:35<11:32,  1.02step/s]Training:  86%|████████▌ | 4294/5000 [1:23:36<11:30,  1.02step/s]Training:  86%|████████▌ | 4295/5000 [1:23:37<11:30,  1.02step/s]Training:  86%|████████▌ | 4296/5000 [1:23:38<11:28,  1.02step/s]Training:  86%|████████▌ | 4297/5000 [1:23:39<11:27,  1.02step/s]Training:  86%|████████▌ | 4298/5000 [1:23:40<11:25,  1.02step/s]Training:  86%|████████▌ | 4299/5000 [1:23:41<11:23,  1.02step/s]Training:  86%|████████▌ | 4300/5000 [1:23:42<11:25,  1.02step/s]INFO 2026-07-17 10:10:20 ot_train.py:677 step:4K smpl:34K ep:141 epch:1.10 loss:0.008 grdn:0.393 lr:3.6e-06 updt_s:0.973 data_s:0.005 smp/s:8 mem_gb:31.43
Training:  86%|████████▌ | 4301/5000 [1:23:43<11:26,  1.02step/s]Training:  86%|████████▌ | 4302/5000 [1:23:44<11:23,  1.02step/s]Training:  86%|████████▌ | 4303/5000 [1:23:45<11:21,  1.02step/s]Training:  86%|████████▌ | 4304/5000 [1:23:46<11:22,  1.02step/s]Training:  86%|████████▌ | 4305/5000 [1:23:47<11:20,  1.02step/s]Training:  86%|████████▌ | 4306/5000 [1:23:48<11:19,  1.02step/s]Training:  86%|████████▌ | 4307/5000 [1:23:49<11:17,  1.02step/s]Training:  86%|████████▌ | 4308/5000 [1:23:50<11:16,  1.02step/s]Training:  86%|████████▌ | 4309/5000 [1:23:51<11:15,  1.02step/s]Training:  86%|████████▌ | 4310/5000 [1:23:52<11:17,  1.02step/s]INFO 2026-07-17 10:10:30 ot_train.py:677 step:4K smpl:34K ep:142 epch:1.10 loss:0.006 grdn:0.371 lr:3.6e-06 updt_s:0.974 data_s:0.005 smp/s:8 mem_gb:31.43
Training:  86%|████████▌ | 4311/5000 [1:23:53<11:15,  1.02step/s]Training:  86%|████████▌ | 4312/5000 [1:23:54<11:12,  1.02step/s]Training:  86%|████████▋ | 4313/5000 [1:23:55<11:11,  1.02step/s]Training:  86%|████████▋ | 4314/5000 [1:23:56<11:09,  1.02step/s]Training:  86%|████████▋ | 4315/5000 [1:23:57<11:07,  1.03step/s]Training:  86%|████████▋ | 4316/5000 [1:23:58<11:06,  1.03step/s]Training:  86%|████████▋ | 4317/5000 [1:23:59<11:04,  1.03step/s]Training:  86%|████████▋ | 4318/5000 [1:24:00<11:03,  1.03step/s]Training:  86%|████████▋ | 4319/5000 [1:24:01<11:04,  1.02step/s]Training:  86%|████████▋ | 4320/5000 [1:24:02<11:03,  1.03step/s]INFO 2026-07-17 10:10:40 ot_train.py:677 step:4K smpl:35K ep:142 epch:1.10 loss:0.008 grdn:0.463 lr:3.5e-06 updt_s:0.969 data_s:0.005 smp/s:8 mem_gb:31.43
Training:  86%|████████▋ | 4321/5000 [1:24:03<11:01,  1.03step/s]Training:  86%|████████▋ | 4322/5000 [1:24:04<11:03,  1.02step/s]Training:  86%|████████▋ | 4323/5000 [1:24:05<11:00,  1.03step/s]Training:  86%|████████▋ | 4324/5000 [1:24:06<10:58,  1.03step/s]Training:  86%|████████▋ | 4325/5000 [1:24:07<10:57,  1.03step/s]Training:  87%|████████▋ | 4326/5000 [1:24:07<10:55,  1.03step/s]Training:  87%|████████▋ | 4327/5000 [1:24:08<10:55,  1.03step/s]Training:  87%|████████▋ | 4328/5000 [1:24:09<10:56,  1.02step/s]Training:  87%|████████▋ | 4329/5000 [1:24:10<10:54,  1.03step/s]Training:  87%|████████▋ | 4330/5000 [1:24:11<10:53,  1.02step/s]INFO 2026-07-17 10:10:50 ot_train.py:677 step:4K smpl:35K ep:142 epch:1.10 loss:0.004 grdn:0.273 lr:3.5e-06 updt_s:0.970 data_s:0.004 smp/s:8 mem_gb:31.43
Training:  87%|████████▋ | 4331/5000 [1:24:12<10:53,  1.02step/s]Training:  87%|████████▋ | 4332/5000 [1:24:13<10:51,  1.03step/s]Training:  87%|████████▋ | 4333/5000 [1:24:14<10:49,  1.03step/s]Training:  87%|████████▋ | 4334/5000 [1:24:15<10:47,  1.03step/s]Training:  87%|████████▋ | 4335/5000 [1:24:16<10:47,  1.03step/s]Training:  87%|████████▋ | 4336/5000 [1:24:17<10:48,  1.02step/s]Training:  87%|████████▋ | 4337/5000 [1:24:18<10:47,  1.02step/s]Training:  87%|████████▋ | 4338/5000 [1:24:19<10:47,  1.02step/s]Training:  87%|████████▋ | 4339/5000 [1:24:20<10:44,  1.03step/s]Training:  87%|████████▋ | 4340/5000 [1:24:21<10:42,  1.03step/s]INFO 2026-07-17 10:10:59 ot_train.py:677 step:4K smpl:35K ep:143 epch:1.11 loss:0.005 grdn:0.393 lr:3.5e-06 updt_s:0.969 data_s:0.004 smp/s:8 mem_gb:31.43
Training:  87%|████████▋ | 4341/5000 [1:24:22<10:40,  1.03step/s]Training:  87%|████████▋ | 4342/5000 [1:24:23<10:41,  1.03step/s]Training:  87%|████████▋ | 4343/5000 [1:24:24<10:40,  1.03step/s]Training:  87%|████████▋ | 4344/5000 [1:24:25<10:38,  1.03step/s]Training:  87%|████████▋ | 4345/5000 [1:24:26<10:37,  1.03step/s]Training:  87%|████████▋ | 4346/5000 [1:24:29<17:59,  1.65s/step]Training:  87%|████████▋ | 4347/5000 [1:24:30<15:43,  1.45s/step]Training:  87%|████████▋ | 4348/5000 [1:24:31<14:09,  1.30s/step]Training:  87%|████████▋ | 4349/5000 [1:24:32<13:05,  1.21s/step]Training:  87%|████████▋ | 4350/5000 [1:24:33<12:20,  1.14s/step]INFO 2026-07-17 10:11:11 ot_train.py:677 step:4K smpl:35K ep:143 epch:1.11 loss:0.004 grdn:0.309 lr:3.4e-06 updt_s:1.195 data_s:0.004 smp/s:7 mem_gb:31.43
Training:  87%|████████▋ | 4351/5000 [1:24:34<11:45,  1.09s/step]Training:  87%|████████▋ | 4352/5000 [1:24:35<11:24,  1.06s/step]Training:  87%|████████▋ | 4353/5000 [1:24:36<11:06,  1.03s/step]Training:  87%|████████▋ | 4354/5000 [1:24:37<10:54,  1.01s/step]Training:  87%|████████▋ | 4355/5000 [1:24:38<10:44,  1.00step/s]Training:  87%|████████▋ | 4356/5000 [1:24:39<10:38,  1.01step/s]Training:  87%|████████▋ | 4357/5000 [1:24:40<10:36,  1.01step/s]Training:  87%|████████▋ | 4358/5000 [1:24:41<10:31,  1.02step/s]Training:  87%|████████▋ | 4359/5000 [1:24:42<10:28,  1.02step/s]Training:  87%|████████▋ | 4360/5000 [1:24:43<10:26,  1.02step/s]INFO 2026-07-17 10:11:21 ot_train.py:677 step:4K smpl:35K ep:143 epch:1.11 loss:0.010 grdn:0.394 lr:3.4e-06 updt_s:0.969 data_s:0.005 smp/s:8 mem_gb:31.43
Training:  87%|████████▋ | 4361/5000 [1:24:44<10:23,  1.02step/s]Training:  87%|████████▋ | 4362/5000 [1:24:45<10:22,  1.02step/s]Training:  87%|████████▋ | 4363/5000 [1:24:46<10:20,  1.03step/s]Training:  87%|████████▋ | 4364/5000 [1:24:47<10:18,  1.03step/s]Training:  87%|████████▋ | 4365/5000 [1:24:48<10:19,  1.03step/s]Training:  87%|████████▋ | 4366/5000 [1:24:49<10:21,  1.02step/s]Training:  87%|████████▋ | 4367/5000 [1:24:50<10:18,  1.02step/s]Training:  87%|████████▋ | 4368/5000 [1:24:51<10:13,  1.03step/s]Training:  87%|████████▋ | 4369/5000 [1:24:52<10:13,  1.03step/s]Training:  87%|████████▋ | 4370/5000 [1:24:53<10:12,  1.03step/s]INFO 2026-07-17 10:11:31 ot_train.py:677 step:4K smpl:35K ep:144 epch:1.11 loss:0.004 grdn:0.296 lr:3.4e-06 updt_s:0.968 data_s:0.004 smp/s:8 mem_gb:31.43
Training:  87%|████████▋ | 4371/5000 [1:24:54<10:11,  1.03step/s]Training:  87%|████████▋ | 4372/5000 [1:24:55<10:09,  1.03step/s]Training:  87%|████████▋ | 4373/5000 [1:24:56<10:08,  1.03step/s]Training:  87%|████████▋ | 4374/5000 [1:24:56<10:09,  1.03step/s]Training:  88%|████████▊ | 4375/5000 [1:24:57<10:09,  1.02step/s]Training:  88%|████████▊ | 4376/5000 [1:24:58<10:07,  1.03step/s]Training:  88%|████████▊ | 4377/5000 [1:24:59<10:06,  1.03step/s]Training:  88%|████████▊ | 4378/5000 [1:25:00<10:07,  1.02step/s]Training:  88%|████████▊ | 4379/5000 [1:25:01<10:06,  1.02step/s]Training:  88%|████████▊ | 4380/5000 [1:25:02<10:04,  1.03step/s]INFO 2026-07-17 10:11:41 ot_train.py:677 step:4K smpl:35K ep:144 epch:1.12 loss:0.007 grdn:0.435 lr:3.4e-06 updt_s:0.970 data_s:0.004 smp/s:8 mem_gb:31.43
Training:  88%|████████▊ | 4381/5000 [1:25:03<10:02,  1.03step/s]Training:  88%|████████▊ | 4382/5000 [1:25:04<10:02,  1.03step/s]Training:  88%|████████▊ | 4383/5000 [1:25:05<10:02,  1.02step/s]Training:  88%|████████▊ | 4384/5000 [1:25:06<10:02,  1.02step/s]Training:  88%|████████▊ | 4385/5000 [1:25:07<09:59,  1.03step/s]Training:  88%|████████▊ | 4386/5000 [1:25:08<09:57,  1.03step/s]Training:  88%|████████▊ | 4387/5000 [1:25:09<09:56,  1.03step/s]Training:  88%|████████▊ | 4388/5000 [1:25:10<09:55,  1.03step/s]Training:  88%|████████▊ | 4389/5000 [1:25:11<09:53,  1.03step/s]Training:  88%|████████▊ | 4390/5000 [1:25:12<09:53,  1.03step/s]INFO 2026-07-17 10:11:50 ot_train.py:677 step:4K smpl:35K ep:144 epch:1.12 loss:0.005 grdn:0.320 lr:3.3e-06 updt_s:0.968 data_s:0.004 smp/s:8 mem_gb:31.43
Training:  88%|████████▊ | 4391/5000 [1:25:13<09:52,  1.03step/s]Training:  88%|████████▊ | 4392/5000 [1:25:14<09:52,  1.03step/s]Training:  88%|████████▊ | 4393/5000 [1:25:15<09:49,  1.03step/s]Training:  88%|████████▊ | 4394/5000 [1:25:16<09:51,  1.03step/s]Training:  88%|████████▊ | 4395/5000 [1:25:17<09:49,  1.03step/s]Training:  88%|████████▊ | 4396/5000 [1:25:18<09:48,  1.03step/s]Training:  88%|████████▊ | 4397/5000 [1:25:19<09:46,  1.03step/s]Training:  88%|████████▊ | 4398/5000 [1:25:20<09:44,  1.03step/s]Training:  88%|████████▊ | 4399/5000 [1:25:21<09:38,  1.04step/s]Training:  88%|████████▊ | 4400/5000 [1:25:22<09:36,  1.04step/s]INFO 2026-07-17 10:12:00 ot_train.py:677 step:4K smpl:35K ep:145 epch:1.12 loss:0.007 grdn:0.372 lr:3.3e-06 updt_s:0.964 data_s:0.005 smp/s:8 mem_gb:31.43
Training:  88%|████████▊ | 4401/5000 [1:25:23<09:33,  1.05step/s]Training:  88%|████████▊ | 4402/5000 [1:25:24<09:30,  1.05step/s]Training:  88%|████████▊ | 4403/5000 [1:25:25<09:28,  1.05step/s]Training:  88%|████████▊ | 4404/5000 [1:25:26<09:30,  1.04step/s]Training:  88%|████████▊ | 4405/5000 [1:25:27<09:31,  1.04step/s]Training:  88%|████████▊ | 4406/5000 [1:25:28<09:34,  1.03step/s]Training:  88%|████████▊ | 4407/5000 [1:25:28<09:31,  1.04step/s]Training:  88%|████████▊ | 4408/5000 [1:25:29<09:31,  1.04step/s]Training:  88%|████████▊ | 4409/5000 [1:25:30<09:30,  1.04step/s]Training:  88%|████████▊ | 4410/5000 [1:25:31<09:32,  1.03step/s]INFO 2026-07-17 10:12:10 ot_train.py:677 step:4K smpl:35K ep:145 epch:1.12 loss:0.004 grdn:0.337 lr:3.3e-06 updt_s:0.958 data_s:0.005 smp/s:8 mem_gb:31.43
Training:  88%|████████▊ | 4411/5000 [1:25:32<09:31,  1.03step/s]Training:  88%|████████▊ | 4412/5000 [1:25:33<09:31,  1.03step/s]Training:  88%|████████▊ | 4413/5000 [1:25:34<09:30,  1.03step/s]Training:  88%|████████▊ | 4414/5000 [1:25:35<09:30,  1.03step/s]Training:  88%|████████▊ | 4415/5000 [1:25:36<09:27,  1.03step/s]Training:  88%|████████▊ | 4416/5000 [1:25:37<09:28,  1.03step/s]Training:  88%|████████▊ | 4417/5000 [1:25:38<09:27,  1.03step/s]Training:  88%|████████▊ | 4418/5000 [1:25:39<09:30,  1.02step/s]Training:  88%|████████▊ | 4419/5000 [1:25:40<09:26,  1.02step/s]Training:  88%|████████▊ | 4420/5000 [1:25:41<09:25,  1.02step/s]INFO 2026-07-17 10:12:19 ot_train.py:677 step:4K smpl:35K ep:145 epch:1.13 loss:0.010 grdn:0.469 lr:3.3e-06 updt_s:0.970 data_s:0.004 smp/s:8 mem_gb:31.43
Training:  88%|████████▊ | 4421/5000 [1:25:42<09:23,  1.03step/s]Training:  88%|████████▊ | 4422/5000 [1:25:43<09:22,  1.03step/s]Training:  88%|████████▊ | 4423/5000 [1:25:44<09:20,  1.03step/s]Training:  88%|████████▊ | 4424/5000 [1:25:45<09:20,  1.03step/s]Training:  88%|████████▊ | 4425/5000 [1:25:46<09:19,  1.03step/s]Training:  89%|████████▊ | 4426/5000 [1:25:47<09:19,  1.03step/s]Training:  89%|████████▊ | 4427/5000 [1:25:48<09:17,  1.03step/s]Training:  89%|████████▊ | 4428/5000 [1:25:49<09:15,  1.03step/s]Training:  89%|████████▊ | 4429/5000 [1:25:52<15:47,  1.66s/step]Training:  89%|████████▊ | 4430/5000 [1:25:53<13:47,  1.45s/step]INFO 2026-07-17 10:12:31 ot_train.py:677 step:4K smpl:35K ep:146 epch:1.13 loss:0.007 grdn:0.417 lr:3.2e-06 updt_s:1.196 data_s:0.004 smp/s:7 mem_gb:31.43
Training:  89%|████████▊ | 4431/5000 [1:25:54<12:24,  1.31s/step]Training:  89%|████████▊ | 4432/5000 [1:25:55<11:25,  1.21s/step]Training:  89%|████████▊ | 4433/5000 [1:25:56<10:44,  1.14s/step]Training:  89%|████████▊ | 4434/5000 [1:25:57<10:16,  1.09s/step]Training:  89%|████████▊ | 4435/5000 [1:25:58<09:57,  1.06s/step]Training:  89%|████████▊ | 4436/5000 [1:25:59<09:41,  1.03s/step]Training:  89%|████████▊ | 4437/5000 [1:26:00<09:30,  1.01s/step]Training:  89%|████████▉ | 4438/5000 [1:26:01<09:24,  1.00s/step]Training:  89%|████████▉ | 4439/5000 [1:26:02<09:17,  1.01step/s]Training:  89%|████████▉ | 4440/5000 [1:26:03<09:12,  1.01step/s]INFO 2026-07-17 10:12:41 ot_train.py:677 step:4K smpl:36K ep:146 epch:1.13 loss:0.008 grdn:0.432 lr:3.2e-06 updt_s:0.969 data_s:0.004 smp/s:8 mem_gb:31.43
Training:  89%|████████▉ | 4441/5000 [1:26:04<09:09,  1.02step/s]Training:  89%|████████▉ | 4442/5000 [1:26:05<09:06,  1.02step/s]Training:  89%|████████▉ | 4443/5000 [1:26:06<09:06,  1.02step/s]Training:  89%|████████▉ | 4444/5000 [1:26:07<09:04,  1.02step/s]Training:  89%|████████▉ | 4445/5000 [1:26:08<09:01,  1.03step/s]Training:  89%|████████▉ | 4446/5000 [1:26:09<09:01,  1.02step/s]Training:  89%|████████▉ | 4447/5000 [1:26:10<08:58,  1.03step/s]Training:  89%|████████▉ | 4448/5000 [1:26:11<08:57,  1.03step/s]Training:  89%|████████▉ | 4449/5000 [1:26:12<08:55,  1.03step/s]Training:  89%|████████▉ | 4450/5000 [1:26:13<08:55,  1.03step/s]INFO 2026-07-17 10:12:51 ot_train.py:677 step:4K smpl:36K ep:146 epch:1.13 loss:0.007 grdn:0.373 lr:3.2e-06 updt_s:0.969 data_s:0.004 smp/s:8 mem_gb:31.43
Training:  89%|████████▉ | 4451/5000 [1:26:14<08:55,  1.03step/s]Training:  89%|████████▉ | 4452/5000 [1:26:15<08:53,  1.03step/s]Training:  89%|████████▉ | 4453/5000 [1:26:16<08:54,  1.02step/s]Training:  89%|████████▉ | 4454/5000 [1:26:17<08:51,  1.03step/s]Training:  89%|████████▉ | 4455/5000 [1:26:17<08:48,  1.03step/s]Training:  89%|████████▉ | 4456/5000 [1:26:18<08:44,  1.04step/s]Training:  89%|████████▉ | 4457/5000 [1:26:19<08:44,  1.04step/s]Training:  89%|████████▉ | 4458/5000 [1:26:20<08:42,  1.04step/s]Training:  89%|████████▉ | 4459/5000 [1:26:21<08:39,  1.04step/s]Training:  89%|████████▉ | 4460/5000 [1:26:22<08:38,  1.04step/s]INFO 2026-07-17 10:13:00 ot_train.py:677 step:4K smpl:36K ep:147 epch:1.14 loss:0.004 grdn:0.315 lr:3.2e-06 updt_s:0.960 data_s:0.005 smp/s:8 mem_gb:31.43
Training:  89%|████████▉ | 4461/5000 [1:26:23<08:35,  1.05step/s]Training:  89%|████████▉ | 4462/5000 [1:26:24<08:33,  1.05step/s]Training:  89%|████████▉ | 4463/5000 [1:26:25<08:33,  1.05step/s]Training:  89%|████████▉ | 4464/5000 [1:26:26<08:32,  1.05step/s]Training:  89%|████████▉ | 4465/5000 [1:26:27<08:31,  1.05step/s]Training:  89%|████████▉ | 4466/5000 [1:26:28<08:31,  1.04step/s]Training:  89%|████████▉ | 4467/5000 [1:26:29<08:30,  1.04step/s]Training:  89%|████████▉ | 4468/5000 [1:26:30<08:28,  1.05step/s]Training:  89%|████████▉ | 4469/5000 [1:26:31<08:29,  1.04step/s]Training:  89%|████████▉ | 4470/5000 [1:26:32<08:27,  1.04step/s]INFO 2026-07-17 10:13:10 ot_train.py:677 step:4K smpl:36K ep:147 epch:1.14 loss:0.004 grdn:0.265 lr:3.1e-06 updt_s:0.951 data_s:0.004 smp/s:8 mem_gb:31.43
Training:  89%|████████▉ | 4471/5000 [1:26:33<08:26,  1.04step/s]Training:  89%|████████▉ | 4472/5000 [1:26:34<08:24,  1.05step/s]Training:  89%|████████▉ | 4473/5000 [1:26:35<08:23,  1.05step/s]Training:  89%|████████▉ | 4474/5000 [1:26:36<08:22,  1.05step/s]Training:  90%|████████▉ | 4475/5000 [1:26:37<08:23,  1.04step/s]Training:  90%|████████▉ | 4476/5000 [1:26:38<08:21,  1.04step/s]Training:  90%|████████▉ | 4477/5000 [1:26:39<08:19,  1.05step/s]Training:  90%|████████▉ | 4478/5000 [1:26:39<08:18,  1.05step/s]Training:  90%|████████▉ | 4479/5000 [1:26:40<08:17,  1.05step/s]Training:  90%|████████▉ | 4480/5000 [1:26:41<08:16,  1.05step/s]INFO 2026-07-17 10:13:20 ot_train.py:677 step:4K smpl:36K ep:147 epch:1.14 loss:0.005 grdn:0.332 lr:3.1e-06 updt_s:0.951 data_s:0.004 smp/s:8 mem_gb:31.43
Training:  90%|████████▉ | 4481/5000 [1:26:42<08:16,  1.04step/s]Training:  90%|████████▉ | 4482/5000 [1:26:43<08:20,  1.04step/s]Training:  90%|████████▉ | 4483/5000 [1:26:44<08:19,  1.03step/s]Training:  90%|████████▉ | 4484/5000 [1:26:45<08:19,  1.03step/s]Training:  90%|████████▉ | 4485/5000 [1:26:46<08:19,  1.03step/s]Training:  90%|████████▉ | 4486/5000 [1:26:47<08:18,  1.03step/s]Training:  90%|████████▉ | 4487/5000 [1:26:48<08:16,  1.03step/s]Training:  90%|████████▉ | 4488/5000 [1:26:49<08:15,  1.03step/s]Training:  90%|████████▉ | 4489/5000 [1:26:50<08:13,  1.03step/s]Training:  90%|████████▉ | 4490/5000 [1:26:51<08:14,  1.03step/s]INFO 2026-07-17 10:13:29 ot_train.py:677 step:4K smpl:36K ep:148 epch:1.15 loss:0.006 grdn:0.352 lr:3.1e-06 updt_s:0.965 data_s:0.005 smp/s:8 mem_gb:31.43
Training:  90%|████████▉ | 4491/5000 [1:26:52<08:14,  1.03step/s]Training:  90%|████████▉ | 4492/5000 [1:26:53<08:13,  1.03step/s]Training:  90%|████████▉ | 4493/5000 [1:26:54<08:11,  1.03step/s]Training:  90%|████████▉ | 4494/5000 [1:26:55<08:11,  1.03step/s]Training:  90%|████████▉ | 4495/5000 [1:26:56<08:09,  1.03step/s]Training:  90%|████████▉ | 4496/5000 [1:26:57<08:08,  1.03step/s]Training:  90%|████████▉ | 4497/5000 [1:26:58<08:07,  1.03step/s]Training:  90%|████████▉ | 4498/5000 [1:26:59<08:06,  1.03step/s]Training:  90%|████████▉ | 4499/5000 [1:27:00<08:07,  1.03step/s]Training:  90%|█████████ | 4500/5000 [1:27:01<08:05,  1.03step/s]INFO 2026-07-17 10:13:39 ot_train.py:677 step:4K smpl:36K ep:148 epch:1.15 loss:0.008 grdn:0.419 lr:3.1e-06 updt_s:0.965 data_s:0.005 smp/s:8 mem_gb:31.43
Training:  90%|█████████ | 4501/5000 [1:27:02<08:04,  1.03step/s]Training:  90%|█████████ | 4502/5000 [1:27:03<08:04,  1.03step/s]Training:  90%|█████████ | 4503/5000 [1:27:04<08:02,  1.03step/s]Training:  90%|█████████ | 4504/5000 [1:27:05<08:01,  1.03step/s]Training:  90%|█████████ | 4505/5000 [1:27:06<07:59,  1.03step/s]Training:  90%|█████████ | 4506/5000 [1:27:07<07:58,  1.03step/s]Training:  90%|█████████ | 4507/5000 [1:27:08<07:59,  1.03step/s]Training:  90%|█████████ | 4508/5000 [1:27:09<07:59,  1.03step/s]Training:  90%|█████████ | 4509/5000 [1:27:10<07:57,  1.03step/s]Training:  90%|█████████ | 4510/5000 [1:27:11<07:55,  1.03step/s]INFO 2026-07-17 10:13:49 ot_train.py:677 step:5K smpl:36K ep:148 epch:1.15 loss:0.005 grdn:0.333 lr:3.0e-06 updt_s:0.966 data_s:0.005 smp/s:8 mem_gb:31.43
Training:  90%|█████████ | 4511/5000 [1:27:11<07:54,  1.03step/s]Training:  90%|█████████ | 4512/5000 [1:27:12<07:52,  1.03step/s]Training:  90%|█████████ | 4513/5000 [1:27:13<07:51,  1.03step/s]Training:  90%|█████████ | 4514/5000 [1:27:14<07:49,  1.03step/s]Training:  90%|█████████ | 4515/5000 [1:27:15<07:50,  1.03step/s]Training:  90%|█████████ | 4516/5000 [1:27:16<07:50,  1.03step/s]Training:  90%|█████████ | 4517/5000 [1:27:17<07:48,  1.03step/s]Training:  90%|█████████ | 4518/5000 [1:27:18<07:47,  1.03step/s]Training:  90%|█████████ | 4519/5000 [1:27:19<07:46,  1.03step/s]Training:  90%|█████████ | 4520/5000 [1:27:20<07:45,  1.03step/s]INFO 2026-07-17 10:13:58 ot_train.py:677 step:5K smpl:36K ep:149 epch:1.15 loss:0.006 grdn:0.353 lr:3.0e-06 updt_s:0.964 data_s:0.005 smp/s:8 mem_gb:31.43
Training:  90%|█████████ | 4521/5000 [1:27:21<07:43,  1.03step/s]Training:  90%|█████████ | 4522/5000 [1:27:22<07:43,  1.03step/s]Training:  90%|█████████ | 4523/5000 [1:27:23<07:43,  1.03step/s]Training:  90%|█████████ | 4524/5000 [1:27:24<07:42,  1.03step/s]Training:  90%|█████████ | 4525/5000 [1:27:25<07:40,  1.03step/s]Training:  91%|█████████ | 4526/5000 [1:27:26<07:40,  1.03step/s]Training:  91%|█████████ | 4527/5000 [1:27:27<07:39,  1.03step/s]Training:  91%|█████████ | 4528/5000 [1:27:28<07:37,  1.03step/s]Training:  91%|█████████ | 4529/5000 [1:27:29<07:36,  1.03step/s]Training:  91%|█████████ | 4530/5000 [1:27:30<07:36,  1.03step/s]INFO 2026-07-17 10:14:08 ot_train.py:677 step:5K smpl:36K ep:149 epch:1.16 loss:0.007 grdn:0.409 lr:3.0e-06 updt_s:0.965 data_s:0.005 smp/s:8 mem_gb:31.43
Training:  91%|█████████ | 4531/5000 [1:27:31<07:35,  1.03step/s]Training:  91%|█████████ | 4532/5000 [1:27:32<07:33,  1.03step/s]Training:  91%|█████████ | 4533/5000 [1:27:33<07:32,  1.03step/s]Training:  91%|█████████ | 4534/5000 [1:27:34<07:30,  1.03step/s]Training:  91%|█████████ | 4535/5000 [1:27:35<07:29,  1.03step/s]Training:  91%|█████████ | 4536/5000 [1:27:36<07:29,  1.03step/s]Training:  91%|█████████ | 4537/5000 [1:27:37<07:30,  1.03step/s]Training:  91%|█████████ | 4538/5000 [1:27:38<07:28,  1.03step/s]Training:  91%|█████████ | 4539/5000 [1:27:39<07:27,  1.03step/s]Training:  91%|█████████ | 4540/5000 [1:27:40<07:26,  1.03step/s]INFO 2026-07-17 10:14:18 ot_train.py:677 step:5K smpl:36K ep:149 epch:1.16 loss:0.006 grdn:0.333 lr:3.0e-06 updt_s:0.964 data_s:0.005 smp/s:8 mem_gb:31.43
Training:  91%|█████████ | 4541/5000 [1:27:41<07:24,  1.03step/s]Training:  91%|█████████ | 4542/5000 [1:27:42<07:24,  1.03step/s]Training:  91%|█████████ | 4543/5000 [1:27:43<07:24,  1.03step/s]Training:  91%|█████████ | 4544/5000 [1:27:44<07:25,  1.02step/s]Training:  91%|█████████ | 4545/5000 [1:27:49<16:47,  2.21s/step]Training:  91%|█████████ | 4546/5000 [1:27:50<13:57,  1.84s/step]Training:  91%|█████████ | 4547/5000 [1:27:51<11:56,  1.58s/step]Training:  91%|█████████ | 4548/5000 [1:27:52<10:32,  1.40s/step]Training:  91%|█████████ | 4549/5000 [1:27:53<09:32,  1.27s/step]Training:  91%|█████████ | 4550/5000 [1:27:53<08:49,  1.18s/step]INFO 2026-07-17 10:14:32 ot_train.py:677 step:5K smpl:36K ep:150 epch:1.16 loss:0.012 grdn:0.483 lr:3.0e-06 updt_s:1.380 data_s:0.005 smp/s:6 mem_gb:31.43
Training:  91%|█████████ | 4551/5000 [1:27:54<08:22,  1.12s/step]Training:  91%|█████████ | 4552/5000 [1:27:55<08:01,  1.07s/step]Training:  91%|█████████ | 4553/5000 [1:27:56<07:46,  1.04s/step]Training:  91%|█████████ | 4554/5000 [1:27:57<07:36,  1.02s/step]Training:  91%|█████████ | 4555/5000 [1:27:58<07:28,  1.01s/step]Training:  91%|█████████ | 4556/5000 [1:27:59<07:21,  1.01step/s]Training:  91%|█████████ | 4557/5000 [1:28:00<07:18,  1.01step/s]Training:  91%|█████████ | 4558/5000 [1:28:01<07:16,  1.01step/s]Training:  91%|█████████ | 4559/5000 [1:28:02<07:14,  1.02step/s]Training:  91%|█████████ | 4560/5000 [1:28:03<07:13,  1.02step/s]INFO 2026-07-17 10:14:41 ot_train.py:677 step:5K smpl:36K ep:150 epch:1.16 loss:0.008 grdn:0.454 lr:2.9e-06 updt_s:0.970 data_s:0.005 smp/s:8 mem_gb:31.43
Training:  91%|█████████ | 4561/5000 [1:28:04<07:09,  1.02step/s]Training:  91%|█████████ | 4562/5000 [1:28:05<07:08,  1.02step/s]Training:  91%|█████████▏| 4563/5000 [1:28:06<07:07,  1.02step/s]Training:  91%|█████████▏| 4564/5000 [1:28:07<07:06,  1.02step/s]Training:  91%|█████████▏| 4565/5000 [1:28:08<07:04,  1.02step/s]Training:  91%|█████████▏| 4566/5000 [1:28:09<07:02,  1.03step/s]Training:  91%|█████████▏| 4567/5000 [1:28:10<07:00,  1.03step/s]Training:  91%|█████████▏| 4568/5000 [1:28:11<07:03,  1.02step/s]Training:  91%|█████████▏| 4569/5000 [1:28:12<07:01,  1.02step/s]Training:  91%|█████████▏| 4570/5000 [1:28:13<07:00,  1.02step/s]INFO 2026-07-17 10:14:51 ot_train.py:677 step:5K smpl:37K ep:150 epch:1.17 loss:0.008 grdn:0.435 lr:2.9e-06 updt_s:0.970 data_s:0.005 smp/s:8 mem_gb:31.43
Training:  91%|█████████▏| 4571/5000 [1:28:14<06:59,  1.02step/s]Training:  91%|█████████▏| 4572/5000 [1:28:15<06:58,  1.02step/s]Training:  91%|█████████▏| 4573/5000 [1:28:16<06:56,  1.03step/s]Training:  91%|█████████▏| 4574/5000 [1:28:17<06:54,  1.03step/s]Training:  92%|█████████▏| 4575/5000 [1:28:18<06:52,  1.03step/s]Training:  92%|█████████▏| 4576/5000 [1:28:19<06:53,  1.03step/s]Training:  92%|█████████▏| 4577/5000 [1:28:20<06:52,  1.03step/s]Training:  92%|█████████▏| 4578/5000 [1:28:21<06:50,  1.03step/s]Training:  92%|█████████▏| 4579/5000 [1:28:22<06:49,  1.03step/s]Training:  92%|█████████▏| 4580/5000 [1:28:23<06:48,  1.03step/s]INFO 2026-07-17 10:15:01 ot_train.py:677 step:5K smpl:37K ep:151 epch:1.17 loss:0.009 grdn:0.412 lr:2.9e-06 updt_s:0.966 data_s:0.006 smp/s:8 mem_gb:31.43
Training:  92%|█████████▏| 4581/5000 [1:28:24<06:46,  1.03step/s]Training:  92%|█████████▏| 4582/5000 [1:28:25<06:45,  1.03step/s]Training:  92%|█████████▏| 4583/5000 [1:28:26<06:43,  1.03step/s]Training:  92%|█████████▏| 4584/5000 [1:28:27<06:43,  1.03step/s]Training:  92%|█████████▏| 4585/5000 [1:28:28<06:40,  1.04step/s]Training:  92%|█████████▏| 4586/5000 [1:28:28<06:38,  1.04step/s]Training:  92%|█████████▏| 4587/5000 [1:28:29<06:36,  1.04step/s]Training:  92%|█████████▏| 4588/5000 [1:28:30<06:36,  1.04step/s]Training:  92%|█████████▏| 4589/5000 [1:28:31<06:34,  1.04step/s]Training:  92%|█████████▏| 4590/5000 [1:28:32<06:34,  1.04step/s]INFO 2026-07-17 10:15:11 ot_train.py:677 step:5K smpl:37K ep:151 epch:1.17 loss:0.008 grdn:0.414 lr:2.9e-06 updt_s:0.958 data_s:0.005 smp/s:8 mem_gb:31.43
Training:  92%|█████████▏| 4591/5000 [1:28:33<06:35,  1.03step/s]Training:  92%|█████████▏| 4592/5000 [1:28:34<06:36,  1.03step/s]Training:  92%|█████████▏| 4593/5000 [1:28:35<06:37,  1.02step/s]Training:  92%|█████████▏| 4594/5000 [1:28:36<06:35,  1.03step/s]Training:  92%|█████████▏| 4595/5000 [1:28:37<06:34,  1.03step/s]Training:  92%|█████████▏| 4596/5000 [1:28:38<06:32,  1.03step/s]Training:  92%|█████████▏| 4597/5000 [1:28:39<06:31,  1.03step/s]Training:  92%|█████████▏| 4598/5000 [1:28:40<06:31,  1.03step/s]Training:  92%|█████████▏| 4599/5000 [1:28:41<06:30,  1.03step/s]Training:  92%|█████████▏| 4600/5000 [1:28:42<06:29,  1.03step/s]INFO 2026-07-17 10:15:20 ot_train.py:677 step:5K smpl:37K ep:151 epch:1.17 loss:0.005 grdn:0.328 lr:2.9e-06 updt_s:0.969 data_s:0.005 smp/s:8 mem_gb:31.43
Training:  92%|█████████▏| 4601/5000 [1:28:43<06:28,  1.03step/s]Training:  92%|█████████▏| 4602/5000 [1:28:44<06:27,  1.03step/s]Training:  92%|█████████▏| 4603/5000 [1:28:45<06:25,  1.03step/s]Training:  92%|█████████▏| 4604/5000 [1:28:46<06:24,  1.03step/s]Training:  92%|█████████▏| 4605/5000 [1:28:47<06:22,  1.03step/s]Training:  92%|█████████▏| 4606/5000 [1:28:48<06:21,  1.03step/s]Training:  92%|█████████▏| 4607/5000 [1:28:49<06:21,  1.03step/s]Training:  92%|█████████▏| 4608/5000 [1:28:50<06:21,  1.03step/s]Training:  92%|█████████▏| 4609/5000 [1:28:51<06:19,  1.03step/s]Training:  92%|█████████▏| 4610/5000 [1:28:52<06:18,  1.03step/s]INFO 2026-07-17 10:15:30 ot_train.py:677 step:5K smpl:37K ep:152 epch:1.18 loss:0.005 grdn:0.359 lr:2.8e-06 updt_s:0.965 data_s:0.005 smp/s:8 mem_gb:31.43
Training:  92%|█████████▏| 4611/5000 [1:28:53<06:20,  1.02step/s]Training:  92%|█████████▏| 4612/5000 [1:28:54<06:18,  1.03step/s]Training:  92%|█████████▏| 4613/5000 [1:28:55<06:19,  1.02step/s]Training:  92%|█████████▏| 4614/5000 [1:28:56<06:18,  1.02step/s]Training:  92%|█████████▏| 4615/5000 [1:28:57<06:17,  1.02step/s]Training:  92%|█████████▏| 4616/5000 [1:28:58<06:17,  1.02step/s]Training:  92%|█████████▏| 4617/5000 [1:28:59<06:16,  1.02step/s]Training:  92%|█████████▏| 4618/5000 [1:29:00<06:13,  1.02step/s]Training:  92%|█████████▏| 4619/5000 [1:29:01<06:13,  1.02step/s]Training:  92%|█████████▏| 4620/5000 [1:29:02<06:14,  1.01step/s]INFO 2026-07-17 10:15:40 ot_train.py:677 step:5K smpl:37K ep:152 epch:1.18 loss:0.007 grdn:0.351 lr:2.8e-06 updt_s:0.977 data_s:0.006 smp/s:8 mem_gb:31.43
Training:  92%|█████████▏| 4621/5000 [1:29:03<06:12,  1.02step/s]Training:  92%|█████████▏| 4622/5000 [1:29:04<06:10,  1.02step/s]Training:  92%|█████████▏| 4623/5000 [1:29:05<06:10,  1.02step/s]Training:  92%|█████████▏| 4624/5000 [1:29:06<06:10,  1.01step/s]Training:  92%|█████████▎| 4625/5000 [1:29:07<06:07,  1.02step/s]Training:  93%|█████████▎| 4626/5000 [1:29:08<06:08,  1.02step/s]Training:  93%|█████████▎| 4627/5000 [1:29:09<06:06,  1.02step/s]Training:  93%|█████████▎| 4628/5000 [1:29:09<06:06,  1.02step/s]Training:  93%|█████████▎| 4629/5000 [1:29:10<06:05,  1.01step/s]Training:  93%|█████████▎| 4630/5000 [1:29:11<06:05,  1.01step/s]INFO 2026-07-17 10:15:50 ot_train.py:677 step:5K smpl:37K ep:152 epch:1.18 loss:0.008 grdn:0.410 lr:2.8e-06 updt_s:0.979 data_s:0.005 smp/s:8 mem_gb:31.43
Training:  93%|█████████▎| 4631/5000 [1:29:12<06:02,  1.02step/s]Training:  93%|█████████▎| 4632/5000 [1:29:13<06:00,  1.02step/s]Training:  93%|█████████▎| 4633/5000 [1:29:14<06:00,  1.02step/s]Training:  93%|█████████▎| 4634/5000 [1:29:15<06:00,  1.02step/s]Training:  93%|█████████▎| 4635/5000 [1:29:16<06:00,  1.01step/s]Training:  93%|█████████▎| 4636/5000 [1:29:17<06:00,  1.01step/s]Training:  93%|█████████▎| 4637/5000 [1:29:18<05:59,  1.01step/s]Training:  93%|█████████▎| 4638/5000 [1:29:19<05:57,  1.01step/s]Training:  93%|█████████▎| 4639/5000 [1:29:20<05:56,  1.01step/s]Training:  93%|█████████▎| 4640/5000 [1:29:21<05:55,  1.01step/s]INFO 2026-07-17 10:16:00 ot_train.py:677 step:5K smpl:37K ep:153 epch:1.18 loss:0.006 grdn:0.381 lr:2.8e-06 updt_s:0.980 data_s:0.005 smp/s:8 mem_gb:31.43
Training:  93%|█████████▎| 4641/5000 [1:29:22<05:55,  1.01step/s]Training:  93%|█████████▎| 4642/5000 [1:29:23<05:54,  1.01step/s]Training:  93%|█████████▎| 4643/5000 [1:29:24<05:52,  1.01step/s]Training:  93%|█████████▎| 4644/5000 [1:29:25<05:50,  1.02step/s]Training:  93%|█████████▎| 4645/5000 [1:29:26<05:50,  1.01step/s]Training:  93%|█████████▎| 4646/5000 [1:29:27<05:48,  1.02step/s]Training:  93%|█████████▎| 4647/5000 [1:29:33<13:45,  2.34s/step]Training:  93%|█████████▎| 4648/5000 [1:29:34<11:18,  1.93s/step]Training:  93%|█████████▎| 4649/5000 [1:29:35<09:38,  1.65s/step]Training:  93%|█████████▎| 4650/5000 [1:29:36<08:26,  1.45s/step]INFO 2026-07-17 10:16:14 ot_train.py:677 step:5K smpl:37K ep:153 epch:1.19 loss:0.007 grdn:0.388 lr:2.8e-06 updt_s:1.430 data_s:0.005 smp/s:6 mem_gb:31.43
Training:  93%|█████████▎| 4651/5000 [1:29:37<07:35,  1.31s/step]Training:  93%|█████████▎| 4652/5000 [1:29:38<07:00,  1.21s/step]Training:  93%|█████████▎| 4653/5000 [1:29:39<06:35,  1.14s/step]Training:  93%|█████████▎| 4654/5000 [1:29:40<06:16,  1.09s/step]Training:  93%|█████████▎| 4655/5000 [1:29:41<06:03,  1.05s/step]Training:  93%|█████████▎| 4656/5000 [1:29:42<05:55,  1.03s/step]Training:  93%|█████████▎| 4657/5000 [1:29:43<05:48,  1.02s/step]Training:  93%|█████████▎| 4658/5000 [1:29:44<05:42,  1.00s/step]Training:  93%|█████████▎| 4659/5000 [1:29:44<05:39,  1.00step/s]Training:  93%|█████████▎| 4660/5000 [1:29:45<05:36,  1.01step/s]INFO 2026-07-17 10:16:24 ot_train.py:677 step:5K smpl:37K ep:153 epch:1.19 loss:0.004 grdn:0.282 lr:2.8e-06 updt_s:0.971 data_s:0.005 smp/s:8 mem_gb:31.43
Training:  93%|█████████▎| 4661/5000 [1:29:46<05:34,  1.01step/s]Training:  93%|█████████▎| 4662/5000 [1:29:47<05:31,  1.02step/s]Training:  93%|█████████▎| 4663/5000 [1:29:48<05:29,  1.02step/s]Training:  93%|█████████▎| 4664/5000 [1:29:49<05:28,  1.02step/s]Training:  93%|█████████▎| 4665/5000 [1:29:50<05:27,  1.02step/s]Training:  93%|█████████▎| 4666/5000 [1:29:51<05:26,  1.02step/s]Training:  93%|█████████▎| 4667/5000 [1:29:52<05:25,  1.02step/s]Training:  93%|█████████▎| 4668/5000 [1:29:53<05:24,  1.02step/s]Training:  93%|█████████▎| 4669/5000 [1:29:54<05:24,  1.02step/s]Training:  93%|█████████▎| 4670/5000 [1:29:55<05:22,  1.02step/s]INFO 2026-07-17 10:16:33 ot_train.py:677 step:5K smpl:37K ep:154 epch:1.19 loss:0.006 grdn:0.339 lr:2.7e-06 updt_s:0.971 data_s:0.005 smp/s:8 mem_gb:31.43
Training:  93%|█████████▎| 4671/5000 [1:29:56<05:21,  1.02step/s]Training:  93%|█████████▎| 4672/5000 [1:29:57<05:19,  1.03step/s]Training:  93%|█████████▎| 4673/5000 [1:29:58<05:19,  1.02step/s]Training:  93%|█████████▎| 4674/5000 [1:29:59<05:19,  1.02step/s]Training:  94%|█████████▎| 4675/5000 [1:30:00<05:17,  1.02step/s]Training:  94%|█████████▎| 4676/5000 [1:30:01<05:16,  1.02step/s]Training:  94%|█████████▎| 4677/5000 [1:30:02<05:14,  1.03step/s]Training:  94%|█████████▎| 4678/5000 [1:30:03<05:13,  1.03step/s]Training:  94%|█████████▎| 4679/5000 [1:30:04<05:11,  1.03step/s]Training:  94%|█████████▎| 4680/5000 [1:30:05<05:10,  1.03step/s]INFO 2026-07-17 10:16:43 ot_train.py:677 step:5K smpl:37K ep:154 epch:1.19 loss:0.006 grdn:0.378 lr:2.7e-06 updt_s:0.968 data_s:0.005 smp/s:8 mem_gb:31.43
Training:  94%|█████████▎| 4681/5000 [1:30:06<05:10,  1.03step/s]Training:  94%|█████████▎| 4682/5000 [1:30:07<05:09,  1.03step/s]Training:  94%|█████████▎| 4683/5000 [1:30:08<05:08,  1.03step/s]Training:  94%|█████████▎| 4684/5000 [1:30:09<05:07,  1.03step/s]Training:  94%|█████████▎| 4685/5000 [1:30:10<05:05,  1.03step/s]Training:  94%|█████████▎| 4686/5000 [1:30:11<05:04,  1.03step/s]Training:  94%|█████████▎| 4687/5000 [1:30:12<05:03,  1.03step/s]Training:  94%|█████████▍| 4688/5000 [1:30:13<05:02,  1.03step/s]Training:  94%|█████████▍| 4689/5000 [1:30:14<05:01,  1.03step/s]Training:  94%|█████████▍| 4690/5000 [1:30:15<05:01,  1.03step/s]INFO 2026-07-17 10:16:53 ot_train.py:677 step:5K smpl:38K ep:154 epch:1.20 loss:0.003 grdn:0.247 lr:2.7e-06 updt_s:0.966 data_s:0.005 smp/s:8 mem_gb:31.43
Training:  94%|█████████▍| 4691/5000 [1:30:16<05:00,  1.03step/s]Training:  94%|█████████▍| 4692/5000 [1:30:17<04:58,  1.03step/s]Training:  94%|█████████▍| 4693/5000 [1:30:18<04:59,  1.03step/s]Training:  94%|█████████▍| 4694/5000 [1:30:19<04:57,  1.03step/s]Training:  94%|█████████▍| 4695/5000 [1:30:20<04:56,  1.03step/s]Training:  94%|█████████▍| 4696/5000 [1:30:21<04:55,  1.03step/s]Training:  94%|█████████▍| 4697/5000 [1:30:21<04:53,  1.03step/s]Training:  94%|█████████▍| 4698/5000 [1:30:22<04:53,  1.03step/s]Training:  94%|█████████▍| 4699/5000 [1:30:23<04:52,  1.03step/s]Training:  94%|█████████▍| 4700/5000 [1:30:24<04:51,  1.03step/s]INFO 2026-07-17 10:17:03 ot_train.py:677 step:5K smpl:38K ep:155 epch:1.20 loss:0.005 grdn:0.352 lr:2.7e-06 updt_s:0.967 data_s:0.005 smp/s:8 mem_gb:31.43
Training:  94%|█████████▍| 4701/5000 [1:30:25<04:51,  1.03step/s]Training:  94%|█████████▍| 4702/5000 [1:30:26<04:49,  1.03step/s]Training:  94%|█████████▍| 4703/5000 [1:30:27<04:48,  1.03step/s]Training:  94%|█████████▍| 4704/5000 [1:30:28<04:47,  1.03step/s]Training:  94%|█████████▍| 4705/5000 [1:30:29<04:46,  1.03step/s]Training:  94%|█████████▍| 4706/5000 [1:30:30<04:46,  1.03step/s]Training:  94%|█████████▍| 4707/5000 [1:30:31<04:44,  1.03step/s]Training:  94%|█████████▍| 4708/5000 [1:30:32<04:44,  1.03step/s]Training:  94%|█████████▍| 4709/5000 [1:30:33<04:43,  1.03step/s]Training:  94%|█████████▍| 4710/5000 [1:30:34<04:43,  1.02step/s]INFO 2026-07-17 10:17:12 ot_train.py:677 step:5K smpl:38K ep:155 epch:1.20 loss:0.009 grdn:0.423 lr:2.7e-06 updt_s:0.968 data_s:0.005 smp/s:8 mem_gb:31.43
Training:  94%|█████████▍| 4711/5000 [1:30:35<04:41,  1.03step/s]Training:  94%|█████████▍| 4712/5000 [1:30:36<04:42,  1.02step/s]Training:  94%|█████████▍| 4713/5000 [1:30:37<04:40,  1.02step/s]Training:  94%|█████████▍| 4714/5000 [1:30:38<04:39,  1.02step/s]Training:  94%|█████████▍| 4715/5000 [1:30:39<04:39,  1.02step/s]Training:  94%|█████████▍| 4716/5000 [1:30:40<04:37,  1.02step/s]Training:  94%|█████████▍| 4717/5000 [1:30:41<04:35,  1.03step/s]Training:  94%|█████████▍| 4718/5000 [1:30:42<04:35,  1.03step/s]Training:  94%|█████████▍| 4719/5000 [1:30:43<04:34,  1.02step/s]Training:  94%|█████████▍| 4720/5000 [1:30:44<04:33,  1.02step/s]INFO 2026-07-17 10:17:22 ot_train.py:677 step:5K smpl:38K ep:155 epch:1.20 loss:0.006 grdn:0.372 lr:2.7e-06 updt_s:0.972 data_s:0.005 smp/s:8 mem_gb:31.43
Training:  94%|█████████▍| 4721/5000 [1:30:45<04:31,  1.03step/s]Training:  94%|█████████▍| 4722/5000 [1:30:46<04:30,  1.03step/s]Training:  94%|█████████▍| 4723/5000 [1:30:47<04:27,  1.03step/s]Training:  94%|█████████▍| 4724/5000 [1:30:48<04:25,  1.04step/s]Training:  94%|█████████▍| 4725/5000 [1:30:49<04:23,  1.04step/s]Training:  95%|█████████▍| 4726/5000 [1:30:50<04:24,  1.04step/s]Training:  95%|█████████▍| 4727/5000 [1:30:51<04:25,  1.03step/s]Training:  95%|█████████▍| 4728/5000 [1:30:52<04:25,  1.02step/s]Training:  95%|█████████▍| 4729/5000 [1:30:53<04:24,  1.02step/s]Training:  95%|█████████▍| 4730/5000 [1:30:54<04:24,  1.02step/s]INFO 2026-07-17 10:17:32 ot_train.py:677 step:5K smpl:38K ep:156 epch:1.21 loss:0.005 grdn:0.370 lr:2.7e-06 updt_s:0.966 data_s:0.005 smp/s:8 mem_gb:31.43
Training:  95%|█████████▍| 4731/5000 [1:30:55<04:23,  1.02step/s]Training:  95%|█████████▍| 4732/5000 [1:30:56<04:22,  1.02step/s]Training:  95%|█████████▍| 4733/5000 [1:30:57<04:20,  1.02step/s]Training:  95%|█████████▍| 4734/5000 [1:30:58<04:20,  1.02step/s]Training:  95%|█████████▍| 4735/5000 [1:30:59<04:19,  1.02step/s]Training:  95%|█████████▍| 4736/5000 [1:30:59<04:18,  1.02step/s]Training:  95%|█████████▍| 4737/5000 [1:31:00<04:16,  1.02step/s]Training:  95%|█████████▍| 4738/5000 [1:31:01<04:15,  1.03step/s]Training:  95%|█████████▍| 4739/5000 [1:31:02<04:14,  1.03step/s]Training:  95%|█████████▍| 4740/5000 [1:31:03<04:12,  1.03step/s]INFO 2026-07-17 10:17:42 ot_train.py:677 step:5K smpl:38K ep:156 epch:1.21 loss:0.016 grdn:0.649 lr:2.7e-06 updt_s:0.970 data_s:0.005 smp/s:8 mem_gb:31.43
Training:  95%|█████████▍| 4741/5000 [1:31:04<04:11,  1.03step/s]Training:  95%|█████████▍| 4742/5000 [1:31:08<07:09,  1.66s/step]Training:  95%|█████████▍| 4743/5000 [1:31:09<06:14,  1.46s/step]Training:  95%|█████████▍| 4744/5000 [1:31:10<05:36,  1.31s/step]Training:  95%|█████████▍| 4745/5000 [1:31:11<05:09,  1.21s/step]Training:  95%|█████████▍| 4746/5000 [1:31:12<04:49,  1.14s/step]Training:  95%|█████████▍| 4747/5000 [1:31:13<04:36,  1.09s/step]Training:  95%|█████████▍| 4748/5000 [1:31:13<04:26,  1.06s/step]Training:  95%|█████████▍| 4749/5000 [1:31:14<04:19,  1.03s/step]Training:  95%|█████████▌| 4750/5000 [1:31:15<04:13,  1.02s/step]INFO 2026-07-17 10:17:54 ot_train.py:677 step:5K smpl:38K ep:156 epch:1.21 loss:0.007 grdn:0.398 lr:2.6e-06 updt_s:1.201 data_s:0.005 smp/s:7 mem_gb:31.43
Training:  95%|█████████▌| 4751/5000 [1:31:16<04:10,  1.01s/step]Training:  95%|█████████▌| 4752/5000 [1:31:17<04:08,  1.00s/step]Training:  95%|█████████▌| 4753/5000 [1:31:18<04:05,  1.01step/s]Training:  95%|█████████▌| 4754/5000 [1:31:19<04:03,  1.01step/s]Training:  95%|█████████▌| 4755/5000 [1:31:20<04:01,  1.01step/s]Training:  95%|█████████▌| 4756/5000 [1:31:21<04:00,  1.02step/s]Training:  95%|█████████▌| 4757/5000 [1:31:22<03:58,  1.02step/s]Training:  95%|█████████▌| 4758/5000 [1:31:23<03:57,  1.02step/s]Training:  95%|█████████▌| 4759/5000 [1:31:24<03:57,  1.02step/s]Training:  95%|█████████▌| 4760/5000 [1:31:25<03:56,  1.01step/s]INFO 2026-07-17 10:18:03 ot_train.py:677 step:5K smpl:38K ep:157 epch:1.21 loss:0.005 grdn:0.328 lr:2.6e-06 updt_s:0.977 data_s:0.005 smp/s:8 mem_gb:31.43
Training:  95%|█████████▌| 4761/5000 [1:31:26<03:55,  1.02step/s]Training:  95%|█████████▌| 4762/5000 [1:31:27<03:53,  1.02step/s]Training:  95%|█████████▌| 4763/5000 [1:31:28<03:52,  1.02step/s]Training:  95%|█████████▌| 4764/5000 [1:31:29<03:51,  1.02step/s]Training:  95%|█████████▌| 4765/5000 [1:31:30<03:50,  1.02step/s]Training:  95%|█████████▌| 4766/5000 [1:31:31<03:49,  1.02step/s]Training:  95%|█████████▌| 4767/5000 [1:31:32<03:48,  1.02step/s]Training:  95%|█████████▌| 4768/5000 [1:31:33<03:48,  1.02step/s]Training:  95%|█████████▌| 4769/5000 [1:31:34<03:47,  1.02step/s]Training:  95%|█████████▌| 4770/5000 [1:31:35<03:46,  1.02step/s]INFO 2026-07-17 10:18:13 ot_train.py:677 step:5K smpl:38K ep:157 epch:1.22 loss:0.007 grdn:0.383 lr:2.6e-06 updt_s:0.976 data_s:0.005 smp/s:8 mem_gb:31.43
Training:  95%|█████████▌| 4771/5000 [1:31:36<03:45,  1.02step/s]Training:  95%|█████████▌| 4772/5000 [1:31:37<03:44,  1.02step/s]Training:  95%|█████████▌| 4773/5000 [1:31:38<03:42,  1.02step/s]Training:  95%|█████████▌| 4774/5000 [1:31:39<03:41,  1.02step/s]Training:  96%|█████████▌| 4775/5000 [1:31:40<03:40,  1.02step/s]Training:  96%|█████████▌| 4776/5000 [1:31:41<03:40,  1.02step/s]Training:  96%|█████████▌| 4777/5000 [1:31:42<03:38,  1.02step/s]Training:  96%|█████████▌| 4778/5000 [1:31:43<03:37,  1.02step/s]Training:  96%|█████████▌| 4779/5000 [1:31:44<03:36,  1.02step/s]Training:  96%|█████████▌| 4780/5000 [1:31:45<03:35,  1.02step/s]INFO 2026-07-17 10:18:23 ot_train.py:677 step:5K smpl:38K ep:157 epch:1.22 loss:0.013 grdn:0.520 lr:2.6e-06 updt_s:0.975 data_s:0.005 smp/s:8 mem_gb:31.43
Training:  96%|█████████▌| 4781/5000 [1:31:46<03:34,  1.02step/s]Training:  96%|█████████▌| 4782/5000 [1:31:47<03:33,  1.02step/s]Training:  96%|█████████▌| 4783/5000 [1:31:48<03:33,  1.02step/s]Training:  96%|█████████▌| 4784/5000 [1:31:49<03:32,  1.02step/s]Training:  96%|█████████▌| 4785/5000 [1:31:50<03:32,  1.01step/s]Training:  96%|█████████▌| 4786/5000 [1:31:51<03:31,  1.01step/s]Training:  96%|█████████▌| 4787/5000 [1:31:52<03:30,  1.01step/s]Training:  96%|█████████▌| 4788/5000 [1:31:53<03:28,  1.01step/s]Training:  96%|█████████▌| 4789/5000 [1:31:54<03:28,  1.01step/s]Training:  96%|█████████▌| 4790/5000 [1:31:55<03:26,  1.02step/s]INFO 2026-07-17 10:18:33 ot_train.py:677 step:5K smpl:38K ep:158 epch:1.22 loss:0.007 grdn:0.424 lr:2.6e-06 updt_s:0.979 data_s:0.005 smp/s:8 mem_gb:31.43
Training:  96%|█████████▌| 4791/5000 [1:31:56<03:25,  1.02step/s]Training:  96%|█████████▌| 4792/5000 [1:31:57<03:24,  1.02step/s]Training:  96%|█████████▌| 4793/5000 [1:31:58<03:22,  1.02step/s]Training:  96%|█████████▌| 4794/5000 [1:31:59<03:22,  1.02step/s]Training:  96%|█████████▌| 4795/5000 [1:32:00<03:21,  1.02step/s]Training:  96%|█████████▌| 4796/5000 [1:32:01<03:20,  1.02step/s]Training:  96%|█████████▌| 4797/5000 [1:32:02<03:19,  1.02step/s]Training:  96%|█████████▌| 4798/5000 [1:32:03<03:18,  1.02step/s]Training:  96%|█████████▌| 4799/5000 [1:32:04<03:16,  1.02step/s]Training:  96%|█████████▌| 4800/5000 [1:32:05<03:15,  1.02step/s]INFO 2026-07-17 10:18:43 ot_train.py:677 step:5K smpl:38K ep:158 epch:1.22 loss:0.007 grdn:0.410 lr:2.6e-06 updt_s:0.975 data_s:0.005 smp/s:8 mem_gb:31.43
Training:  96%|█████████▌| 4801/5000 [1:32:06<03:14,  1.02step/s]Training:  96%|█████████▌| 4802/5000 [1:32:06<03:14,  1.02step/s]Training:  96%|█████████▌| 4803/5000 [1:32:07<03:13,  1.02step/s]Training:  96%|█████████▌| 4804/5000 [1:32:08<03:12,  1.02step/s]Training:  96%|█████████▌| 4805/5000 [1:32:09<03:11,  1.02step/s]Training:  96%|█████████▌| 4806/5000 [1:32:10<03:10,  1.02step/s]Training:  96%|█████████▌| 4807/5000 [1:32:11<03:09,  1.02step/s]Training:  96%|█████████▌| 4808/5000 [1:32:12<03:07,  1.02step/s]Training:  96%|█████████▌| 4809/5000 [1:32:13<03:06,  1.02step/s]Training:  96%|█████████▌| 4810/5000 [1:32:14<03:06,  1.02step/s]INFO 2026-07-17 10:18:53 ot_train.py:677 step:5K smpl:38K ep:158 epch:1.23 loss:0.008 grdn:0.426 lr:2.6e-06 updt_s:0.975 data_s:0.005 smp/s:8 mem_gb:31.43
Training:  96%|█████████▌| 4811/5000 [1:32:15<03:05,  1.02step/s]Training:  96%|█████████▌| 4812/5000 [1:32:16<03:04,  1.02step/s]Training:  96%|█████████▋| 4813/5000 [1:32:17<03:03,  1.02step/s]Training:  96%|█████████▋| 4814/5000 [1:32:18<03:02,  1.02step/s]Training:  96%|█████████▋| 4815/5000 [1:32:19<03:01,  1.02step/s]Training:  96%|█████████▋| 4816/5000 [1:32:20<03:00,  1.02step/s]Training:  96%|█████████▋| 4817/5000 [1:32:21<03:00,  1.02step/s]Training:  96%|█████████▋| 4818/5000 [1:32:22<02:58,  1.02step/s]Training:  96%|█████████▋| 4819/5000 [1:32:23<02:57,  1.02step/s]Training:  96%|█████████▋| 4820/5000 [1:32:24<02:56,  1.02step/s]INFO 2026-07-17 10:19:02 ot_train.py:677 step:5K smpl:39K ep:159 epch:1.23 loss:0.008 grdn:0.448 lr:2.6e-06 updt_s:0.975 data_s:0.005 smp/s:8 mem_gb:31.43
Training:  96%|█████████▋| 4821/5000 [1:32:25<02:54,  1.03step/s]Training:  96%|█████████▋| 4822/5000 [1:32:26<02:53,  1.03step/s]Training:  96%|█████████▋| 4823/5000 [1:32:27<02:51,  1.03step/s]Training:  96%|█████████▋| 4824/5000 [1:32:28<02:51,  1.03step/s]Training:  96%|█████████▋| 4825/5000 [1:32:29<02:49,  1.03step/s]Training:  97%|█████████▋| 4826/5000 [1:32:30<02:48,  1.03step/s]Training:  97%|█████████▋| 4827/5000 [1:32:31<02:47,  1.03step/s]Training:  97%|█████████▋| 4828/5000 [1:32:32<02:46,  1.03step/s]Training:  97%|█████████▋| 4829/5000 [1:32:33<02:45,  1.03step/s]Training:  97%|█████████▋| 4830/5000 [1:32:34<02:45,  1.03step/s]INFO 2026-07-17 10:19:12 ot_train.py:677 step:5K smpl:39K ep:159 epch:1.23 loss:0.007 grdn:0.411 lr:2.6e-06 updt_s:0.964 data_s:0.005 smp/s:8 mem_gb:31.43
Training:  97%|█████████▋| 4831/5000 [1:32:35<02:44,  1.03step/s]Training:  97%|█████████▋| 4832/5000 [1:32:36<02:43,  1.03step/s]Training:  97%|█████████▋| 4833/5000 [1:32:37<02:42,  1.03step/s]Training:  97%|█████████▋| 4834/5000 [1:32:38<02:41,  1.03step/s]Training:  97%|█████████▋| 4835/5000 [1:32:39<02:39,  1.03step/s]Training:  97%|█████████▋| 4836/5000 [1:32:40<02:39,  1.03step/s]Training:  97%|█████████▋| 4837/5000 [1:32:41<02:38,  1.03step/s]Training:  97%|█████████▋| 4838/5000 [1:32:42<02:38,  1.02step/s]Training:  97%|█████████▋| 4839/5000 [1:32:43<02:36,  1.03step/s]Training:  97%|█████████▋| 4840/5000 [1:32:44<02:35,  1.03step/s]INFO 2026-07-17 10:19:22 ot_train.py:677 step:5K smpl:39K ep:159 epch:1.23 loss:0.006 grdn:0.354 lr:2.6e-06 updt_s:0.967 data_s:0.005 smp/s:8 mem_gb:31.43
Training:  97%|█████████▋| 4841/5000 [1:32:45<02:34,  1.03step/s]Training:  97%|█████████▋| 4842/5000 [1:32:46<02:33,  1.03step/s]Training:  97%|█████████▋| 4843/5000 [1:32:46<02:32,  1.03step/s]Training:  97%|█████████▋| 4844/5000 [1:32:47<02:31,  1.03step/s]Training:  97%|█████████▋| 4845/5000 [1:32:48<02:29,  1.03step/s]Training:  97%|█████████▋| 4846/5000 [1:32:54<06:03,  2.36s/step]Training:  97%|█████████▋| 4847/5000 [1:32:55<04:57,  1.94s/step]Training:  97%|█████████▋| 4848/5000 [1:32:56<04:11,  1.65s/step]Training:  97%|█████████▋| 4849/5000 [1:32:57<03:38,  1.45s/step]Training:  97%|█████████▋| 4850/5000 [1:32:58<03:15,  1.31s/step]INFO 2026-07-17 10:19:36 ot_train.py:677 step:5K smpl:39K ep:160 epch:1.24 loss:0.004 grdn:0.289 lr:2.6e-06 updt_s:1.428 data_s:0.005 smp/s:6 mem_gb:31.43
Training:  97%|█████████▋| 4851/5000 [1:32:59<02:59,  1.20s/step]Training:  97%|█████████▋| 4852/5000 [1:33:00<02:47,  1.13s/step]Training:  97%|█████████▋| 4853/5000 [1:33:01<02:39,  1.08s/step]Training:  97%|█████████▋| 4854/5000 [1:33:02<02:33,  1.05s/step]Training:  97%|█████████▋| 4855/5000 [1:33:03<02:28,  1.02s/step]Training:  97%|█████████▋| 4856/5000 [1:33:04<02:25,  1.01s/step]Training:  97%|█████████▋| 4857/5000 [1:33:05<02:23,  1.00s/step]Training:  97%|█████████▋| 4858/5000 [1:33:06<02:20,  1.01step/s]Training:  97%|█████████▋| 4859/5000 [1:33:07<02:18,  1.02step/s]Training:  97%|█████████▋| 4860/5000 [1:33:08<02:16,  1.03step/s]INFO 2026-07-17 10:19:46 ot_train.py:677 step:5K smpl:39K ep:160 epch:1.24 loss:0.007 grdn:0.350 lr:2.5e-06 updt_s:0.962 data_s:0.005 smp/s:8 mem_gb:31.43
Training:  97%|█████████▋| 4861/5000 [1:33:09<02:15,  1.03step/s]Training:  97%|█████████▋| 4862/5000 [1:33:10<02:13,  1.03step/s]Training:  97%|█████████▋| 4863/5000 [1:33:10<02:12,  1.04step/s]Training:  97%|█████████▋| 4864/5000 [1:33:11<02:10,  1.04step/s]Training:  97%|█████████▋| 4865/5000 [1:33:12<02:09,  1.04step/s]Training:  97%|█████████▋| 4866/5000 [1:33:13<02:08,  1.04step/s]Training:  97%|█████████▋| 4867/5000 [1:33:14<02:07,  1.04step/s]Training:  97%|█████████▋| 4868/5000 [1:33:15<02:06,  1.05step/s]Training:  97%|█████████▋| 4869/5000 [1:33:16<02:05,  1.04step/s]Training:  97%|█████████▋| 4870/5000 [1:33:17<02:04,  1.04step/s]INFO 2026-07-17 10:19:55 ot_train.py:677 step:5K smpl:39K ep:160 epch:1.24 loss:0.006 grdn:0.377 lr:2.5e-06 updt_s:0.953 data_s:0.004 smp/s:8 mem_gb:31.43
Training:  97%|█████████▋| 4871/5000 [1:33:18<02:03,  1.04step/s]Training:  97%|█████████▋| 4872/5000 [1:33:19<02:02,  1.05step/s]Training:  97%|█████████▋| 4873/5000 [1:33:20<02:01,  1.04step/s]Training:  97%|█████████▋| 4874/5000 [1:33:21<02:00,  1.04step/s]Training:  98%|█████████▊| 4875/5000 [1:33:22<01:59,  1.05step/s]Training:  98%|█████████▊| 4876/5000 [1:33:23<01:58,  1.04step/s]Training:  98%|█████████▊| 4877/5000 [1:33:24<01:57,  1.05step/s]Training:  98%|█████████▊| 4878/5000 [1:33:25<01:56,  1.05step/s]Training:  98%|█████████▊| 4879/5000 [1:33:26<01:55,  1.05step/s]Training:  98%|█████████▊| 4880/5000 [1:33:27<01:54,  1.04step/s]INFO 2026-07-17 10:20:05 ot_train.py:677 step:5K smpl:39K ep:161 epch:1.24 loss:0.005 grdn:0.298 lr:2.5e-06 updt_s:0.952 data_s:0.004 smp/s:8 mem_gb:31.43
Training:  98%|█████████▊| 4881/5000 [1:33:28<01:53,  1.05step/s]Training:  98%|█████████▊| 4882/5000 [1:33:29<01:53,  1.04step/s]Training:  98%|█████████▊| 4883/5000 [1:33:30<01:52,  1.04step/s]Training:  98%|█████████▊| 4884/5000 [1:33:31<01:51,  1.04step/s]Training:  98%|█████████▊| 4885/5000 [1:33:32<01:50,  1.04step/s]Training:  98%|█████████▊| 4886/5000 [1:33:33<01:50,  1.03step/s]Training:  98%|█████████▊| 4887/5000 [1:33:34<01:49,  1.03step/s]Training:  98%|█████████▊| 4888/5000 [1:33:34<01:48,  1.03step/s]Training:  98%|█████████▊| 4889/5000 [1:33:35<01:47,  1.03step/s]Training:  98%|█████████▊| 4890/5000 [1:33:36<01:46,  1.03step/s]INFO 2026-07-17 10:20:15 ot_train.py:677 step:5K smpl:39K ep:161 epch:1.25 loss:0.005 grdn:0.377 lr:2.5e-06 updt_s:0.962 data_s:0.005 smp/s:8 mem_gb:31.43
Training:  98%|█████████▊| 4891/5000 [1:33:37<01:45,  1.04step/s]Training:  98%|█████████▊| 4892/5000 [1:33:38<01:44,  1.03step/s]Training:  98%|█████████▊| 4893/5000 [1:33:39<01:43,  1.03step/s]Training:  98%|█████████▊| 4894/5000 [1:33:40<01:42,  1.03step/s]Training:  98%|█████████▊| 4895/5000 [1:33:41<01:41,  1.03step/s]Training:  98%|█████████▊| 4896/5000 [1:33:42<01:40,  1.03step/s]Training:  98%|█████████▊| 4897/5000 [1:33:43<01:39,  1.03step/s]Training:  98%|█████████▊| 4898/5000 [1:33:44<01:38,  1.03step/s]Training:  98%|█████████▊| 4899/5000 [1:33:45<01:38,  1.03step/s]Training:  98%|█████████▊| 4900/5000 [1:33:46<01:37,  1.03step/s]INFO 2026-07-17 10:20:24 ot_train.py:677 step:5K smpl:39K ep:161 epch:1.25 loss:0.006 grdn:0.356 lr:2.5e-06 updt_s:0.965 data_s:0.005 smp/s:8 mem_gb:31.43
Training:  98%|█████████▊| 4901/5000 [1:33:47<01:36,  1.03step/s]Training:  98%|█████████▊| 4902/5000 [1:33:48<01:35,  1.03step/s]Training:  98%|█████████▊| 4903/5000 [1:33:49<01:34,  1.03step/s]Training:  98%|█████████▊| 4904/5000 [1:33:50<01:33,  1.03step/s]Training:  98%|█████████▊| 4905/5000 [1:33:51<01:32,  1.03step/s]Training:  98%|█████████▊| 4906/5000 [1:33:52<01:31,  1.03step/s]Training:  98%|█████████▊| 4907/5000 [1:33:53<01:30,  1.03step/s]Training:  98%|█████████▊| 4908/5000 [1:33:54<01:29,  1.02step/s]Training:  98%|█████████▊| 4909/5000 [1:33:55<01:28,  1.02step/s]Training:  98%|█████████▊| 4910/5000 [1:33:56<01:27,  1.03step/s]INFO 2026-07-17 10:20:34 ot_train.py:677 step:5K smpl:39K ep:162 epch:1.25 loss:0.008 grdn:0.451 lr:2.5e-06 updt_s:0.967 data_s:0.005 smp/s:8 mem_gb:31.43
Training:  98%|█████████▊| 4911/5000 [1:33:57<01:26,  1.02step/s]Training:  98%|█████████▊| 4912/5000 [1:33:58<01:25,  1.02step/s]Training:  98%|█████████▊| 4913/5000 [1:33:59<01:24,  1.02step/s]Training:  98%|█████████▊| 4914/5000 [1:34:00<01:23,  1.03step/s]Training:  98%|█████████▊| 4915/5000 [1:34:01<01:22,  1.03step/s]Training:  98%|█████████▊| 4916/5000 [1:34:02<01:21,  1.03step/s]Training:  98%|█████████▊| 4917/5000 [1:34:03<01:20,  1.03step/s]Training:  98%|█████████▊| 4918/5000 [1:34:04<01:19,  1.03step/s]Training:  98%|█████████▊| 4919/5000 [1:34:05<01:19,  1.02step/s]Training:  98%|█████████▊| 4920/5000 [1:34:06<01:17,  1.03step/s]INFO 2026-07-17 10:20:44 ot_train.py:677 step:5K smpl:39K ep:162 epch:1.25 loss:0.005 grdn:0.307 lr:2.5e-06 updt_s:0.968 data_s:0.006 smp/s:8 mem_gb:31.43
Training:  98%|█████████▊| 4921/5000 [1:34:07<01:16,  1.03step/s]Training:  98%|█████████▊| 4922/5000 [1:34:08<01:15,  1.03step/s]Training:  98%|█████████▊| 4923/5000 [1:34:09<01:14,  1.03step/s]Training:  98%|█████████▊| 4924/5000 [1:34:09<01:14,  1.03step/s]Training:  98%|█████████▊| 4925/5000 [1:34:10<01:12,  1.03step/s]Training:  99%|█████████▊| 4926/5000 [1:34:11<01:11,  1.03step/s]Training:  99%|█████████▊| 4927/5000 [1:34:12<01:11,  1.03step/s]Training:  99%|█████████▊| 4928/5000 [1:34:13<01:10,  1.03step/s]Training:  99%|█████████▊| 4929/5000 [1:34:14<01:09,  1.03step/s]Training:  99%|█████████▊| 4930/5000 [1:34:15<01:08,  1.03step/s]INFO 2026-07-17 10:20:54 ot_train.py:677 step:5K smpl:39K ep:162 epch:1.26 loss:0.008 grdn:0.435 lr:2.5e-06 updt_s:0.967 data_s:0.005 smp/s:8 mem_gb:31.43
Training:  99%|█████████▊| 4931/5000 [1:34:16<01:07,  1.03step/s]Training:  99%|█████████▊| 4932/5000 [1:34:17<01:06,  1.02step/s]Training:  99%|█████████▊| 4933/5000 [1:34:18<01:05,  1.03step/s]Training:  99%|█████████▊| 4934/5000 [1:34:19<01:04,  1.03step/s]Training:  99%|█████████▊| 4935/5000 [1:34:20<01:03,  1.03step/s]Training:  99%|█████████▊| 4936/5000 [1:34:21<01:02,  1.03step/s]Training:  99%|█████████▊| 4937/5000 [1:34:22<01:01,  1.03step/s]Training:  99%|█████████▉| 4938/5000 [1:34:23<01:00,  1.03step/s]Training:  99%|█████████▉| 4939/5000 [1:34:26<01:35,  1.56s/step]Training:  99%|█████████▉| 4940/5000 [1:34:27<01:23,  1.39s/step]INFO 2026-07-17 10:21:05 ot_train.py:677 step:5K smpl:40K ep:163 epch:1.26 loss:0.007 grdn:0.411 lr:2.5e-06 updt_s:1.165 data_s:0.006 smp/s:7 mem_gb:31.43
Training:  99%|█████████▉| 4941/5000 [1:34:28<01:14,  1.26s/step]Training:  99%|█████████▉| 4942/5000 [1:34:29<01:08,  1.18s/step]Training:  99%|█████████▉| 4943/5000 [1:34:30<01:03,  1.11s/step]Training:  99%|█████████▉| 4944/5000 [1:34:31<01:00,  1.08s/step]Training:  99%|█████████▉| 4945/5000 [1:34:32<00:57,  1.04s/step]Training:  99%|█████████▉| 4946/5000 [1:34:33<00:55,  1.02s/step]Training:  99%|█████████▉| 4947/5000 [1:34:34<00:53,  1.01s/step]Training:  99%|█████████▉| 4948/5000 [1:34:35<00:51,  1.00step/s]Training:  99%|█████████▉| 4949/5000 [1:34:36<00:50,  1.01step/s]Training:  99%|█████████▉| 4950/5000 [1:34:37<00:49,  1.01step/s]INFO 2026-07-17 10:21:15 ot_train.py:677 step:5K smpl:40K ep:163 epch:1.26 loss:0.008 grdn:0.449 lr:2.5e-06 updt_s:0.969 data_s:0.005 smp/s:8 mem_gb:31.43
Training:  99%|█████████▉| 4951/5000 [1:34:38<00:48,  1.02step/s]Training:  99%|█████████▉| 4952/5000 [1:34:39<00:47,  1.02step/s]Training:  99%|█████████▉| 4953/5000 [1:34:40<00:46,  1.02step/s]Training:  99%|█████████▉| 4954/5000 [1:34:41<00:45,  1.02step/s]Training:  99%|█████████▉| 4955/5000 [1:34:42<00:43,  1.03step/s]Training:  99%|█████████▉| 4956/5000 [1:34:43<00:42,  1.03step/s]Training:  99%|█████████▉| 4957/5000 [1:34:44<00:41,  1.03step/s]Training:  99%|█████████▉| 4958/5000 [1:34:45<00:40,  1.03step/s]Training:  99%|█████████▉| 4959/5000 [1:34:46<00:39,  1.03step/s]Training:  99%|█████████▉| 4960/5000 [1:34:46<00:38,  1.03step/s]INFO 2026-07-17 10:21:25 ot_train.py:677 step:5K smpl:40K ep:163 epch:1.27 loss:0.007 grdn:0.397 lr:2.5e-06 updt_s:0.966 data_s:0.005 smp/s:8 mem_gb:31.43
Training:  99%|█████████▉| 4961/5000 [1:34:47<00:37,  1.04step/s]Training:  99%|█████████▉| 4962/5000 [1:34:48<00:36,  1.04step/s]Training:  99%|█████████▉| 4963/5000 [1:34:49<00:35,  1.04step/s]Training:  99%|█████████▉| 4964/5000 [1:34:50<00:34,  1.04step/s]Training:  99%|█████████▉| 4965/5000 [1:34:51<00:33,  1.04step/s]Training:  99%|█████████▉| 4966/5000 [1:34:52<00:32,  1.04step/s]Training:  99%|█████████▉| 4967/5000 [1:34:53<00:31,  1.04step/s]Training:  99%|█████████▉| 4968/5000 [1:34:54<00:30,  1.05step/s]Training:  99%|█████████▉| 4969/5000 [1:34:55<00:29,  1.04step/s]Training:  99%|█████████▉| 4970/5000 [1:34:56<00:28,  1.05step/s]INFO 2026-07-17 10:21:34 ot_train.py:677 step:5K smpl:40K ep:164 epch:1.27 loss:0.005 grdn:0.317 lr:2.5e-06 updt_s:0.951 data_s:0.004 smp/s:8 mem_gb:31.43
Training:  99%|█████████▉| 4971/5000 [1:34:57<00:27,  1.05step/s]Training:  99%|█████████▉| 4972/5000 [1:34:58<00:26,  1.04step/s]Training:  99%|█████████▉| 4973/5000 [1:34:59<00:25,  1.04step/s]Training:  99%|█████████▉| 4974/5000 [1:35:00<00:24,  1.05step/s]Training: 100%|█████████▉| 4975/5000 [1:35:01<00:23,  1.05step/s]Training: 100%|█████████▉| 4976/5000 [1:35:02<00:22,  1.05step/s]Training: 100%|█████████▉| 4977/5000 [1:35:03<00:21,  1.05step/s]Training: 100%|█████████▉| 4978/5000 [1:35:04<00:20,  1.05step/s]Training: 100%|█████████▉| 4979/5000 [1:35:05<00:20,  1.05step/s]Training: 100%|█████████▉| 4980/5000 [1:35:06<00:19,  1.05step/s]INFO 2026-07-17 10:21:44 ot_train.py:677 step:5K smpl:40K ep:164 epch:1.27 loss:0.005 grdn:0.306 lr:2.5e-06 updt_s:0.950 data_s:0.004 smp/s:8 mem_gb:31.43
Training: 100%|█████████▉| 4981/5000 [1:35:07<00:18,  1.05step/s]Training: 100%|█████████▉| 4982/5000 [1:35:08<00:17,  1.05step/s]Training: 100%|█████████▉| 4983/5000 [1:35:08<00:16,  1.05step/s]Training: 100%|█████████▉| 4984/5000 [1:35:09<00:15,  1.05step/s]Training: 100%|█████████▉| 4985/5000 [1:35:10<00:14,  1.05step/s]Training: 100%|█████████▉| 4986/5000 [1:35:11<00:13,  1.05step/s]Training: 100%|█████████▉| 4987/5000 [1:35:12<00:12,  1.04step/s]Training: 100%|█████████▉| 4988/5000 [1:35:13<00:11,  1.04step/s]Training: 100%|█████████▉| 4989/5000 [1:35:14<00:10,  1.04step/s]Training: 100%|█████████▉| 4990/5000 [1:35:15<00:09,  1.05step/s]INFO 2026-07-17 10:21:53 ot_train.py:677 step:5K smpl:40K ep:164 epch:1.27 loss:0.011 grdn:0.529 lr:2.5e-06 updt_s:0.951 data_s:0.004 smp/s:8 mem_gb:31.43
Training: 100%|█████████▉| 4991/5000 [1:35:16<00:08,  1.05step/s]Training: 100%|█████████▉| 4992/5000 [1:35:17<00:07,  1.05step/s]Training: 100%|█████████▉| 4993/5000 [1:35:18<00:06,  1.05step/s]Training: 100%|█████████▉| 4994/5000 [1:35:19<00:05,  1.05step/s]Training: 100%|█████████▉| 4995/5000 [1:35:20<00:04,  1.05step/s]Training: 100%|█████████▉| 4996/5000 [1:35:21<00:03,  1.05step/s]Training: 100%|█████████▉| 4997/5000 [1:35:22<00:02,  1.05step/s]Training: 100%|█████████▉| 4998/5000 [1:35:23<00:01,  1.05step/s]Training: 100%|█████████▉| 4999/5000 [1:35:24<00:00,  1.05step/s]Training: 100%|██████████| 5000/5000 [1:35:25<00:00,  1.04step/s]INFO 2026-07-17 10:22:03 ot_train.py:677 step:5K smpl:40K ep:165 epch:1.28 loss:0.006 grdn:0.367 lr:2.5e-06 updt_s:0.950 data_s:0.004 smp/s:8 mem_gb:31.43
INFO 2026-07-17 10:22:03 ot_train.py:722 Checkpoint policy after step 5000
Training: 100%|██████████| 5000/5000 [1:35:54<00:00,  1.15s/step]
INFO 2026-07-17 10:22:32 ot_train.py:808 End of training
